name,latitude,longitude,category,destination,description,products,priceFromVnd,available,starRating,url,imageUrl,locationSource,locationPrecision,warning,googleMapsUrl,placeKey
Vinpearl Hotel Bắc Ninh,21.168041,106.046335,Khách sạn 5★,Bắc Ninh,"6 hạng phòng · từ 3.690.000₫/đêm · Km 1+200, đường Trần Hưng Đạo, Quận Kinh Bắc, Tỉnh Bắc Ninh, Việt Nam",7,3690000,true,5,https://vinpearl.com/vi/hotels/vinpearl-hotel-bac-ninh,https://booking-static.vinpearl.com/hotels/766bc6a7c0dd45e1ac5f015e2f159763_lobby%2020240521.jpg,vinpearl,exact,,https://www.google.com/maps/search/?api=1&query=21.168041%2C106.046335,hotel:707194e9-97be-59a0-9398-4e90cea4e114
1995S Hostel,16.470028,107.595055,Khách sạn 5★,Huế,"khách sạn · từ 573.958₫/đêm · 16 Chu Văn An, Ph Hội, Thành phố Huế, Huế",1,573958,true,5,https://www.agoda.com/vi-vn/1995s-hostel/hotel/hue-vn.html,https://pix8.agoda.net/hotelImages/64861936/0/1127fd7bb1465bcb461882c7330dd485.jpg?va=1&ce=0&s=1024x768,agoda.com,exact,,https://www.google.com/maps/search/?api=1&query=16.470028%2C107.595055,hotel:8cd50659-3492-5a50-a70d-0d93427539f1
Amy 2 Hostel Hue,16.47024,107.596515,Khách sạn,Huế,"3 hạng phòng · từ 180.000₫/đêm · 10/26 Vo Thi Sau, Huế, Việt Nam",4,180000,true,,https://www.booking.com/hotel/vn/amy2hostel.vi.html,https://cf.bstatic.com/xdata/images/hotel/max1024x768/487665501.jpg?k=86d2a061087d25510159de1ca9f0149ffbca85eaf173fc44971ade3f0cd707b1&o=&hp=1,booking.com,exact,,https://www.google.com/maps/search/?api=1&query=16.470240%2C107.596515,hotel:880da97f-a68e-5c22-bc20-e0c22abdba40
Angsana Lang Co,16.339434,107.95446,Khách sạn 5★,Huế,"3 hạng phòng · từ 3.792.510₫/đêm · Canh Duong Village, Chan May - Lang Co Commune, Hue City, Huế, Việt Nam",4,3792510,true,5,https://www.booking.com/hotel/vn/angsana-lang-co.vi.html,https://cf.bstatic.com/xdata/images/hotel/max1024x768/157218914.jpg?k=6b3f3030eff5daa90f1336497c6bd3cc633f9f4693cccdc15f39105d40e15d3e&o=&hp=1,booking.com,exact,,https://www.google.com/maps/search/?api=1&query=16.339434%2C107.954460,hotel:e2fa8086-6d65-5af3-b1fe-07bc1284ea6f
Banyan Tree Lang Co,16.337995,107.95346,Khách sạn 5★,Huế,"3 hạng phòng · từ 10.540.434₫/đêm · Canh Duong Village, Chan May - Lang Co Commune, Hue City, Huế, Việt Nam",4,10540434,true,5,https://www.booking.com/hotel/vn/banyan-tree-lang-co.vi.html,https://cf.bstatic.com/xdata/images/hotel/max1024x768/650103459.jpg?k=cf600de2cbbd65609e222c8258df23b3e625307e080a8c4176ef5eacc6d67d32&o=&hp=1,booking.com,exact,,https://www.google.com/maps/search/?api=1&query=16.337995%2C107.953460,hotel:78b85e93-05f4-5b50-a072-876606eb6b06
Cherish Hue Hotel,16.465488,107.594749,Khách sạn 4★,Huế,"khách sạn · từ 1.071.429₫/đêm · 57 Bến Nghé, Thành phố Huế, Huế",1,1071429,true,4,https://www.agoda.com/vi-vn/cherish-hue-hotel/hotel/hue-vn.html,https://pix6.agoda.net/hotelImages/108/108217/108217_16052608290042731703.jpg?va=1&ca=6&ce=1&s=1024x768,agoda.com,exact,,https://www.google.com/maps/search/?api=1&query=16.465488%2C107.594749,hotel:a7ab2a29-406c-57c1-96ac-f56a906ee350
Collection O Queen Hotel Central Hue,16.474854,107.59523,Khách sạn 2★,Huế,"khách sạn · từ 685.064₫/đêm · 09 Nguyen Sinh Cung, Vy Da, Hue, Hue, Sông Hương, Huế",1,685064,true,2,https://www.agoda.com/vi-vn/queens-motel/hotel/hue-vn.html,https://pix8.agoda.net/hotelImages/94914026/0/46fa543dc41f328c6757a43545ac4ac0.jpeg?va=1&ce=3&s=1024x768,agoda.com,exact,,https://www.google.com/maps/search/?api=1&query=16.474854%2C107.595230,hotel:217922e3-e70d-5f05-9bfa-9507e8c67c94
CONIHOUSE - Homestay & Villa,16.483337,107.613144,Khách sạn 5★,Huế,"khách sạn · từ 413.603₫/đêm · Th nh Phố Huế, Thành phố Huế, Huế",1,413603,true,5,https://www.agoda.com/vi-vn/conihouse-homestay-villa/hotel/hue-vn.html,https://pix8.agoda.net/hotelImages/67098247/0/4b6082648a973153d310c0204acf8c56.jpg?va=1&ce=2&s=1024x768,agoda.com,exact,,https://www.google.com/maps/search/?api=1&query=16.483337%2C107.613144,hotel:3c66729f-a2d5-5047-a0fc-84f40804cd9c
Eldora Hotel,16.46483,107.594465,Khách sạn 4.5★,Huế,"khách sạn · từ 1.388.889₫/đêm · 60 Ben Nghe, Thành phố Huế, Huế",1,1388889,true,4.5,https://www.agoda.com/vi-vn/eldora-hotel/hotel/hue-vn.html,https://pix6.agoda.net/hotelImages/569/569020/569020_15061915190030043115.jpg?va=1&ca=4&ce=1&s=1024x768,agoda.com,exact,,https://www.google.com/maps/search/?api=1&query=16.464830%2C107.594465,hotel:1803ca73-5cd3-532a-b30f-138dd3b9888d
EMM Hotel Hue,16.463029,107.59089,Khách sạn,Huế,"khách sạn · từ 1.042.769₫/đêm · 15 Ly Thuong Kiet, Thành phố Huế, Huế",1,1042769,true,,https://www.agoda.com/vi-vn/emm-hotel-hue_2/hotel/hue-vn.html,https://pix6.agoda.net/hotelImages/1409886/-1/f1196e2f57e8e0014c11246a7786ab3e.jpg?va=1&ce=0&s=1024x768,agoda.com,exact,,https://www.google.com/maps/search/?api=1&query=16.463029%2C107.590890,hotel:f2da0f67-373e-57a3-aeae-ebbd0194768c
Fusion Point Hotel Huế,16.464595,107.595529,Khách sạn 3★,Huế,"3 hạng phòng · từ 362.700₫/đêm · 37B Trần Quang Khải, Phường Phú Hội, Quận Thuận Hóa, Thành Phố Huế, Việt Nam, Huế, Việt Nam",4,362700,true,3,https://www.booking.com/hotel/vn/fusion-point-grand.vi.html,https://cf.bstatic.com/xdata/images/hotel/max1024x768/739207852.jpg?k=008cea64883f5d5d5854da662ecd3135eda218a9817f5c00cd80ade6d614ac17&o=&hp=1,booking.com,exact,,https://www.google.com/maps/search/?api=1&query=16.464595%2C107.595529,hotel:b4cef5ec-c414-563e-bbd5-7685ea3353e6
Gahi Homestay,16.456464,107.6047,Khách sạn,Huế,"3 hạng phòng · từ 1.000.000₫/đêm · 103 Đặng Văn Ngữ, Huế, Việt Nam",4,1000000,true,,https://www.booking.com/hotel/vn/gahi-homestay-hue3.vi.html,https://cf.bstatic.com/xdata/images/hotel/max1024x768/596323402.jpg?k=fe7bae8b05afd9846771fd6befb938ddbc6c755ad4cd7e3ccc6ff7070eb62276&o=&hp=1,booking.com,exact,,https://www.google.com/maps/search/?api=1&query=16.456464%2C107.604700,hotel:1c89b9d5-4a91-5acb-8083-0fdf4b28a174
Hachi Homestay Spa,16.445848,107.535942,Khách sạn 5★,Huế,"khách sạn · từ 1.515.002₫/đêm · số 16 kiệt 18 Th n Văn Nhiếp, Sông Hương, Huế",1,1515002,true,5,https://www.agoda.com/vi-vn/hachi-homestay-spa/hotel/hue-vn.html,https://pix8.agoda.net/hotelImages/30095600/-1/114548e4d716731c678332fd6a46ef2d.jpg?va=1&ca=27&ce=0&s=1024x768,agoda.com,exact,,https://www.google.com/maps/search/?api=1&query=16.445848%2C107.535942,hotel:6d777684-8021-5494-a3c7-c4d46e3ae20d
Homestay WINPI (WINPI Homestay),16.494234,107.59387,Khách sạn 1★,Huế,"khách sạn · 25 kiệt 40 Nguyễn Sinh Cung, Sông Hương, Huế",1,,false,1,https://www.agoda.com/vi-vn/winpi-homestay/hotel/hue-vn.html,https://pix8.agoda.net/hotelImages/77571534/0/e59f684e6193e18e293fc86bac8279c4.jpg?va=1&ce=3&s=1024x768,agoda.com,exact,,https://www.google.com/maps/search/?api=1&query=16.494234%2C107.593870,hotel:8881b34c-170c-5b18-9196-7bb0d47ac094
Hue Imperial Hostel,16.469565,107.594681,Khách sạn,Huế,"3 hạng phòng · từ 173.880₫/đêm · 10 Hẻm 66 Lê Lợi, Huế, Việt Nam",4,173880,true,,https://www.booking.com/hotel/vn/hue-imperial-hostel.vi.html,https://cf.bstatic.com/xdata/images/hotel/max1024x768/755686258.jpg?k=e77f01fdfc86d43de9e8510e76ff61598e6b428a0d719f4e111df7a257f51b98&o=&hp=1,booking.com,exact,,https://www.google.com/maps/search/?api=1&query=16.469565%2C107.594681,hotel:93961b35-21c4-503f-aab0-5bcc3ab989a8
Hue River Side Villa,16.472874,107.596321,Khách sạn 4★,Huế,"3 hạng phòng · từ 1.147.500₫/đêm · No 16, Lane 7, Nguyen Cong Tru street, Hue city, Huế, Việt Nam",4,1147500,true,4,https://www.booking.com/hotel/vn/hue-river-side-villa.vi.html,https://cf.bstatic.com/xdata/images/hotel/max1024x768/610119648.jpg?k=e529a235e7c2e84edd584527ebcccba318c82be008de81d7798c607c2bbea829&o=&hp=1,booking.com,exact,,https://www.google.com/maps/search/?api=1&query=16.472874%2C107.596321,hotel:d5be1d9d-c833-5f65-a352-fa9a21938d45
Hue Serene Palace Hotel,16.470437,107.597477,Khách sạn 2★,Huế,"3 hạng phòng · từ 712.800₫/đêm · 21 Kiệt 42 Nguyễn Công Trứ, 530000 Huế, Việt Nam",4,712800,true,2,https://www.booking.com/hotel/vn/palace-thanh-pho-hue.vi.html,https://cf.bstatic.com/xdata/images/hotel/max1024x768/916076422.jpg?k=529783fdca2d29da6e8d285bc062814faa6f06ff1761b0816ae4dfba169f3b74&o=&hp=1,booking.com,exact,,https://www.google.com/maps/search/?api=1&query=16.470437%2C107.597477,hotel:62b6a895-960a-54c3-a61b-55eab2dfedeb
Hue Sweethouse 2 Homestay,16.471645,107.596876,Khách sạn,Huế,"3 hạng phòng · từ 519.000₫/đêm · 17 Lane 33 Nguyen Cong Tru, Huế, Việt Nam",4,519000,true,,https://www.booking.com/hotel/vn/hue-sweethouse-homestay-2.vi.html,https://cf.bstatic.com/xdata/images/hotel/max1024x768/372324724.jpg?k=89284214f51fd5a431767eb71968f5fdf6d7b84627c97698899c91de2f0975e9&o=&hp=1,booking.com,exact,,https://www.google.com/maps/search/?api=1&query=16.471645%2C107.596876,hotel:a170eca5-07e4-58ad-81c9-9f9c6a6645b0
Huong Giang Hotel Resort & Spa,16.471903,107.59477,Khách sạn 4★,Huế,"khách sạn · từ 936.949₫/đêm · 51 Lê Lợi, Phường Thuận Hóa, Thành phố Huế, Việt Nam, Sông Hương, Huế",1,936949,true,4,https://www.agoda.com/vi-vn/huong-giang-hotel-resort-spa/hotel/hue-vn.html,https://pix6.agoda.net/hotelImages/11002/0/92e368ad2d1b727edcc0f8e98e6975f1.png?va=1&ce=3&s=1024x768,agoda.com,exact,,https://www.google.com/maps/search/?api=1&query=16.471903%2C107.594770,hotel:e920b138-3c4e-51fa-99d1-10e87c683640
Indochine Palace Hotel,16.460318,107.597954,Khách sạn 5★,Huế,"khách sạn · từ 1.542.328₫/đêm · 105A H ng Vương, Phường Thuận H a, Th nh phố Huế, Việt Nam, Thành phố Huế, Huế",1,1542328,true,5,https://www.agoda.com/vi-vn/indochine-palace-hotel/hotel/hue-vn.html,https://pix6.agoda.net/hotelImages/223212/0/291965ead508870b02c78dc5ca98cf7a.jpg?va=1&ce=2&s=1024x768,agoda.com,exact,,https://www.google.com/maps/search/?api=1&query=16.460318%2C107.597954,hotel:d75eacc1-f290-5bb6-a3dd-5960a680421e
Khách sạn Alba Spa (Alba Spa Hotel),16.464935,107.595451,Khách sạn 3.5★,Huế,"khách sạn · từ 1.095.238₫/đêm · 29 Trần Quang Khải, Tp. Huế, Thành phố Huế, Huế",1,1095238,true,3.5,https://www.agoda.com/vi-vn/alba-spa-hotel/hotel/hue-vn.html,https://pix6.agoda.net/hotelImages/239775/0/df3aac47003da0aa704df544b753b063.jpg?va=1&ce=3&s=1024x768,agoda.com,exact,,https://www.google.com/maps/search/?api=1&query=16.464935%2C107.595451,hotel:0b460c8e-b68f-5c2e-9c9a-695c30431f31
Khách sạn Bailey Huế (Bailey Hotel Hue),16.470329,107.596316,Khách sạn,Huế,"khách sạn · từ 556.364₫/đêm · 5/28, Thành phố Huế, Huế",1,556364,true,,https://www.agoda.com/vi-vn/bailey-hotel-hue/hotel/huong-tra-vn.html,https://pix6.agoda.net/hotelImages/83129371/0/3829ca56a50436914c8e8feacb1d1892.jpg?va=1&ce=3&s=1024x768,agoda.com,exact,,https://www.google.com/maps/search/?api=1&query=16.470329%2C107.596316,hotel:5c16ae5f-d790-5018-aa05-8fb75291937d
Khách sạn Century Riverside Huế (Century Riverside Hotel Hue),16.470469,107.593848,Khách sạn 4★,Huế,"khách sạn · từ 888.007₫/đêm · 49 Lê Lợi, Tp. Huế, Sông Hương, Huế",1,888007,true,4,https://www.agoda.com/vi-vn/century-riverside-hue-hotel/hotel/hue-vn.html,https://pix6.agoda.net/hotelImages/10999/-1/6e8c48a778460a49d66b922ba05068ee.jpg?va=1&ca=20&ce=1&s=1024x768,agoda.com,exact,,https://www.google.com/maps/search/?api=1&query=16.470469%2C107.593848,hotel:5fdc8e48-79d8-5024-93d6-0c59e23eb294
Khách sạn Kha (Kha Hostel ),16.469232,107.595132,Khách sạn 2★,Huế,"khách sạn · từ 383.563₫/đêm · 5 kiet 29 Võ Thị Sáu tổ 11, Thành phố Huế, Huế",1,383563,true,2,https://www.agoda.com/vi-vn/kha-hotel_2/hotel/hue-vn.html,https://pix8.agoda.net/hotelImages/2985061/0/7bee7735ec79d24a6a640c5b5ff2ff1d.jpg?va=1&ce=2&s=1024x768,agoda.com,exact,,https://www.google.com/maps/search/?api=1&query=16.469232%2C107.595132,hotel:ddd259b7-c7bd-563a-8535-7439878fa42e
Khách sạn La Vela Huế (LA VELA HUE HOTEL),16.448122,107.617676,Khách sạn 5★,Huế,"khách sạn · từ 1.184.303₫/đêm · 17, Đường số 22 Khu đô thị Đông Nam Thủy An, Phường Thanh Thủy, Thành phố Huế, Thành phố Huế, Huế",1,1184303,true,5,https://www.agoda.com/vi-vn/la-vela-hue-hotel/hotel/hue-vn.html,https://pix6.agoda.net/hotelImages/34198470/0/b5e110271aaa5267e0c486d33e618361.jpg?va=1&ce=2&s=1024x768,agoda.com,exact,,https://www.google.com/maps/search/?api=1&query=16.448122%2C107.617676,hotel:a51556f0-1a24-5a8e-a672-e02728e83f06
Khách sạn TTC Imperial (TTC Imperial Hotel),16.46611,107.591888,Khách sạn 5★,Huế,"khách sạn · từ 2.047.619₫/đêm · 8 Hung Vuong, Phuong Thuan Hoa, TP Hue, Viet Nam, Thành phố Huế, Huế",1,2047619,true,5,https://www.agoda.com/vi-vn/imperial-hotel-hue/hotel/hue-vn.html,https://pix6.agoda.net/hotelImages/70624/0/b15ff17a1c7c177a978586e1a0a178e6.jpg?va=1&ce=2&s=1024x768,agoda.com,exact,,https://www.google.com/maps/search/?api=1&query=16.466110%2C107.591888,hotel:2d0d8449-5662-52ce-a233-ac50b1daa501
Khu nghỉ dưỡng bãi biển Lapochine (Trước đây là Ana Mandara Huế) (Lapochine Beach Resort (Formerly Ana Mandara Hue)),16.560558,107.65181,Khách sạn 4.5★,Huế,"khách sạn · Làng An Hải, thị trấn Thuận An, Thừa Thiên Huế, Bãi biển Thuận An, Huế",1,,false,4.5,https://www.agoda.com/vi-vn/ana-mandara-hue-beach-resort/hotel/hue-vn.html,https://pix6.agoda.net/hotelImages/247/247599/247599_14012017580018109916.jpg?va=1&ca=2&ce=1&s=1024x768,agoda.com,exact,,https://www.google.com/maps/search/?api=1&query=16.560558%2C107.651810,hotel:d748ae28-b02a-51bd-8f95-bc1411440799
KLy Apartment Hotel,16.464739,107.592857,Khách sạn 3★,Huế,"3 hạng phòng · từ 450.000₫/đêm · 36 Nguyễn Tri Phương, Huế, Việt Nam",4,450000,true,3,https://www.booking.com/hotel/vn/meta-apartment.vi.html,https://cf.bstatic.com/xdata/images/hotel/max1024x768/570036603.jpg?k=d4197bbfc0fccf057785c043c48c104ec4aab0e6224bbaeee36ea4a3fd414abd&o=&hp=1,booking.com,exact,,https://www.google.com/maps/search/?api=1&query=16.464739%2C107.592857,hotel:279a06fc-f3cd-5bbd-8006-f9a1731915d2
Madam Thu House,16.46905,107.593385,Khách sạn 3★,Huế,"3 hạng phòng · từ 288.000₫/đêm · 2/5 Đội Cung, Huế, Việt Nam",4,288000,true,3,https://www.booking.com/hotel/vn/madam-thu-house.vi.html,https://cf.bstatic.com/xdata/images/hotel/max1024x768/774159039.jpg?k=b91eef07ff7ea72cee4b66106396bd430207df93be0f34725cdc38064a583b46&o=&hp=1,booking.com,exact,,https://www.google.com/maps/search/?api=1&query=16.469050%2C107.593385,hotel:17682aed-8323-5a64-a3a5-f7d2c88186c2
Meliá Vinpearl Hue,16.463065,107.594394,Khách sạn 5★,Huế,"3 hạng phòng · từ 1.816.123₫/đêm · 50A Hung Vuong Street, Phu Nhuan Ward, Huế, Việt Nam",4,1816123,true,5,https://www.booking.com/hotel/vn/melia-vinpearl-hue-hotel.vi.html,https://cf.bstatic.com/xdata/images/hotel/max1024x768/895730525.jpg?k=ca5c9f3a737f04e435fa4f9dbd9611d61f740badbd21d02e8fa831ade568fdce&o=&hp=1,booking.com,exact,,https://www.google.com/maps/search/?api=1&query=16.463065%2C107.594394,hotel:e0210336-ca45-5303-9a67-b7e633d54e3a
Moonlight Hotel Hue,16.469341,107.594307,Khách sạn 4★,Huế,"khách sạn · từ 1.102.293₫/đêm · 20 Phạm Ngũ Lão, Thành phố Huế, Huế",1,1102293,true,4,https://www.agoda.com/vi-vn/moonlight-hotel-hue/hotel/hue-vn.html,https://pix6.agoda.net/hotelImages/412/412648/412648_13060809180012724413.jpg?va=1&ca=0&ce=1&s=1024x768,agoda.com,exact,,https://www.google.com/maps/search/?api=1&query=16.469341%2C107.594307,hotel:0e1ffe78-41be-5b34-a933-35626f4b973a
Pilgrimage Village Resort & Spa,16.435401,107.580603,Khách sạn 5★,Huế,"3 hạng phòng · từ 2.406.096₫/đêm · 130 Minh Mang Road, Huế, Việt Nam",4,2406096,true,5,https://www.booking.com/hotel/vn/pilgrimage-village-hue-boutique-resort-spa.vi.html,https://cf.bstatic.com/xdata/images/hotel/max1024x768/890071485.jpg?k=78ac4eb5ee323221759424ec2545762b9c2b72b33e9b20e82eeeab2cdef8ffc5&o=&hp=1,booking.com,exact,,https://www.google.com/maps/search/?api=1&query=16.435401%2C107.580603,hotel:a44c52e0-df7b-51c3-bb0b-f87e040211e1
Senna Hue Hotel,16.465979,107.59402,Khách sạn,Huế,"3 hạng phòng · từ 1.619.905₫/đêm · 7 Nguyễn Tri Phương, phường Phú Hội, Huế, Việt Nam",4,1619905,true,,https://www.booking.com/hotel/vn/senna-hue.vi.html,https://cf.bstatic.com/xdata/images/hotel/max1024x768/612439753.jpg?k=0d4c2bb495b0045cceef22b470ae89e6f6489a8ab6031518144fde6cbae71962&o=&hp=1,booking.com,exact,,https://www.google.com/maps/search/?api=1&query=16.465979%2C107.594020,hotel:736b5960-0347-5213-b353-985b07ec59f7
Shine Home,16.480412,107.598772,Khách sạn 1★,Huế,"3 hạng phòng · từ 389.000₫/đêm · 6/12 Nguyễn Khoa Vy 4, Huế, Việt Nam",4,389000,true,1,https://www.booking.com/hotel/vn/shine-home-hue.vi.html,https://cf.bstatic.com/xdata/images/hotel/max1024x768/901882814.jpg?k=9c84c469a4e1e109c05d3b9c2053b5b58192dd89f7ac710e84afee42a196b314&o=&hp=1,booking.com,exact,,https://www.google.com/maps/search/?api=1&query=16.480412%2C107.598772,hotel:56a10493-b763-547b-966e-eb17d859e237
SOL Center Hotel,16.468554,107.594078,Khách sạn 3★,Huế,"3 hạng phòng · từ 431.244₫/đêm · 23 Đội Cung, Huế, Việt Nam",4,431244,true,3,https://www.booking.com/hotel/vn/sol-center.vi.html,https://cf.bstatic.com/xdata/images/hotel/max1024x768/722798998.jpg?k=7fea194ca0375c50d8514fa06788a5354f81779e3a306063922d92c3067eda9d&o=&hp=1,booking.com,exact,,https://www.google.com/maps/search/?api=1&query=16.468554%2C107.594078,hotel:06e27af3-bbb8-5d73-9916-c9c5425f460c
"Thanh Huong Homestay Số 7 Hẻm 41 Đường Ngô Quyền, Phường Vĩnh Ninh, Thành phố Huế",16.463187,107.589817,Khách sạn,Huế,"2 hạng phòng · từ 237.500₫/đêm · 41/7 Ngo Quyen, Hue, Huế, Việt Nam",3,237500,true,,https://www.booking.com/hotel/vn/thanhhuong-homstay.vi.html,https://cf.bstatic.com/xdata/images/hotel/max1024x768/147272039.jpg?k=ebb9da60e810cee723020b4f7fd276ee53acf7b8fc76f7ce1f9a79716247b637&o=&hp=1,booking.com,exact,,https://www.google.com/maps/search/?api=1&query=16.463187%2C107.589817,hotel:dac1635d-0fea-5a2f-a85b-54d55fce8f76
Thong Dong Quán Boutique Hotel Hue,16.469932,107.594032,Khách sạn 4★,Huế,"3 hạng phòng · từ 883.500₫/đêm · 1 Phạm Ngũ Lão Thuận Hóa Ward, 520000 Huế, Việt Nam",4,883500,true,4,https://www.booking.com/hotel/vn/thongdong-quan-boutique-hue.vi.html,https://cf.bstatic.com/xdata/images/hotel/max1024x768/792748760.jpg?k=bce4bbf95cee4b511d9994295452bb692a5c651b05c2887a4aee2f72ebda8573&o=&hp=1,booking.com,exact,,https://www.google.com/maps/search/?api=1&query=16.469932%2C107.594032,hotel:82dac6d3-ad0f-5064-beaf-c42422724901
TN Hue Dorm,16.469236,107.594444,Khách sạn 2★,Huế,"khách sạn · từ 191.982₫/đêm · 26 Phạm Ngũ Lão, Phú Hội, Thành phố Huế, Huế",1,191982,true,2,https://www.agoda.com/vi-vn/tn-hue-dorm/hotel/hue-vn.html,https://pix6.agoda.net/hotelImages/80171166/0/f70ef8221f435d28b480c7a99d4d1e3c.jpeg?va=1&ce=2&s=1024x768,agoda.com,exact,,https://www.google.com/maps/search/?api=1&query=16.469236%2C107.594444,hotel:5e9b5a5a-c52a-566e-8791-7fd6a560e210
Vina Vintage Hotel,16.469963,107.593393,Khách sạn 3★,Huế,"3 hạng phòng · từ 382.950₫/đêm · 3/66 Lê Lợi, 531150 Huế, Việt Nam",4,382950,true,3,https://www.booking.com/hotel/vn/vina-vintage.vi.html,https://cf.bstatic.com/xdata/images/hotel/max1024x768/760978480.jpg?k=64c0063bc2ede3fb55fa366258713667b3f56a9bed32bcac8439a19d29ca9783&o=&hp=1,booking.com,exact,,https://www.google.com/maps/search/?api=1&query=16.469963%2C107.593393,hotel:058f75df-b218-5316-88d9-c0d8611a514c
White Lotus Hue Hotel,16.465288,107.590719,Khách sạn 4★,Huế,"3 hạng phòng · từ 1.223.050₫/đêm · 05-07 Hoang Hoa Tham street, Phu Nhuan Ward, Huế, Việt Nam",4,1223050,true,4,https://www.booking.com/hotel/vn/white-lotus-amp-convention-center-hue.vi.html,https://cf.bstatic.com/xdata/images/hotel/max1024x768/295617185.jpg?k=20f25315b4fc2e2abeb69d0a9875ce799454ff2f6e7f4f0d50989fa9529566f3&o=&hp=1,booking.com,exact,,https://www.google.com/maps/search/?api=1&query=16.465288%2C107.590719,hotel:186f0295-6466-5709-8206-f5d30d4a1fb9
151 Le Duan Hotel,21.021799,105.841615,Khách sạn 4★,Hà Nội,"3 hạng phòng · từ 2.000.000₫/đêm · 151F Đ. Lê Duẩn Nha Khach 151 Le Duan, Hà Nội, Việt Nam",4,2000000,true,4,https://www.booking.com/hotel/vn/151-le-duan.vi.html,https://cf.bstatic.com/xdata/images/hotel/max1024x768/915648282.jpg?k=35efa381a9309e56217946660f7203c6718197124100dcebcc225d818791a9a6&o=&hp=1,booking.com,exact,,https://www.google.com/maps/search/?api=1&query=21.021799%2C105.841615,hotel:1eba6518-eee3-53ae-9fc6-cd1090197606
"AN25 Kim Ma Apartment, Doi Can, Ha Noi",21.033945,105.821281,Khách sạn,Hà Nội,"2 hạng phòng · từ 360.000₫/đêm · 26 Ng. 210 P. Đội Cấn 18A, Hà Nội, Việt Nam",3,360000,true,,https://www.booking.com/hotel/vn/an-25-kim-ma-apartment.vi.html,https://cf.bstatic.com/xdata/images/hotel/max1024x768/896907331.jpg?k=d5d27eec81e5f4918b061bbaea3265e74cf5ec755e1af5e27170eb683a020390&o=&hp=1,booking.com,exact,,https://www.google.com/maps/search/?api=1&query=21.033945%2C105.821281,hotel:578e624f-20f1-5c9a-8c45-b5b721a34b34
Apricot Hotel,21.027977,105.851227,Khách sạn 5★,Hà Nội,"khách sạn · từ 3.390.476₫/đêm · 136 Hàng Trống, Quận Hoàn Kiếm, Hà Nội",1,3390476,true,5,https://www.agoda.com/vi-vn/apricot-hotel/hotel/hanoi-vn.html,https://pix6.agoda.net/hotelImages/775/775065/775065_15090111140035482301.jpg?va=1&ca=5&ce=1&s=1024x768,agoda.com,exact,,https://www.google.com/maps/search/?api=1&query=21.027977%2C105.851227,hotel:7a04cee4-3648-50ed-b89f-0c41e4c1bf1b
Căn hộ cao cấp Palette Ngọc Hà (Palette Ngoc Ha Luxury Residence),21.037693,105.825897,Khách sạn 3★,Hà Nội,"khách sạn · từ 744.170₫/đêm · 221/158 Ngoc Ha, Ngoc Ha Ward, Ha Noi, Hanoi, Ba Đình, Hà Nội",1,744170,true,3,https://www.agoda.com/vi-vn/palette-ngoc-ha-luxury-residence/hotel/hanoi-vn.html,https://pix8.agoda.net/hotelImages/87964772/0/4e83871b50c3461476da24e3f8cad76b.png?va=1&ce=3&s=1024x768,agoda.com,exact,,https://www.google.com/maps/search/?api=1&query=21.037693%2C105.825897,hotel:4f24c68f-bfff-5917-aa5e-6e0d35fd7807
Căn hộ Era Cát Linh (Era Apartment Cát Linh),21.028139,105.827148,Khách sạn 4★,Hà Nội,"khách sạn · từ 218.977₫/đêm · No. 19, Alley 167, Hao Nam Street, Cho Dua Era Apartment, Cat Linh, Đống Đa, Hà Nội",1,218977,true,4,https://www.agoda.com/vi-vn/era-apartment-cat-linh/hotel/hanoi-vn.html,https://pix8.agoda.net/hotelImages/53015544/0/d0c8668bab303197d0957630c7a25a7e.jpg?va=1&ce=0&s=1024x768,agoda.com,exact,,https://www.google.com/maps/search/?api=1&query=21.028139%2C105.827148,hotel:5315e6cd-1fc4-5c17-b702-409956c337f5
Căn hộ Vinhomes tại Mỹ Đình Hà Nội StayPlus,21.011635,105.786137,Khách sạn 4★,Hà Nội,"2 hạng phòng · từ 1.080.000₫/đêm · Căn số 3010, Tầng 30, Tòa W1, Vinhomes West Point, Đường Đỗ Đức Dục, Phường Từ Liêm, TP Hà Nội, Việt Nam, 10000 Hà Nội, Việt Nam",3,1080000,true,4,https://www.booking.com/hotel/vn/can-ho-vinhomes-tai-my-dinh-ha-noi-stayplus.vi.html,https://cf.bstatic.com/xdata/images/hotel/max1024x768/911725588.jpg?k=ab6d9bcba8c1f96c20efbcbbe3cb1dc6d00bead6833608f9f1af528588be4667&o=&hp=1,booking.com,exact,,https://www.google.com/maps/search/?api=1&query=21.011635%2C105.786137,hotel:4ce33fb4-d066-5300-9e8a-453b909127c0
Capsule Đường sắt Hà Nội (Hanoi Railway Capsule),21.032969,105.8441,Khách sạn 5★,Hà Nội,"khách sạn · từ 159.160₫/đêm · 34A Phố Lý Nam Đế 21/34A, Phố Cổ, Hà Nội",1,159160,true,5,https://www.agoda.com/vi-vn/hanoi-railway-capsule/hotel/hanoi-vn.html,https://pix8.agoda.net/hotelImages/78428713/0/d67aa4b52fcf3e60d5d5786a1bf19ed5.jpg?va=1&ce=2&s=1024x768,agoda.com,exact,,https://www.google.com/maps/search/?api=1&query=21.032969%2C105.844100,hotel:5bd522c1-5eb9-5d17-80c8-913bd96c621d
Đào Tấn - The Windie Home - Central Hanoi - Quiet - Bathtub,21.034528,105.809161,Khách sạn,Hà Nội,"3 hạng phòng · từ 738.720₫/đêm · 58a Ngõ 12 Phố Đào Tấn, 10000 Hà Nội, Việt Nam",4,738720,true,,https://www.booking.com/hotel/vn/dao-tan-the-windie-home-central-hanoi-quiet-bathtub.vi.html,https://cf.bstatic.com/xdata/images/hotel/max1024x768/915500014.jpg?k=b98a34dc270c00790c38c8545ba2596a205161caeeb03f22fc052010d1772810&o=&hp=1,booking.com,exact,,https://www.google.com/maps/search/?api=1&query=21.034528%2C105.809161,hotel:c0330973-c337-57c2-849e-f1c8f687a824
Fortuna Hotel Hanoi,21.022665,105.818794,Khách sạn 4.5★,Hà Nội,"khách sạn · từ 2.009.644₫/đêm · 6B Láng Hạ, phường Giảng Võ, Hà Nội, Việt Nam, Ba Đình, Hà Nội",1,2009644,true,4.5,https://www.agoda.com/vi-vn/fortuna-hotel-hanoi/hotel/hanoi-vn.html,https://pix6.agoda.net/hotelImages/43397/0/1c045d119a0cb934241331513ac80ab1.jpg?va=1&ce=3&s=1024x768,agoda.com,exact,,https://www.google.com/maps/search/?api=1&query=21.022665%2C105.818794,hotel:eccad53c-7efb-545b-a2fb-55e69ed4d821
Hanoi Capsule Station Hostel,21.03896,105.85132,Khách sạn 2★,Hà Nội,"khách sạn · từ 316.667₫/đêm · số 22 đường Trần Nhật Duật , Hoàn Kiếm , Hà Nội, Việt Nam, Chợ Đồng Xuân, Hà Nội",1,316667,true,2,https://www.agoda.com/vi-vn/hanoi-capsule-station-hostel/hotel/hanoi-vn.html,https://pix6.agoda.net/hotelImages/84364738/0/a4f5400e5dba7bc1e466a8e68061305b.jpg?va=1&ce=3&s=1024x768,agoda.com,exact,,https://www.google.com/maps/search/?api=1&query=21.038960%2C105.851320,hotel:0751b100-b7bb-566c-beb4-53bf4ff897a7
Hanoi Daewoo Hotel,21.030398,105.812529,Khách sạn 5★,Hà Nội,"khách sạn · từ 2.528.000₫/đêm · Số 360, Phố Kim Mã, Quận Ba Đình, Ba Đình, Hà Nội",1,2528000,true,5,https://www.agoda.com/vi-vn/hanoi-daewoo-hotel/hotel/hanoi-vn.html,https://pix6.agoda.net/hotelImages/10960/0/120e596cae1e32ed8207fdd927613fb4.jpg?va=1&ce=3&s=1024x768,agoda.com,exact,,https://www.google.com/maps/search/?api=1&query=21.030398%2C105.812529,hotel:2aa62619-f359-5579-ae08-ed88ebc968f8
Hanoi Jasmine Premium Hotel & Travel,21.034814,105.846835,Khách sạn 3★,Hà Nội,"3 hạng phòng · từ 1.449.000₫/đêm · 48a Phố Hàng Gà, Quận Hoàn Kiếm, Hà Nội, Việt Nam",4,1449000,true,3,https://www.booking.com/hotel/vn/jasmine-premium-hanoi.vi.html,https://cf.bstatic.com/xdata/images/hotel/max1024x768/739682093.jpg?k=48a1998dd1ac43d964811f305ea6df481115ec53ddadc63d4b225242bf1427c6&o=&hp=1,booking.com,exact,,https://www.google.com/maps/search/?api=1&query=21.034814%2C105.846835,hotel:e23eea61-9117-546a-8ef8-187fcfcd20c8
Hanoi Re Hostel 2 (2Re Hidden Hostel - Old Quarter Hanoi - Free Breakfast),21.033985,105.852515,Khách sạn 3★,Hà Nội,"khách sạn · từ 621.818₫/đêm · 58 P. H ng Bạc, Phố Cổ, Hà Nội",1,621818,true,3,https://www.agoda.com/vi-vn/hanoi-re-hostel-2/hotel/hanoi-vn.html,https://pix6.agoda.net/hotelImages/85405330/0/42532c0cc7e309c208753c3177a32da3.jpg?va=1&ce=3&s=1024x768,agoda.com,exact,,https://www.google.com/maps/search/?api=1&query=21.033985%2C105.852515,hotel:89c93d52-04e7-54be-b41a-1a4d2f4ae34b
Homestay Hồ Tây trung tâm Hà Nội,21.041421,105.817271,Khách sạn,Hà Nội,"1 hạng phòng · từ 380.000₫/đêm · Số 190 ngõ 33 Văn Cao phường Ngọc Hà TP Hà Nội, 100000 Hà Nội, Việt Nam",2,380000,true,,https://www.booking.com/hotel/vn/homestay-ho-tay-trung-tam-ha-noi.vi.html,https://cf.bstatic.com/xdata/images/hotel/max1024x768/897713844.jpg?k=e7b49971af7f89ce1d9871520afdcbf4196a7816b76c7b07b61fb834412464bd&o=&hp=1,booking.com,exact,,https://www.google.com/maps/search/?api=1&query=21.041421%2C105.817271,hotel:b35f4ef4-d4b8-59e2-bce7-e0e6455e96f6
Khách sạn & Căn hộ Eco Nest (Eco Nest Hotel & Apartment),21.02248,105.849037,Khách sạn 4.5★,Hà Nội,"khách sạn · từ 426.779₫/đêm · 92 Phố Thợ Nhuộm, Quận Hoàn Kiếm, Hà Nội",1,426779,true,4.5,https://www.agoda.com/vi-vn/eco-nest-hotel-apartment/hotel/hanoi-vn.html,https://pix8.agoda.net/hotelImages/59406845/-1/d61ed5da3383b172f671c8c2438db7f9.jpg?va=1&ce=0&s=1024x768,agoda.com,exact,,https://www.google.com/maps/search/?api=1&query=21.022480%2C105.849037,hotel:de0504a4-497b-517f-9a95-9879992bb338
Khách sạn du Parc Hà Nội (Hotel du Parc Hanoi),21.017454,105.842328,Khách sạn 5★,Hà Nội,"khách sạn · từ 2.797.200₫/đêm · Số 84, Phố Trần Nhân Tông, Quận Hai Bà Trưng, Quận Hai Bà Trưng, Hà Nội",1,2797200,true,5,https://www.agoda.com/vi-vn/hotel-du-parc-hanoi/hotel/hanoi-vn.html,https://pix6.agoda.net/hotelImages/15963708/0/289ba20adfa51adf2ccaf1b563765c2d.jpg?va=1&ca=12&ce=1&s=1024x768,agoda.com,exact,,https://www.google.com/maps/search/?api=1&query=21.017454%2C105.842328,hotel:6b294116-f128-5b23-aee6-7187c1e1e963
Khách sạn Grand Plaza Hà Nội (Grand Plaza Hotel Hanoi ),21.007759,105.79673,Khách sạn 5★,Hà Nội,"khách sạn · từ 3.346.561₫/đêm · 117 Tran Duy Hung, Yen Hoa Ward, Ha Noi, Cầu Giấy, Hà Nội",1,3346561,true,5,https://www.agoda.com/vi-vn/grand-plaza-hanoi-hotel/hotel/hanoi-vn.html,https://pix6.agoda.net/hotelImages/247355/0/511227989b9cf5b9530ef82f509756e4.jpg?va=1&ce=3&s=1024x768,agoda.com,exact,,https://www.google.com/maps/search/?api=1&query=21.007759%2C105.796730,hotel:b608eed9-0a8d-5add-90c3-a3b63179e92d
Khách sạn La Palm (La Palm Hotel),21.033869,105.849427,Khách sạn 3.5★,Hà Nội,"khách sạn · từ 1.217.460₫/đêm · 45 Hàng Bồ, Hoàn Kiếm, Hà Nội, Phố Cổ, Hà Nội",1,1217460,true,3.5,https://www.agoda.com/vi-vn/spring-flower-hotel/hotel/hanoi-vn.html,https://pix6.agoda.net/hotelImages/546247/-1/59a4729e9f9b5521e0553bde5aa85deb.jpg?va=1&ca=13&ce=1&s=1024x768,agoda.com,exact,,https://www.google.com/maps/search/?api=1&query=21.033869%2C105.849427,hotel:2d723d61-801f-5306-ae35-b7e1ffb32938
Khách sạn Lotte Hà Nội (Lotte Hotel Hanoi),21.031441,105.812389,Khách sạn 5★,Hà Nội,"khách sạn · từ 4.706.000₫/đêm · 54 Liễu Giai, Ba Đình, Hà Nội",1,4706000,true,5,https://www.agoda.com/vi-vn/lotte-hotel-hanoi/hotel/hanoi-vn.html,https://pix6.agoda.net/hotelImages/665815/0/11c8c43d531c7368fff39c9c92397c70.jpg?va=1&ce=3&s=1024x768,agoda.com,exact,,https://www.google.com/maps/search/?api=1&query=21.031441%2C105.812389,hotel:8a729e75-4c02-59a3-b80f-1300a8f951a0
Khách sạn Love In The Atlantis (Love In The Atlantis Hotel),21.009436,105.79599,Khách sạn 3★,Hà Nội,"khách sạn · từ 303.003₫/đêm · 37 Ng. 20 P. Nguyễn Chánh, Trung Hoà, Cầu Giấy, Hà Nội",1,303003,true,3,https://www.agoda.com/vi-vn/atlantis-love-hotel-tran-duy-hung/hotel/hanoi-vn.html,https://pix8.agoda.net/hotelImages/79592271/0/0d535e1c1eee6e4d179d7071edc13850.jpg?va=1&ce=2&s=1024x768,agoda.com,exact,,https://www.google.com/maps/search/?api=1&query=21.009436%2C105.795990,hotel:d4b7f431-af7e-5256-be36-8397031665cb
Khách sạn & Spa Madelise Palace (Madelise Palace Hotel & Spa),21.035614,105.85096,Khách sạn 4★,Hà Nội,"khách sạn · từ 972.222₫/đêm · 116 Phố Hàng Buồm 9, Phố Cổ, Hà Nội",1,972222,true,4,https://www.agoda.com/vi-vn/the-maxwell-hotel/hotel/hanoi-vn.html,https://pix6.agoda.net/hotelImages/36144486/-1/1d3efe864042c7c9c453f03bb957c647.jpg?va=1&ce=0&s=1024x768,agoda.com,exact,,https://www.google.com/maps/search/?api=1&query=21.035614%2C105.850960,hotel:dc82dfe1-9ea7-5f2e-b156-437a7812f449
L7 WEST LAKE HANOI by LOTTE HOTELS,21.073602,105.812633,Khách sạn 5★,Hà Nội,"3 hạng phòng · từ 3.977.123₫/đêm · 683 Lac Long Quan Street, Tay Ho District, Quận Tây Hồ, 100000 Hà Nội, Việt Nam",4,3977123,true,5,https://www.booking.com/hotel/vn/l7-west-lake-hanoi.vi.html,https://cf.bstatic.com/xdata/images/hotel/max1024x768/518758197.jpg?k=044158e483cf9b250ca5b14479a0274669bac19163ff58dd0df00d85be8687ba&o=&hp=1,booking.com,exact,,https://www.google.com/maps/search/?api=1&query=21.073602%2C105.812633,hotel:39b802e8-6548-59cf-8b45-6d4a82181bef
La Casa Di Dicembre 118 Khương Đình,20.995218,105.814407,Khách sạn,Hà Nội,"1 hạng phòng · từ 350.000₫/đêm · 118 Đường Khương Đình, 100000 Hà Nội, Việt Nam",2,350000,true,,https://www.booking.com/hotel/vn/la-casa-di-dicembre-118-khuong-dinh.vi.html,https://cf.bstatic.com/xdata/images/hotel/max1024x768/898635879.jpg?k=a66d6d2b28c67da4ed1442197f74f3a2a4a49db5cd46f4a4670eb0edfe0cea0a&o=&hp=1,booking.com,exact,,https://www.google.com/maps/search/?api=1&query=20.995218%2C105.814407,hotel:0efbdf8c-90bf-57da-8111-657f5d0bc214
La Casa Di Dicembre 18 Hàng Cháo (La Casa Di Dicembre 18 Hang Chao),21.030136,105.83445,Khách sạn 3.5★,Hà Nội,"khách sạn · từ 527.778₫/đêm · 18 P. Hàng Cháo, Cát Linh, Ba Đình, Hà Nội",1,527778,true,3.5,https://www.agoda.com/vi-vn/la-casa-di-dicembre-18-hang-chao/hotel/hanoi-vn.html,https://pix8.agoda.net/hotelImages/70980774/1127196485/feaca959d6890a349d411cdeb63a427e.jpg?va=1&ce=2&s=1024x768,agoda.com,exact,,https://www.google.com/maps/search/?api=1&query=21.030136%2C105.834450,hotel:73a1a079-4d92-56c4-806b-e6f5745337eb
La Casa Di Dicembre 36B Trần Hưng Đạo,21.020542,105.854215,Khách sạn,Hà Nội,"2 hạng phòng · từ 522.000₫/đêm · 36B Trần Hưng Đạo, Quận Hoàn Kiếm, Hà Nội, Việt Nam",3,522000,true,,https://www.booking.com/hotel/vn/la-casa-di-decembre-36b-tran-hung-dao.vi.html,https://cf.bstatic.com/xdata/images/hotel/max1024x768/561468296.jpg?k=17b4576560f42867db6b4ce2eac8d161649547087bf2a7dbaf71365807cf737b&o=&hp=1,booking.com,exact,,https://www.google.com/maps/search/?api=1&query=21.020542%2C105.854215,hotel:901aa89b-e356-5a0d-aa33-1f407d28bfb5
"Lakenest Realty 7 Tay Ho, Ha Noi",21.078679,105.817414,Khách sạn,Hà Nội,"1 hạng phòng · từ 538.888₫/đêm · 97 Phố Trịnh Công Sơn, 100000 Hà Nội, Việt Nam",2,538888,true,,https://www.booking.com/hotel/vn/lakenest-realty-7-tay-ho-ha-noi.vi.html,https://cf.bstatic.com/xdata/images/hotel/max1024x768/845569751.jpg?k=d3ea984b9b3c030166d89f1de15454fad65193233de10deef6cf163f09a106ad&o=&hp=1,booking.com,exact,,https://www.google.com/maps/search/?api=1&query=21.078679%2C105.817414,hotel:9b612bf3-0768-50d4-95e5-f3e059708e05
Melia Hanoi Hotel,21.024511,105.848198,Khách sạn 5★,Hà Nội,"khách sạn · từ 4.441.373₫/đêm · Số 44B L Thường Kiệt, Phường Cửa Nam, Th nh phố H nội, Quận Hoàn Kiếm, Hà Nội",1,4441373,true,5,https://www.agoda.com/vi-vn/melia-hanoi-hotel/hotel/hanoi-vn.html,https://pix6.agoda.net/hotelImages/10965/0/8da533b71e4de8c5951980018c35c20f.jpg?va=1&ce=3&s=1024x768,agoda.com,exact,,https://www.google.com/maps/search/?api=1&query=21.024511%2C105.848198,hotel:9492ccbb-152a-582b-a3e4-109c9fc22365
Nerland Studio 255 Cầu Giấy,21.03204,105.795729,Khách sạn 3★,Hà Nội,"2 hạng phòng · từ 499.000₫/đêm · 48 Ngõ 255 Đường Cầu Giấy 48, 1000 Hà Nội, Việt Nam",3,499000,true,3,https://www.booking.com/hotel/vn/nerland-studio-255-cau-giay.vi.html,https://cf.bstatic.com/xdata/images/hotel/max1024x768/917132457.jpg?k=9984d683a9d33d38ddfa820b01f6d05d08423abbe56008d6c9c89b3b94b80f54&o=&hp=1,booking.com,exact,,https://www.google.com/maps/search/?api=1&query=21.032040%2C105.795729,hotel:fbcca5e3-625c-5017-8999-ea37f8e804ac
Nhà phố Starlake Residence (Townhouse Starlake Residence),21.057568,105.781296,Khách sạn 3★,Hà Nội,"khách sạn · từ 585.925₫/đêm · 23 Tang Thiet Giap, Dong Ngac, Ha Noi, Hanoi, Quận Từ Liêm, Hà Nội",1,585925,true,3,https://www.agoda.com/vi-vn/palette-starlake-residence/hotel/hoai-duc-phu-vn.html,https://pix8.agoda.net/hotelImages/89925050/0/750e0ba7c4ab05c81398a60765ee8f2b.jpg?va=1&ce=3&s=1024x768,agoda.com,exact,,https://www.google.com/maps/search/?api=1&query=21.057568%2C105.781296,hotel:c7e1e01f-b583-5491-882d-597006e1e8d9
Simi Homes Ancient Boutique Hanoi,21.051788,105.839338,Khách sạn,Hà Nội,"3 hạng phòng · từ 600.000₫/đêm · 44B Đường Nghi Tàm, 100000 Hà Nội, Việt Nam",4,600000,true,,https://www.booking.com/hotel/vn/simi-homes-ancient-boutique-hanoi.vi.html,https://cf.bstatic.com/xdata/images/hotel/max1024x768/908605945.jpg?k=2c5797e0c73c9a54bf2f7237bb3a6889b0db7ce7abea3af87b05502fd968fa3b&o=&hp=1,booking.com,exact,,https://www.google.com/maps/search/?api=1&query=21.051788%2C105.839338,hotel:6b63be99-90de-5672-8030-bed85dd33d35
Solare De Monte Hotel & Spa,21.036504,105.851798,Khách sạn 5★,Hà Nội,"3 hạng phòng · từ 2.772.000₫/đêm · 25 Nguyen Sieu, Hang Buom, Hoan Kiem, Quận Hoàn Kiếm, Hà Nội, Việt Nam",4,2772000,true,5,https://www.booking.com/hotel/vn/bonsella-prestige-amp-spa.vi.html,https://cf.bstatic.com/xdata/images/hotel/max1024x768/610039836.jpg?k=5d1f58eb38ee296f239b1bf2d7f9da87b5670db6c424d61db455bed6b892452b&o=&hp=1,booking.com,exact,,https://www.google.com/maps/search/?api=1&query=21.036504%2C105.851798,hotel:3099aba2-516d-5e92-bde9-65dfed3f8440
Star Night West Lake Premium Hotel,21.027764,105.83416,Khách sạn 3★,Hà Nội,"3 hạng phòng · từ 574.200₫/đêm · Việt Nam 14, 11211 Hà Nội, Việt Nam",4,574200,true,3,https://www.booking.com/hotel/vn/star-night-west-lake-premium.vi.html,https://cf.bstatic.com/xdata/images/hotel/max1024x768/883944625.jpg?k=8bcd65d2f49398e6d77ac1e27a794890618192e1fd4fa4b965a23196e421ef34&o=&hp=1,booking.com,exact,,https://www.google.com/maps/search/?api=1&query=21.027764%2C105.834160,hotel:b12e6465-14fd-598c-b69c-3d59deaa8852
The Lapis Hotel,21.019848,105.855911,Khách sạn 4.5★,Hà Nội,"khách sạn · từ 1.881.905₫/đêm · 21 Tran Hung Dao, Hoang Kiem,, Quận Hoàn Kiếm, Hà Nội",1,1881905,true,4.5,https://www.agoda.com/vi-vn/the-lapis-hotel/hotel/hanoi-vn.html,https://pix6.agoda.net/hotelImages/1804917/-1/77506c3b238363a44e9935c7e4afd381.jpg?va=1&ce=0&s=1024x768,agoda.com,exact,,https://www.google.com/maps/search/?api=1&query=21.019848%2C105.855911,hotel:1ad18327-5768-5cf8-a2b4-c7ed663206f1
The Sun Ha Noi Hotel,21.019857,105.825748,Khách sạn 4★,Hà Nội,"3 hạng phòng · từ 550.000₫/đêm · 134 Phố Nguyễn Hy Quang, 10000 Hà Nội, Việt Nam",4,550000,true,4,https://www.booking.com/hotel/vn/the-sun-ha-noi.vi.html,https://cf.bstatic.com/xdata/images/hotel/max1024x768/916099000.jpg?k=a7836e869974598da05a9b2c734465b8caa68cec016b48ee61dcefd629b4de92&o=&hp=1,booking.com,exact,,https://www.google.com/maps/search/?api=1&query=21.019857%2C105.825748,hotel:80bee3b5-c35d-5d65-96a9-861ca7252b6a
Townhouse Havora Residence,21.007328,105.78083,Khách sạn 2★,Hà Nội,"3 hạng phòng · từ 750.147₫/đêm · 51/32 Dong Me, Tu Liem, Ha Noi, Hanoi, Hà Nội, Việt Nam",4,750147,true,2,https://www.booking.com/hotel/vn/townhouse-havora-residence.vi.html,https://cf.bstatic.com/xdata/images/hotel/max1024x768/916217610.jpg?k=e116c9ab3358595bb9a3b7acb1c1f495ca44b2729ba58e5c30f538c46aa1c187&o=&hp=1,booking.com,exact,,https://www.google.com/maps/search/?api=1&query=21.007328%2C105.780830,hotel:7b4c0738-2710-54e9-a36e-99e13ed16032
Townhouse Nguyen Chi Thanh Central Apartment,21.01707,105.80805,Khách sạn 2★,Hà Nội,"3 hạng phòng · từ 748.216₫/đêm · 04-06/1/99 Nguyen Chi Thanh, Lang, Ha Noi, Hanoi, Hà Nội, Việt Nam",4,748216,true,2,https://www.booking.com/hotel/vn/townhouse-nguyen-chi-thanh-central-apartment-hanoi.vi.html,https://cf.bstatic.com/xdata/images/hotel/max1024x768/916217706.jpg?k=8a1b90e85e27a4ae11bba1961616ca033910913032fc51f67248de81dd3caedd&o=&hp=1,booking.com,exact,,https://www.google.com/maps/search/?api=1&query=21.017070%2C105.808050,hotel:7ac53d7c-5218-5c64-87bb-55dedf7531dd
"West Lake Lakeside Studio, Near Lotte Mall Tây Hồ, Hà Nội",21.07368,105.816205,Khách sạn,Hà Nội,"1 hạng phòng · từ 640.000₫/đêm · Sen Hồ Tây, 100000 Hà Nội, Việt Nam",2,640000,true,,https://www.booking.com/hotel/vn/west-lake-lakeside-studio-near-lotte-mall-tay-ho-ha-noi.vi.html,https://cf.bstatic.com/xdata/images/hotel/max1024x768/916011359.jpg?k=f33af1c03d26e9cfe40259fc0c910cbf1641f2de7ec8e6383383f78ef57b97aa&o=&hp=1,booking.com,exact,,https://www.google.com/maps/search/?api=1&query=21.073680%2C105.816205,hotel:d56cd476-3d41-5a91-8810-b28cb71d17b8
"West Lake & Lotte Residence, 200m to West Lake & Lotte Mall",21.078966,105.818278,Khách sạn,Hà Nội,"2 hạng phòng · từ 599.999₫/đêm · 125 Phố Trịnh Công Sơn, 100000 Hà Nội, Việt Nam",3,599999,true,,https://www.booking.com/hotel/vn/west-lake-amp-lotte-residence-200m-to-west-lake-amp-lotte-mall-tay-ho.vi.html,https://cf.bstatic.com/xdata/images/hotel/max1024x768/901239286.jpg?k=87516f48812488a5186b36d5e5f4c3dd98629226d7a5c4b023a7d98bf48c78ef&o=&hp=1,booking.com,exact,,https://www.google.com/maps/search/?api=1&query=21.078966%2C105.818278,hotel:36a0266f-345c-58a3-b783-ba11eb846924
Westlake Pearl Suites & Spa & Gym 2 - By Pegasy Group,21.062178,105.83069,Khách sạn 4★,Hà Nội,"3 hạng phòng · từ 1.197.000₫/đêm · 68 - 70 Xuan Dieu, 100000 Hà Nội, Việt Nam",4,1197000,true,4,https://www.booking.com/hotel/vn/westlake-pearl-suites-amp-spa-amp-gym.vi.html,https://cf.bstatic.com/xdata/images/hotel/max1024x768/877709914.jpg?k=a8883842b0b0141355727f3a58f9d82f4d451ba630176d4f9d9794cc8ba16e5a&o=&hp=1,booking.com,exact,,https://www.google.com/maps/search/?api=1&query=21.062178%2C105.830690,hotel:3b789be8-9844-55ec-b12c-c39941852059
Bình Minh Hotel,18.339581,105.895002,Khách sạn 3★,Hà Tĩnh,"2 hạng phòng · từ 434.019₫/đêm · 09 Trần Phú, Trần Phú, Hà Tĩnh, Ha Tinh, Vietnam, Hà Tĩnh, Việt Nam",3,434019,true,3,https://www.booking.com/hotel/vn/binh-minh-ha-tinh.vi.html,https://cf.bstatic.com/xdata/images/hotel/max1024x768/610936291.jpg?k=928873ee87a2fe789320740504ffd870189797aaf815ccfc479e54945c52f3ff&o=&hp=1,booking.com,exact,,https://www.google.com/maps/search/?api=1&query=18.339581%2C105.895002,hotel:26737df3-407c-5f73-b735-e69d25b33b76
BMC Ha Tinh hotel,18.3377,105.897232,Khách sạn 4★,Hà Tĩnh,"3 hạng phòng · từ 573.841₫/đêm · No.6, Phan Dinh Phung street, Hà Tĩnh, Việt Nam",4,573841,true,4,https://www.booking.com/hotel/vn/po-bmc-ha-tinh-hotel.vi.html,https://cf.bstatic.com/xdata/images/hotel/max1024x768/715604278.jpg?k=5a0661bf8a485e66571a97dcd42bc15b5d31303bcdb165a055b5acc7f242bdf8&o=&hp=1,booking.com,exact,,https://www.google.com/maps/search/?api=1&query=18.337700%2C105.897232,hotel:2b42b7ff-6ad8-5a24-ab0c-3c76969af752
Chạm homestay,18.346928,105.892554,Khách sạn 3★,Hà Tĩnh,"1 hạng phòng · từ 379.702₫/đêm · Số nhà 01 ngõ 23 đường la sơn phu tử, 480000 Hà Tĩnh, Việt Nam",2,379702,true,3,https://www.booking.com/hotel/vn/cham-homestay-ha-tinh1.vi.html,https://cf.bstatic.com/xdata/images/hotel/max1024x768/864609384.jpg?k=984e5a49ac24a01c15d8531f664ddbfa569079401dfa13cb64e1191cadfb369e&o=&hp=1,booking.com,exact,,https://www.google.com/maps/search/?api=1&query=18.346928%2C105.892554,hotel:92ec69ce-8886-512a-9c7d-004c1748d2a4
Eagle Hotel,18.351132,105.883948,Khách sạn 4★,Hà Tĩnh,"3 hạng phòng · từ 1.050.000₫/đêm · 268 Tran Phu Street, Nguyen Du Ward, Ha Tinh, Hà Tĩnh, Việt Nam",4,1050000,true,4,https://www.booking.com/hotel/vn/eagle.vi.html,https://cf.bstatic.com/xdata/images/hotel/max1024x768/156938090.jpg?k=d5c82abfd65feddc819f265c1bff757a213eb09edc87608661aef18921d879fa&o=&hp=1,booking.com,exact,,https://www.google.com/maps/search/?api=1&query=18.351132%2C105.883948,hotel:d4a54f01-d758-539f-ade9-c2ae56411178
Hai Dang Hotel Ha Tinh,18.354778,105.879266,Khách sạn 3★,Hà Tĩnh,"1 hạng phòng · từ 650.000₫/đêm · KHÁCH SẠN HẢI ĐĂNG NGÕ 549 Đường Trần Phú, phường Trần Phú, Tỉnh Hà Tĩnh, 45123 Hà Tĩnh, Việt Nam",2,650000,true,3,https://www.booking.com/hotel/vn/hai-dang-ha-tinh.vi.html,https://cf.bstatic.com/xdata/images/hotel/max1024x768/879838756.jpg?k=2dd19fcdc4f6abe14aba1e3baba8d1cba6aa211a71f2c37456b561b5d8164dc0&o=&hp=1,booking.com,exact,,https://www.google.com/maps/search/?api=1&query=18.354778%2C105.879266,hotel:cb474f32-2953-54b8-9916-08d6a2f40898
Hoa Tien Paradise Villa,18.624256,105.813797,Khách sạn 4★,Hà Tĩnh,"1 hạng phòng · từ 3.800.000₫/đêm · Thôn Thành Vân, xã Xuân Thành, huyện Nghi Xuân, tỉnh Hà Tĩnh, Hà Tĩnh, Việt Nam",2,3800000,true,4,https://www.booking.com/hotel/vn/hoa-tien-paradise-villa.vi.html,https://cf.bstatic.com/xdata/images/hotel/max1024x768/375272570.jpg?k=3fc750d5d0b7a88357c0e6c7dd9d005068e81f3320d601126f7b51bb2bd91f41&o=&hp=1,booking.com,exact,cách tâm Hà Tĩnh 34 km,https://www.google.com/maps/search/?api=1&query=18.624256%2C105.813797,hotel:400a6323-3d2c-50f9-9eb7-ac9cf775575d
Hưng Phát Hotel - Gần Bến Xe Hà Tĩnh,18.321965,105.877031,Khách sạn,Hà Tĩnh,"3 hạng phòng · từ 374.000₫/đêm · Thôn Bắc Thượng, Phường Hà Huy Tập, Hà Tĩnh, Việt Nam",4,374000,true,,https://www.booking.com/hotel/vn/hung-phu-tinh-ha-tinh.vi.html,https://cf.bstatic.com/xdata/images/hotel/max1024x768/892091190.jpg?k=29fc2d20d833911006f37534c64b63ca3cef812cb0981b9cd4b0e70f067cea3f&o=&hp=1,booking.com,exact,,https://www.google.com/maps/search/?api=1&query=18.321965%2C105.877031,hotel:5104c607-dcf2-5fc1-8b63-0ac83d07d257
Khách sạn Hải Đăng (HẢI ĐĂNG HOTEL),18.354925,105.8786,Khách sạn 3★,Hà Tĩnh,"khách sạn · từ 575.026₫/đêm · Ng 549 Trần Phú, Phường Trần Phú, Tỉnh Hà Tĩnh, Hà Tĩnh, Hà Tĩnh",1,575026,true,3,https://www.agoda.com/vi-vn/h-i-dang-hotel/hotel/ha-tinh-vn.html,https://pix8.agoda.net/hotelImages/89137136/0/fd72e76c6f1e9ea956ffe3a6ac1f58fb.jpg?va=1&ce=3&s=1024x768,agoda.com,exact,,https://www.google.com/maps/search/?api=1&query=18.354925%2C105.878600,hotel:11ef773a-c932-53ab-a7e1-cb6f353cca95
Khách sạn Mường Thanh Grand Hà Tĩnh (Muong Thanh Grand Ha Tinh Hotel),18.057621,106.348244,Khách sạn 4★,Hà Tĩnh,"khách sạn · từ 648.771₫/đêm · Quốc lộ 1A, Ngã tư khu kinh tế Vũng Áng, Kỳ Anh, Hà Tĩnh",1,648771,true,4,https://www.agoda.com/vi-vn/muong-thanh-grand-ha-tinh-hotel/hotel/ha-tinh-vn.html,https://pix8.agoda.net/hotelImages/748483/0/5f699758cf2f479d7ab1293e3e41e848.jpg?va=1&ce=2&s=1024x768,agoda.com,exact,cách tâm Hà Tĩnh 56 km,https://www.google.com/maps/search/?api=1&query=18.057621%2C106.348244,hotel:73880484-9964-5092-b40e-0a18a2efc76d
Khách sạn Mường Thanh Luxury Xuân Thành (Muong Thanh Luxury Xuan Thanh Hotel),18.630156,105.811562,Khách sạn 5★,Hà Tĩnh,"khách sạn · từ 740.750₫/đêm · Thôn Thành Vân, xã Xuân Thành, huyện Nghi Xuân, tỉnh Hà Tĩnh, Hà Tĩnh, Hà Tĩnh",1,740750,true,5,https://www.agoda.com/vi-vn/muong-thanh-luxury-xuan-thanh-hotel/hotel/cua-lo-beach-vn.html,https://pix6.agoda.net/hotelImages/250/25062873/25062873_21052810280097543370.jpg?va=1&ca=19&ce=1&s=1024x768,agoda.com,exact,cách tâm Hà Tĩnh 34 km,https://www.google.com/maps/search/?api=1&query=18.630156%2C105.811562,hotel:fc353412-1afe-51f6-93b0-113555da934e
Khách sạn Polaris (Polaris Hotel),18.043734,106.37365,Khách sạn 5★,Hà Tĩnh,"khách sạn · từ 900.000₫/đêm · , Kỳ Thịnh, Kỳ Anh, Hà Tĩnh",1,900000,true,5,https://www.agoda.com/vi-vn/polaris-hotel/hotel/ha-tinh-vn.html,https://pix6.agoda.net/hotelImages/49996768/0/e1d7efe2f146eca671ac432c2a4e8120.png?va=1&ce=0&s=1024x768,agoda.com,exact,cách tâm Hà Tĩnh 59 km,https://www.google.com/maps/search/?api=1&query=18.043734%2C106.373650,hotel:271099d6-5ec9-57c3-8970-b4f9d68a2f97
Khách sạn Sailing Tower (Sailing Tower Hotel),18.35029,105.8915,Khách sạn 3★,Hà Tĩnh,"khách sạn · từ 616.434₫/đêm · Số 02 ,Xô Viết Nghệ Tĩnh,TP Hà Tĩnh, Hà Tĩnh, Hà Tĩnh",1,616434,true,3,https://www.agoda.com/vi-vn/sailing-tower-hotel/hotel/ha-tinh-vn.html,https://pix6.agoda.net/hotelImages/38001718/0/699215bd600bc3fdad9c36fe2ad5cabd.jpg?va=1&ce=0&s=1024x768,agoda.com,exact,,https://www.google.com/maps/search/?api=1&query=18.350290%2C105.891500,hotel:b8289d9e-0619-5512-bfc7-4476c63ec351
Khách sạn Thanh Bình 2,18.341443,105.893253,Khách sạn 1★,Hà Tĩnh,"2 hạng phòng · từ 250.000₫/đêm · 54 Trần Phú, 45100 Hà Tĩnh, Việt Nam",3,250000,true,1,https://www.booking.com/hotel/vn/khach-san-thanh-binh-2-thanh-sen.vi.html,https://cf.bstatic.com/xdata/images/hotel/max1024x768/880964146.jpg?k=bcf92d3093d716d93608f827ca3c9fad3bf37202f6a8d5dec4e2d4da49ff54ab&o=&hp=1,booking.com,exact,,https://www.google.com/maps/search/?api=1&query=18.341443%2C105.893253,hotel:6210192c-d1f9-5879-958a-8735ec554d17
Khách Sạn Xanh Hà Tĩnh,18.381956,105.507573,Khách sạn,Hà Tĩnh,"3 hạng phòng · từ 238.840₫/đêm · Số 11 đường Cao Thắng, Thôn 4, Xã Vũ Quang, Hà Tĩnh, Việt Nam",4,238840,true,,https://www.booking.com/hotel/vn/khach-san-xanh-tinh-ha-tinh.vi.html,https://cf.bstatic.com/xdata/images/hotel/max1024x768/821755952.jpg?k=bf8b5169949e0b0d10015bd44a28483b49bf1f61115de8e992c8fb17e734f556&o=&hp=1,booking.com,exact,cách tâm Hà Tĩnh 42 km,https://www.google.com/maps/search/?api=1&query=18.381956%2C105.507573,hotel:3ce04b14-c60e-5af1-a58b-702f37060fed
Ngan Ha Hotel,18.34661,105.888745,Khách sạn 3★,Hà Tĩnh,"khách sạn · 158 đường Trần Phú, Hà Tĩnh, Hà Tĩnh",1,,false,3,https://www.agoda.com/vi-vn/ngan-ha-hotel/hotel/ha-tinh-vn.html,https://pix6.agoda.net/hotelImages/535628/0/e9a40f0224ca1250a29b95a12b2f39a0.jpeg?va=1&ce=0&s=1024x768,agoda.com,exact,,https://www.google.com/maps/search/?api=1&query=18.346610%2C105.888745,hotel:a6dc293b-5733-5f59-a4e5-041db32a646a
NÔNG TRẠI VƯỜN HỒNG,18.33333,105.91667,Khách sạn 5★,Hà Tĩnh,"khách sạn · P SONG TRI, Hà Tĩnh, Hà Tĩnh",1,,false,5,https://www.agoda.com/vi-vn/nong-tr-i-vu-n-h-ng/hotel/ha-tinh-vn.html,https://pix6.agoda.net/hotelImages/91301975/0/10f26ecf5c855f61ca86fa0722e47e83.jpg?va=1&ce=3&s=1024x768,agoda.com,exact,,https://www.google.com/maps/search/?api=1&query=18.333330%2C105.916670,hotel:c4843657-e307-5a06-ab6d-561a6959a650
Phương Phương 1 Hotel,18.348938,105.897071,Khách sạn 1★,Hà Tĩnh,"3 hạng phòng · từ 337.500₫/đêm · 208 Nguyen Du, Hà Tĩnh, Việt Nam",4,337500,true,1,https://www.booking.com/hotel/vn/phuong-phuong.vi.html,https://cf.bstatic.com/xdata/images/hotel/max1024x768/809957656.jpg?k=328c2f71b38f37e9f06fd4bfc0005b2c630116a407ae10ae2405661c0ad4535e&o=&hp=1,booking.com,exact,,https://www.google.com/maps/search/?api=1&query=18.348938%2C105.897071,hotel:80817bd2-996b-585b-838f-96d6edcbba33
Phương Phương 2 Hotel,18.359924,105.898605,Khách sạn 1★,Hà Tĩnh,"3 hạng phòng · từ 337.500₫/đêm · Đường Xô Viết Nghệ Tĩnh, Hà Tĩnh, Việt Nam",4,337500,true,1,https://www.booking.com/hotel/vn/phuong-phuong-2.vi.html,https://cf.bstatic.com/xdata/images/hotel/max1024x768/775276316.jpg?k=1cbc053f34bcb6d4170fafed5898f96103a2c1355b9f92c7c024359e7a4dc09a&o=&hp=1,booking.com,exact,,https://www.google.com/maps/search/?api=1&query=18.359924%2C105.898605,hotel:5768954f-9eda-57d6-b0f1-b273cc2b0d5d
Quỳnh Viên Resort Hà Tĩnh,18.459846,105.939857,Khách sạn 4★,Hà Tĩnh,"khách sạn · Quynh Vien Resort, Hà Tĩnh, Hà Tĩnh",1,,false,4,https://www.agoda.com/vi-vn/qu-nh-vien-resort-ha-tinh-h31045643/hotel/ha-tinh-vn.html,https://pix6.agoda.net/hotelImages/31045643/-1/8ff5ae14c129b4b86b432dc448ef0ba2.jpg?va=1&ca=28&ce=0&s=1024x768,agoda.com,exact,,https://www.google.com/maps/search/?api=1&query=18.459846%2C105.939857,hotel:fb5dceab-bc4b-57c8-ade6-2d5198e7cd93
Seabird Hotel Thien Cam,18.276694,106.096749,Khách sạn 4★,Hà Tĩnh,"3 hạng phòng · từ 1.232.147₫/đêm · Thien Cam Beach Cam Xuyen District, Hà Tĩnh, Việt Nam",4,1232147,true,4,https://www.booking.com/hotel/vn/seabird-thien-cam.vi.html,https://cf.bstatic.com/xdata/images/hotel/max1024x768/441300764.jpg?k=8589474aad65ef3f2a3012ee2b4cbe20a00a9a6bbaf6b34f9d615d2626f47024&o=&hp=1,booking.com,exact,,https://www.google.com/maps/search/?api=1&query=18.276694%2C106.096749,hotel:71f5f7eb-effe-58d5-9f0d-ec495ddf3e55
Serena Xuân Thành Hotel,18.637409,105.806372,Khách sạn,Hà Tĩnh,"3 hạng phòng · từ 400.000₫/đêm · Xã Tiên Điền, Hà Tĩnh, Việt Nam",4,400000,true,,https://www.booking.com/hotel/vn/serena-xuan-thanh.vi.html,https://cf.bstatic.com/xdata/images/hotel/max1024x768/854354508.jpg?k=d729d7b063bbd1640f6d614cf39ccc68e2fe2b3407a2b0c1ec5a73f0b44f82ac&o=&hp=1,booking.com,exact,cách tâm Hà Tĩnh 35 km,https://www.google.com/maps/search/?api=1&query=18.637409%2C105.806372,hotel:b9a94e51-46f9-5c9b-8572-8d21edf02a4f
Songlam Waterfront Hotel - 藍江酒店,18.643377,105.711129,Khách sạn 4★,Hà Tĩnh,"3 hạng phòng · từ 1.083.229₫/đêm · Khối 2 Thị trấn Xuân An, Nghi Xuân, Hà Tĩnh, Việt Nam",4,1083229,true,4,https://www.booking.com/hotel/vn/songlam-waterfront.vi.html,https://cf.bstatic.com/xdata/images/hotel/max1024x768/333233707.jpg?k=6525664f661f5606321162aeab10c1be80fcf50061223424c85e4573fff85e5d&o=&hp=1,booking.com,exact,cách tâm Hà Tĩnh 40 km,https://www.google.com/maps/search/?api=1&query=18.643377%2C105.711129,hotel:0b808a40-aded-5975-b585-d3e10d747fba
Sunrise Hotel Thiên Cầm,18.271829,106.10425,Khách sạn 5★,Hà Tĩnh,"2 hạng phòng · từ 408.100₫/đêm · Thôn Chùa, Xã Thiên Cầm, Tỉnh Hà Tĩnh, Hà Tĩnh, Việt Nam",3,408100,true,5,https://www.booking.com/hotel/vn/sunrise-thien-cam.vi.html,https://cf.bstatic.com/xdata/images/hotel/max1024x768/801046071.jpg?k=e4ca56b57f92fb42e623f858c303565ec4762b6e8ee8ac46f12db15dc4f9a223&o=&hp=1,booking.com,exact,,https://www.google.com/maps/search/?api=1&query=18.271829%2C106.104250,hotel:b877992b-8251-5417-a7d1-a055b1c4850e
Thái An Hotel Hà Tĩnh,18.306915,105.926587,Khách sạn,Hà Tĩnh,"3 hạng phòng · từ 366.432₫/đêm · Cầu Cao, đường Hà Huy Tập, Hà Tĩnh, Việt Nam",4,366432,true,,https://www.booking.com/hotel/vn/thai-an-ha-tinh-thanh-pho-ha-tinh.vi.html,https://cf.bstatic.com/xdata/images/hotel/max1024x768/855792743.jpg?k=8c076726abd53a22ceec13699a023407cca94bb2b8e0642867678cd702264f6a&o=&hp=1,booking.com,exact,,https://www.google.com/maps/search/?api=1&query=18.306915%2C105.926587,hotel:345aed84-eb70-5de5-80aa-51eb228c953f
Thanh Binh Hotel,18.330682,105.902861,Khách sạn 2★,Hà Tĩnh,"2 hạng phòng · từ 250.000₫/đêm · 179 Ha Huy Tap, Hà Tĩnh, Việt Nam",3,250000,true,2,https://www.booking.com/hotel/vn/khach-san-thanh-binh.vi.html,https://cf.bstatic.com/xdata/images/hotel/max1024x768/219003749.jpg?k=cd07b6a08ed343139ef7f138909474c860d13b6bbbf90fe76d9d3a77ac46e1c3&o=&hp=1,booking.com,exact,,https://www.google.com/maps/search/?api=1&query=18.330682%2C105.902861,hotel:a54e6440-6477-5ce3-b65c-2e693b5ee70e
Top apartment,18.349345,105.884167,Khách sạn 3★,Hà Tĩnh,"1 hạng phòng · từ 378.000₫/đêm · Tổ dân phố vĩnh hoà phường trần phú tp hà tĩnh, 48000 Hà Tĩnh, Việt Nam",2,378000,true,3,https://www.booking.com/hotel/vn/top-apartment.vi.html,https://cf.bstatic.com/xdata/images/hotel/max1024x768/754121435.jpg?k=0b49e919695d95966ebddece042222d35e12b5e96f50fc1354955f82a0881487&o=&hp=1,booking.com,exact,,https://www.google.com/maps/search/?api=1&query=18.349345%2C105.884167,hotel:2101ddee-c39e-51d8-8996-e167dc83e21e
"Vinpearl Cửa Sót Resort, Affiliated by Meliá",18.489692,105.890789,Khách sạn 5★,Hà Tĩnh,"3 hạng phòng · từ 2.038.777₫/đêm · Thịnh Lộc, Lộc Hà, Hà Tĩnh",4,2038777,true,5,https://vinpearl.com/vi/hotels/vinpearl-cua-sot-resort-affiliated-by-melia,https://booking-static.vinpearl.com/hotels/8ad63318d2494e6e9d126f2cea94e9eb_MVPCuaSot_facade7.jpg,vinpearl,exact,,https://www.google.com/maps/search/?api=1&query=18.489692%2C105.890789,hotel:ba972b34-67ef-5129-a397-73c21cf90b43
"Vinpearl Hà Tĩnh, Affiliated by Meliá",18.337271,105.89555,Khách sạn 5★,Hà Tĩnh,"8 hạng phòng · từ 1.650.000₫/đêm · Bùng binh Hà Huy Tập, Hàm Nghi, Hà Tĩnh, Việt Nam",9,1650000,true,5,https://vinpearl.com/vi/hotels/vinpearl-ha-tinh-affiliated-by-melia,https://booking-static.vinpearl.com/hotels/3cf59ab3e6e546d6ac4e19a4bd751a34_DJI_0591.jpg,booking.com,exact,,https://www.google.com/maps/search/?api=1&query=18.337271%2C105.895550,hotel:3cc8b3ae-e0ee-52f9-b97e-ce1ea820dcab
White Hotel,18.333415,105.90036,Khách sạn 3★,Hà Tĩnh,"3 hạng phòng · từ 500.000₫/đêm · 139 Ha Huy Tap, Hà Tĩnh, Việt Nam",4,500000,true,3,https://www.booking.com/hotel/vn/white.vi.html,https://cf.bstatic.com/xdata/images/hotel/max1024x768/370532502.jpg?k=fdb346583cece726e579487543f9aefeb2ccb0faaaac29cd8f8920d4c0389888&o=&hp=1,booking.com,exact,,https://www.google.com/maps/search/?api=1&query=18.333415%2C105.900360,hotel:a037968f-a826-5a5d-9a4a-0ccdb3078a59
White Palace Hotel,18.331864,105.901707,Khách sạn 3★,Hà Tĩnh,"khách sạn · từ 405.467₫/đêm · 139 Hà Huy Tập, Hà Tĩnh, Hà Tĩnh",1,405467,true,3,https://www.agoda.com/vi-vn/white-palace-hotel/hotel/ha-tinh-vn.html,https://pix8.agoda.net/hotelImages/284487/-1/ed115cb05ff37796e37340b16e7a3b8f.jpg?va=1&ce=0&s=1024x768,agoda.com,exact,,https://www.google.com/maps/search/?api=1&query=18.331864%2C105.901707,hotel:adbe6b4b-5055-52b1-8425-c80fa172b05b
à la carte halong bay hotel studio,20.953034,107.002569,Khách sạn,Hạ Long,"1 hạng phòng · từ 5.000.000₫/đêm · Căn hộ A603 à la carte halong bay hotel Lô h30-h33 Peninsula/2, Hùng Thắng, Hạ Long, Quảng Ninh, 84 Hạ Long, Việt Nam",2,5000000,true,,https://www.booking.com/hotel/vn/a-la-carte-halong-bay-ha-long2.vi.html,https://cf.bstatic.com/xdata/images/hotel/max1024x768/722829853.jpg?k=2992736dee808e04cb60966d635fa702ccce50d17a18ae769fc6045a9e87160f&o=&hp=1,booking.com,exact,,https://www.google.com/maps/search/?api=1&query=20.953034%2C107.002569,hotel:5f1f88af-d896-51d3-b941-5967c250fd5d
Căn hộ A La Carte Hạ Long Bay - Sea View (A La Carte Ha Long Bay - Sea View Apartment),20.954046,107.002975,Khách sạn 4★,Hạ Long,"khách sạn · từ 794.607₫/đêm · Long Marina, Hồng Hải, Hạ Long, Hạ Long",1,794607,true,4,https://www.agoda.com/vi-vn/best-western-premier-sapphire-halong-h50213141/hotel/h-long-vn.html,https://pix8.agoda.net/hotelImages/75939394/0/8626a75109d326435b445c53d738d310.jpg?va=1&ce=2&s=1024x768,agoda.com,exact,,https://www.google.com/maps/search/?api=1&query=20.954046%2C107.002975,hotel:4c7c8345-11e5-5499-adaa-eab804ab02ad
Căn Hộ Alacarte Hạ Long Cao Cấp by Duyên,20.952992,107.002454,Khách sạn,Hạ Long,"1 hạng phòng · từ 4.800.000₫/đêm · Alacarte Hạ Long homestay, Hạ Long, Việt Nam",2,4800000,true,,https://www.booking.com/hotel/vn/can-ho-alacarte-ha-long-cao-cap-by-duyen.vi.html,https://cf.bstatic.com/xdata/images/hotel/max1024x768/910021554.jpg?k=83c8ed163a4d7b2b531be128a3768c6d5de132b8b628488783f3b78c5345b3ae&o=&hp=1,booking.com,exact,,https://www.google.com/maps/search/?api=1&query=20.952992%2C107.002454,hotel:c7498c6b-86bd-5a6b-854b-698c8a8d14d0
Căn hộ ICON40 Hạ Long - Bãi Cháy (ICON40 APARTMENT HA LONG - Bai Chay),20.959085,107.00137,Khách sạn 5★,Hạ Long,"khách sạn · từ 509.056₫/đêm · Căn hộ ICON 40 Hạ Long, Hạ Long, Hạ Long",1,509056,true,5,https://www.agoda.com/vi-vn/can-ho-icon40-van-hanh-boi-dau-dau/hotel/h-long-vn.html,https://pix8.agoda.net/hotelImages/89097313/0/6efc01a86fd35bc6ecf56b7962890397.jpg?va=1&ce=3&s=1024x768,agoda.com,exact,,https://www.google.com/maps/search/?api=1&query=20.959085%2C107.001370,hotel:1da0117c-4977-5d3a-9992-9c21f4b74747
Căn hộ khách sạn 5 sao À LaCarte Hạ Long (5-Star Hotel Apartment À LaCarte Ha Long),20.953138,107.002647,Khách sạn 5★,Hạ Long,"khách sạn · từ 793.651₫/đêm · Lot h30-h33 Peninsula/2, Hung Thang, Bai Chay, Quang Ninh, Hạ Long, Hạ Long",1,793651,true,5,https://www.agoda.com/vi-vn/hotel-apartment-a-la-carte-ha-long-sea-view-h39808828/hotel/h-long-vn.html,https://pix6.agoda.net/hotelImages/46741090/0/408544b7a8304600496ff9a4fcbe8822.jpg?va=1&ce=0&s=1024x768,agoda.com,exact,,https://www.google.com/maps/search/?api=1&query=20.953138%2C107.002647,hotel:13703341-ad68-5ccb-952b-ffd55b68c31c
Genesis Luxury Regal Cruise by Premier Group,20.925948,106.980152,Khách sạn 5★,Hạ Long,"1 hạng phòng · từ 9.475.912₫/đêm · No 19 A, Tuan Chau Wharf, Hạ Long, Việt Nam",2,9475912,true,5,https://www.booking.com/hotel/vn/genesis-regal-cruises.vi.html,https://cf.bstatic.com/xdata/images/hotel/max1024x768/749638399.jpg?k=954daa92bedb9dc47652ed68580cb55dbf8f0303a0a4883af8ded79b2e0a5c0d&o=&hp=1,booking.com,exact,,https://www.google.com/maps/search/?api=1&query=20.925948%2C106.980152,hotel:7300819d-523a-5a01-9b96-33dd08f34701
Ha Long DC Hotel,20.951752,107.07885,Khách sạn 4★,Hạ Long,"khách sạn · từ 619.048₫/đêm · Số nhà 08 Dường 25/4 ,Phường Hồng Gai, Cảng Hòn Gai, Hạ Long",1,619048,true,4,https://www.agoda.com/vi-vn/ha-long-dc-hotel/hotel/halong-vn.html,https://pix6.agoda.net/hotelImages/337/337002/337002_15060417300028551719.jpg?va=1&ca=4&ce=1&s=1024x768,agoda.com,exact,,https://www.google.com/maps/search/?api=1&query=20.951752%2C107.078850,hotel:7ce51e36-c2ff-5dd6-ab36-ffdc31cba423
Hieu Thao Hotel Ha Long,20.949455,107.097797,Khách sạn,Hạ Long,"3 hạng phòng · từ 673.200₫/đêm · A20-21, khu đô thị Monbay, phường Hạ Long, 02000 Hạ Long, Việt Nam",4,673200,true,,https://www.booking.com/hotel/vn/hieu-thao-ha-long.vi.html,https://cf.bstatic.com/xdata/images/hotel/max1024x768/917818950.jpg?k=85e0d280df7d21416dbdf818297a9d8753616a3467883284df2c3042566046a5&o=&hp=1,booking.com,exact,,https://www.google.com/maps/search/?api=1&query=20.949455%2C107.097797,hotel:074b8e5e-53a8-5793-bae8-33b24d554d48
"Homestay The Holiday, Bãi cháy, Hạ Long, Quảng Ninh",20.953535,107.044184,Khách sạn,Hạ Long,"3 hạng phòng · từ 1.028.475₫/đêm · Đường Hạ Long Tầng 26 , phòng 2612A, 200000 Bai Chay, Việt Nam",4,1028475,true,,https://www.booking.com/hotel/vn/the-holiday-2612a.vi.html,https://cf.bstatic.com/xdata/images/hotel/max1024x768/897911892.jpg?k=1c30879c74129dd406c90f97d45a9aa8d7030804e6709f564d7bdd578369b4f4&o=&hp=1,booking.com,exact,,https://www.google.com/maps/search/?api=1&query=20.953535%2C107.044184,hotel:dd763a5e-6931-5c11-823b-8610dc0750e0
"Hyatt Place Ha Long Bay, Bai Chay",20.956307,107.019979,Khách sạn 5★,Hạ Long,"3 hạng phòng · từ 1.000.000₫/đêm · No.2-21 Dong Hung Thang Street, 1119 Hạ Long, Việt Nam",4,1000000,true,5,https://www.booking.com/hotel/vn/hyatt-place-ha-long-bay-bai-chay.vi.html,https://cf.bstatic.com/xdata/images/hotel/max1024x768/785983266.jpg?k=0e8e95e40f713b8306799333a1bb438d49da8665afbe887952ab55c24f896c4c&o=&hp=1,booking.com,exact,,https://www.google.com/maps/search/?api=1&query=20.956307%2C107.019979,hotel:f8d9ea07-a79b-5409-9c59-0396164b8b96
Khách sạn ARISTO Hạ Long (Ha Long ARISTO Hotel),20.947054,107.03009,Khách sạn 3★,Hạ Long,"khách sạn · từ 245.455₫/đêm · 28 Thủy Tùng, Bãi Cháy, Hạ Long, Hạ Long",1,245455,true,3,https://www.agoda.com/vi-vn/ha-long-aristo-hotel/hotel/h-long-vn.html,https://pix8.agoda.net/hotelImages/84124307/0/283c7920df4558c47108d119801e877e.jpg?va=1&ce=3&s=1024x768,agoda.com,exact,,https://www.google.com/maps/search/?api=1&query=20.947054%2C107.030090,hotel:ceb81188-568e-5e69-a19f-9d3594d9f684
Khách sạn DeLaSea Hạ Long - Modern Bayview Escape (DeLaSea Ha Long Hotel - Modern Bayview Escape ),20.955822,107.017242,Khách sạn 5★,Hạ Long,"khách sạn · từ 1.160.494₫/đêm · A9, Lot1, Tourist Residential Zone Dong Hung Thang, Hạ Long, Hạ Long",1,1160494,true,5,https://www.agoda.com/vi-vn/phat-linh-hotel-halong/hotel/ha-long-vn.html,https://pix6.agoda.net/hotelImages/16347082/-1/8cf336e8d1817ef7878fd038d4f5aa3a.jpg?va=1&ce=0&s=1024x768,agoda.com,exact,,https://www.google.com/maps/search/?api=1&query=20.955822%2C107.017242,hotel:6e676119-cbea-5fc1-b162-ec3d5a050227
Khách Sạn Hạ Long Boutique (Halong Boutique Hotel),20.951611,107.073745,Khách sạn 4★,Hạ Long,"khách sạn · từ 397.166₫/đêm · 42 Nguyen Du Street, Hong Gai Ward, Ha Long City, Quang Ninh, Vietnam, Cảng Hòn Gai, Hạ Long",1,397166,true,4,https://www.agoda.com/vi-vn/halong-boutique-hotel/hotel/halong-vn.html,https://pix8.agoda.net/hotelImages/6593570/0/dc381519570d8117328a31523930c2d3.jpg?va=1&ce=2&s=1024x768,agoda.com,exact,,https://www.google.com/maps/search/?api=1&query=20.951611%2C107.073745,hotel:b238cabc-8f7f-5acf-8752-924eb74792a7
Khách Sạn Hạ Long Plaza (Halong Plaza Hotel),20.960619,107.06266,Khách sạn 4★,Hạ Long,"khách sạn · 8 Hạ Long, Hạ Long, Hạ Long",1,,false,4,https://www.agoda.com/vi-vn/halong-plaza-hotel-managed-by-h-k-hospitality/hotel/halong-vn.html,https://pix6.agoda.net/hotelImages/66722/-1/23944f145decdd6cde275548b36f8a82.jpg?va=1&ca=24&ce=0&s=1024x768,agoda.com,exact,,https://www.google.com/maps/search/?api=1&query=20.960619%2C107.062660,hotel:1b3c634b-a38e-5a5a-b644-eb67ef3828b1
Khách sạn Hoàng Gia Hạ Long (Royal Halong Hotel),20.950495,107.037881,Khách sạn 5★,Hạ Long,"khách sạn · từ 1.111.111₫/đêm · Hạ Long, Bãi Cháy, Quảng Ninh, Hạ Long, Hạ Long",1,1111111,true,5,https://www.agoda.com/vi-vn/royal-halong-hotel/hotel/halong-vn.html,https://pix6.agoda.net/hotelImages/444602/-1/c6255f59db135a6389c5accff0e7cf8a.jpg?va=1&ca=6&ce=1&s=1024x768,agoda.com,exact,,https://www.google.com/maps/search/?api=1&query=20.950495%2C107.037881,hotel:79487efa-b5de-50e5-af96-80a1038d8e6c
Khách sạn Lavender Hạ Long (Halong Lavender Hotel),20.949425,107.038025,Khách sạn 4★,Hạ Long,"khách sạn · từ 484.857₫/đêm · Căn E389, khu Sun Plaza Grand World, đường Hạ Long, phường Bãi Cháy, thành phố Hạ Long, Quảng Ninh, Hạ Long, Hạ Long",1,484857,true,4,https://www.agoda.com/vi-vn/lavender-halong-hotel/hotel/ha-long-vn.html,https://pix8.agoda.net/hotelImages/30958249/0/06abfdecdb4d43a4c4a376a7ba2cdd6c.jpg?va=1&ce=2&s=1024x768,agoda.com,exact,,https://www.google.com/maps/search/?api=1&query=20.949425%2C107.038025,hotel:eab0eb1d-8e76-581a-b5e3-9b0e3f8bce3f
Khách sạn Mường Thanh Grand Hạ Long (Muong Thanh Grand Ha Long Hotel),20.954527,107.022202,Khách sạn 4★,Hạ Long,"khách sạn · từ 912.698₫/đêm · Số 7, Block 20, Khu Hùng Thắng, Bãi Cháy, Hạ Long, Hạ Long",1,912698,true,4,https://www.agoda.com/vi-vn/muong-thanh-grand-ha-long-hotel/hotel/halong-vn.html,https://pix6.agoda.net/hotelImages/247789/-1/e87f245d7189b4eb6a7caff64eb24e8b.jpg?va=1&ce=0&s=1024x768,agoda.com,exact,,https://www.google.com/maps/search/?api=1&query=20.954527%2C107.022202,hotel:50771017-3a4b-5155-8468-1b99b71f96a4
Khách sạn Novotel Hạ Long Bay (Novotel Ha Long Bay Hotel),20.951851,107.041969,Khách sạn 5★,Hạ Long,"khách sạn · từ 1.000.000₫/đêm · 160 Đường Hạ Long, Phường Bãi Cháy, Hạ Long, Hạ Long",1,1000000,true,5,https://www.agoda.com/vi-vn/novotel-ha-long-bay-hotel/hotel/halong-vn.html,https://pix6.agoda.net/hotelImages/21663734/459348803/19e5eb946f3188f62426f361537449f7.jpeg?va=1&ce=3&s=1024x768,agoda.com,exact,,https://www.google.com/maps/search/?api=1&query=20.951851%2C107.041969,hotel:6905066f-dc04-5624-b433-9318c197df52
Khách Sạn Royal Lotus Hạ Long (Royal Lotus Hotel Halong),20.95648,107.018478,Khách sạn 4★,Hạ Long,"khách sạn · A13, Khối 1, đường Hoàng Quốc Việt, Đông Hùng Thắng 2, Hạ Long, Hạ Long",1,,false,4,https://www.agoda.com/vi-vn/royal-lotus-hotel-halong-managed-by-h-k-hospitality/hotel/halong-vn.html,https://pix6.agoda.net/hotelImages/501/50103/50103_16062217200043975672.jpg?va=1&ca=6&ce=1&s=1024x768,agoda.com,exact,,https://www.google.com/maps/search/?api=1&query=20.956480%2C107.018478,hotel:f97be021-eeb7-5e99-b1d1-3458bdb85d90
Khách sạn Sài Gòn Hạ Long (Saigon Halong Hotel),20.950919,107.038636,Khách sạn 4★,Hạ Long,"khách sạn · từ 907.937₫/đêm · Đường Hạ long, phường Bãi Cháy, thành phố Hạ long, tỉnh Quảng Ninh, Hạ Long, Hạ Long",1,907937,true,4,https://www.agoda.com/vi-vn/saigon-halong-hotel/hotel/halong-vn.html,https://pix6.agoda.net/hotelImages/434/43427/43427_16051708510042386025.jpg?va=1&ca=6&ce=1&s=1024x768,agoda.com,exact,,https://www.google.com/maps/search/?api=1&query=20.950919%2C107.038636,hotel:09b0ca32-3143-534d-b1b9-d2da4a020aa2
Khách sạn Wyndham Legend Hạ Long (Wyndham Legend Halong Hotel),20.959486,107.060371,Khách sạn 5★,Hạ Long,"khách sạn · từ 1.215.026₫/đêm · Số 12, đường Hạ Long, Phường Bãi Cháy, Hạ Long, Hạ Long",1,1215026,true,5,https://www.agoda.com/vi-vn/wyndham-legend-halong/hotel/halong-vn.html,https://pix8.agoda.net/hotelImages/2309910/0/5a4218659faca2ab2efce11bb20005d8.jpeg?va=1&ce=0&s=1024x768,agoda.com,exact,,https://www.google.com/maps/search/?api=1&query=20.959486%2C107.060371,hotel:091aac77-e92e-5451-9637-f4fdf5991853
Majesty Luxury Prime Cruise by Premier Group,20.934937,106.985996,Khách sạn 5★,Hạ Long,"3 hạng phòng · từ 9.387.549₫/đêm · No 19A ,Tuan Chau Wharf, Hạ Long, Việt Nam",4,9387549,true,5,https://www.booking.com/hotel/vn/majesty-prime-cruise.vi.html,https://cf.bstatic.com/xdata/images/hotel/max1024x768/783832264.jpg?k=211297536d21da0f27b9567678c717d3603a4d909e41167d9b6503efd4bc55f8&o=&hp=1,booking.com,exact,,https://www.google.com/maps/search/?api=1&query=20.934937%2C106.985996,hotel:6969c87e-36c6-558d-baf7-9929b7ff5788
Muong Thanh Luxury Quang Ninh Hotel,20.95647,107.049294,Khách sạn 5★,Hạ Long,"khách sạn · từ 1.015.256₫/đêm · Tổ 1, Khu 2, Phường Bãi Cháy, Thành phố Hạ Long, Tỉnh Quảng Ninh, Hạ Long, Hạ Long",1,1015256,true,5,https://www.agoda.com/vi-vn/muong-thanh-luxury-quang-ninh-hotel/hotel/halong-vn.html,https://pix6.agoda.net/hotelImages/532467/-1/ad23a2e189d9a8ce7d7dac622d4c7e8b.jpg?va=1&ce=0&s=1024x768,agoda.com,exact,,https://www.google.com/maps/search/?api=1&query=20.956470%2C107.049294,hotel:34165720-14c2-5e63-87ab-7e2bb8f44ee8
Paradise Suites Hotel,20.919996,106.988897,Khách sạn 4★,Hạ Long,"khách sạn · từ 948.862₫/đêm · Đảo Tuần Châu, Hạ Long, Quảng Ninh, Đảo Tuần Châu, Hạ Long",1,948862,true,4,https://www.agoda.com/vi-vn/paradise-suites-hotel/hotel/halong-vn.html,https://pix6.agoda.net/hotelImages/545532/-1/dcbffdcd36b8ab1069a9047d8d5efab7.jpg?va=1&ce=0&s=1024x768,agoda.com,exact,,https://www.google.com/maps/search/?api=1&query=20.919996%2C106.988897,hotel:34c230fe-19f8-5ca6-bf05-8652e97da2f3
Peony Cruises,20.919166,106.983212,Khách sạn 5★,Hạ Long,"2 hạng phòng · từ 8.401.780₫/đêm · Lô 34, cảng Quốc tế Tuần Châu, Hạ Long, Việt Nam",3,8401780,true,5,https://www.booking.com/hotel/vn/peony-cruises.vi.html,https://cf.bstatic.com/xdata/images/hotel/max1024x768/411409062.jpg?k=3dadbbd269e4a4942176d0db538bf4289796ddcdc2dc41708b22e088f8051744&o=&hp=1,booking.com,exact,,https://www.google.com/maps/search/?api=1&query=20.919166%2C106.983212,hotel:227da18c-b924-5899-ab2e-33386c9ffebe
Royal Lotus Ha Long Resort and Villas,20.954787,107.004626,Khách sạn 4★,Hạ Long,"khách sạn · từ 1.666.667₫/đêm · Peninsula 2, Hung Thang Urban Area, Hạ Long, Hạ Long",1,1666667,true,4,https://www.agoda.com/vi-vn/royal-lotus-ha-long-resort-villas_3/hotel/halong-vn.html,https://pix6.agoda.net/hotelImages/2642570/-1/ef3eba3d1965b0806aa8b5ac7050f0f9.jpg?va=1&ca=24&ce=0&s=1024x768,agoda.com,exact,,https://www.google.com/maps/search/?api=1&query=20.954787%2C107.004626,hotel:bc42553b-75f1-5fda-be0b-1cbb25d16f51
Vinpearl Resort & Spa Hạ Long,20.941472,107.025306,Khách sạn 5★,Hạ Long,"8 hạng phòng · từ 2.579.685₫/đêm · Đảo Rều, Bãi Cháy, Thành phố Hạ Long, Tỉnh Quảng Ninh",9,2579685,true,5,https://vinpearl.com/vi/hotels/vinpearl-resort-spa-ha-long,https://booking-static.vinpearl.com/hotels/9f0e947613164121825dcfc8056ddd71_VPRSHL_Facade2.jpg,vinpearl,exact,,https://www.google.com/maps/search/?api=1&query=20.941472%2C107.025306,hotel:0ea20753-e3f7-5005-909e-382b704042fc
Wyndham Garden Legend Hạ Long (Wyndham Garden Legend Halong),20.956388,107.056389,Khách sạn 5★,Hạ Long,"khách sạn · từ 1.066.315₫/đêm · Lot C4 Luxury Villa Zone, Group 1 Block 1, Ha Long Road Bai Chay Ward, Hạ Long, Hạ Long",1,1066315,true,5,https://www.agoda.com/vi-vn/wyndham-garden-legend-halong/hotel/h-long-vn.html,https://pix8.agoda.net/hotelImages/58958232/0/71c6cba3d13601bdeeaf8cb80bbed69d.png?va=1&ce=2&s=1024x768,agoda.com,exact,,https://www.google.com/maps/search/?api=1&query=20.956388%2C107.056389,hotel:59be3435-9f98-561d-a609-f9e66e9f37e8
ANVI HOUSE - Vinhomes Imperia Hải Phòng,20.86627,106.668597,Khách sạn 4★,Hải Phòng,"3 hạng phòng · từ 360.000₫/đêm · Vinhomes Imperia, Hồng Bàng, Thành phố Hải Phòng, Việt Nam",4,360000,true,4,https://www.booking.com/hotel/vn/vinhomes-imperia-paris-09-12a-homestay-gia-re.vi.html,https://cf.bstatic.com/xdata/images/hotel/max1024x768/647896167.jpg?k=2a96e0471118b7458de6a9ae0c5a441f679a3815ab3c62d1834b1b7cf9fc64fe&o=&hp=1,booking.com,exact,,https://www.google.com/maps/search/?api=1&query=20.866270%2C106.668597,hotel:e332a0c5-ade3-5006-862e-72f248ed8662
Aui Máy Tơ,20.863977,106.695847,Khách sạn 3★,Hải Phòng,"khách sạn · từ 368.578₫/đêm · 38 Máy Tơ, Trung tâm thành phố/chợ Sắt, Hải Phòng",1,368578,true,3,https://www.agoda.com/vi-vn/aui-hotel-h35913056/hotel/haiphong-vn.html,https://pix8.agoda.net/hotelImages/36221957/-1/fb2fc45546bacf328cb7ca774f251b58.jpg?va=1&ce=0&s=1024x768,agoda.com,exact,,https://www.google.com/maps/search/?api=1&query=20.863977%2C106.695847,hotel:90024329-7144-51be-9d17-d2958cff0b3b
Cabalina Grove,20.808207,106.946912,Khách sạn 4★,Hải Phòng,"3 hạng phòng · từ 1.000.000₫/đêm · ĐT356 10, 180000 Ðảo Cát Bà, Việt Nam",4,1000000,true,4,https://www.booking.com/hotel/vn/cabalina-grove.vi.html,https://cf.bstatic.com/xdata/images/hotel/max1024x768/866281172.jpg?k=3abc32124dcf561f971654e1123b52b6e1ce050862697bee878944b205ef1226&o=&hp=1,booking.com,exact,,https://www.google.com/maps/search/?api=1&query=20.808207%2C106.946912,hotel:4c1e42c4-a93e-5761-95d2-b6da955acb8b
Camela Hotel and Resort,20.875751,106.643379,Khách sạn 4★,Hải Phòng,"khách sạn · từ 712.081₫/đêm · Số 515A Đường Hùng Vương, Quận Hồng Bàng, Ven sông - Sông Cấm/Cảng cũ, Hải Phòng",1,712081,true,4,https://www.agoda.com/vi-vn/camela-hotel-and-resort/hotel/haiphong-vn.html,https://pix6.agoda.net/hotelImages/186695/0/34671b9819b53c4e1412f48ff9dc7d04.jpeg?va=1&ce=0&s=1024x768,agoda.com,exact,,https://www.google.com/maps/search/?api=1&query=20.875751%2C106.643379,hotel:6ef0f8ac-6a02-582e-b2b4-8c837bbcd6c9
Cat Ba Maison Bay View Villa,20.731563,107.057468,Khách sạn,Hải Phòng,"1 hạng phòng · từ 1.594.687₫/đêm · Đường xuyên đảo Cát Bà, Ðồng Khê Sâu, Việt Nam",2,1594687,true,,https://www.booking.com/hotel/vn/villa-old-town-cat-ba.vi.html,https://cf.bstatic.com/xdata/images/hotel/max1024x768/894453520.jpg?k=92f927b6ba30505636d42341dff2d4d06015a439549df940ec1431f2c40d9656&o=&hp=1,booking.com,exact,,https://www.google.com/maps/search/?api=1&query=20.731563%2C107.057468,hotel:e329a6e1-afc6-543c-b5f1-084525f80a9d
Cat Ba Plaza Hotel,20.732021,107.057947,Khách sạn 2★,Hải Phòng,"3 hạng phòng · từ 570.000₫/đêm · 229 Cái Bèo 229 cái bèo.cát bà hải phòng, Đảo Cát Bà, Việt Nam",4,570000,true,2,https://www.booking.com/hotel/vn/alibaba-39-s-thanh-pho-hai-phong.vi.html,https://cf.bstatic.com/xdata/images/hotel/max1024x768/532812689.jpg?k=d1b0239fe1d4baa6154da2659ebba41aa58fb2039abcc32f5195d357bf295d88&o=&hp=1,booking.com,exact,,https://www.google.com/maps/search/?api=1&query=20.732021%2C107.057947,hotel:2eee79fe-27b2-59a8-b071-37da1fcfcc82
Cat Ba Sena Valley Retreat,20.751123,106.983737,Khách sạn,Hải Phòng,"3 hạng phòng · từ 1.667.205₫/đêm · Chut Chit Beach, Xuan Dam Commune, Xuân Đám, Việt Nam",4,1667205,true,,https://www.booking.com/hotel/vn/cat-ba-sena-valley-retreat.vi.html,https://cf.bstatic.com/xdata/images/hotel/max1024x768/904402788.jpg?k=4b119b9627a7f205226119d9edd3714acf17de6954db1b52abf21c794d6665a8&o=&hp=1,booking.com,exact,,https://www.google.com/maps/search/?api=1&query=20.751123%2C106.983737,hotel:014df0f7-516e-5b85-8f93-79668152b34d
Cat Ba Sunshine Hotel,20.8,106.999722,Khách sạn,Hải Phòng,"3 hạng phòng · từ 350.000₫/đêm · Cát Bà Island 24 Nui Ngoc, 180000 Ðảo Cát Bà, Việt Nam",4,350000,true,,https://www.booking.com/hotel/vn/anh-duong-cat-hai.vi.html,https://cf.bstatic.com/xdata/images/hotel/max1024x768/851877771.jpg?k=411fe58cda8648bebed77e3af7f4aeb9ce9e4ef305fb97bbe9a33879f46068d7&o=&hp=1,booking.com,exact,,https://www.google.com/maps/search/?api=1&query=20.800000%2C106.999722,hotel:59938b20-83f7-555f-934a-ed27f2b2fa14
CATBA HEVEN HILLs,20.752569,106.985233,Khách sạn,Hải Phòng,"2 hạng phòng · từ 1.800.000₫/đêm · Thôn 2 Xuân Đám, Xuân Đám, Việt Nam",3,1800000,true,,https://www.booking.com/hotel/vn/aroma-garden-homestay-1.vi.html,https://cf.bstatic.com/xdata/images/hotel/max1024x768/899788145.jpg?k=7993e6a918785953089480fc6a492f084581cea406e70431e61adeea4011381a&o=&hp=1,booking.com,exact,,https://www.google.com/maps/search/?api=1&query=20.752569%2C106.985233,hotel:47767761-2e0b-5a5d-b995-30590cf63760
Family Home Catba,20.724341,107.052501,Khách sạn,Hải Phòng,"3 hạng phòng · từ 168.000₫/đêm · 34 Pháo Đài, 187300 Đảo Cát Bà, Việt Nam",4,168000,true,,https://www.booking.com/hotel/vn/family-home-catba.vi.html,https://cf.bstatic.com/xdata/images/hotel/max1024x768/816968063.jpg?k=24c5c6e6215e09ab45c17fa054a04165af51e563ca3cf70a18adbf7f6913e5f1&o=&hp=1,booking.com,exact,,https://www.google.com/maps/search/?api=1&query=20.724341%2C107.052501,hotel:72a07c9e-8c68-5692-bb5f-90fc9920e8bf
Flamingo Cát Bà Resort Managed by Flamingo Hotels & Resorts,20.717777,107.052744,Khách sạn 5★,Hải Phòng,"3 hạng phòng · từ 3.251.505₫/đêm · Cat Co Beach, Cat Hai, Hai Phong, Đảo Cát Bà, Việt Nam",4,3251505,true,5,https://www.booking.com/hotel/vn/flamingo-cat-ba-beach-resort.vi.html,https://cf.bstatic.com/xdata/images/hotel/max1024x768/591110948.jpg?k=4b63430c373a281fd77655864235a22bbd65b6b3d7950d49d0202ec0bcbde310&o=&hp=1,booking.com,exact,,https://www.google.com/maps/search/?api=1&query=20.717777%2C107.052744,hotel:ccea394c-fc1a-59d1-bcd6-ec6b38fc4c4c
Gau House,20.86326,106.663122,Khách sạn 3★,Hải Phòng,"3 hạng phòng · từ 405.000₫/đêm · BH03-04, Vinhomes Imperia, Thượng Lý, Hồng Bàng, 180000 Thành phố Hải Phòng, Việt Nam",4,405000,true,3,https://www.booking.com/hotel/vn/gau-house-hai-phong.vi.html,https://cf.bstatic.com/xdata/images/hotel/max1024x768/674486943.jpg?k=465d7d853339a18263dc7f8999f6731bb3fe1f4629cb383aae61baa9817dccc1&o=&hp=1,booking.com,exact,,https://www.google.com/maps/search/?api=1&query=20.863260%2C106.663122,hotel:e73c2d3a-50b0-5989-bb20-edc80dd8ccb5
Halidao Homestay,20.859608,106.672156,Khách sạn,Hải Phòng,"3 hạng phòng · từ 419.000₫/đêm · 4/54 Cao Thắng , Hạ Lý , Hồng Bàng, Thành phố Hải Phòng, Việt Nam",4,419000,true,,https://www.booking.com/hotel/vn/halidao-homestay.vi.html,https://cf.bstatic.com/xdata/images/hotel/max1024x768/535550143.jpg?k=f3035c73395979842af81bc576e2b7d5ca1f7991e8c4ad813ad832949e2cf792&o=&hp=1,booking.com,exact,,https://www.google.com/maps/search/?api=1&query=20.859608%2C106.672156,hotel:614d8233-0752-5183-a580-35f72b2c91ff
HAPPY GUEST HOUSE,20.84866,106.689801,Khách sạn 4★,Hải Phòng,"2 hạng phòng · từ 399.000₫/đêm · Số nhà 15, ngõ 70, đường Lạch Tray, Thành phố Hải Phòng, Việt Nam",3,399000,true,4,https://www.booking.com/hotel/vn/happy-guest-house.vi.html,https://cf.bstatic.com/xdata/images/hotel/max1024x768/328504087.jpg?k=e75f8535f1892253d10084aac47d2d8487fdb3577bbfce33a09c69fd2766fcb0&o=&hp=1,booking.com,exact,,https://www.google.com/maps/search/?api=1&query=20.848660%2C106.689801,hotel:9f45b67a-95ae-5f2f-9116-8e437c93154e
Hoang Hai Hotel Haiphong,20.85449,106.683365,Khách sạn 3★,Hải Phòng,"khách sạn · từ 794.202₫/đêm · 109 Cầu Đất, Quận Ngô Quyền, Trung tâm thành phố/chợ Sắt, Hải Phòng",1,794202,true,3,https://www.agoda.com/vi-vn/hoang-hai-hotel-haiphong/hotel/haiphong-vn.html,https://pix6.agoda.net/hotelImages/290092/-1/a2c05bb815d989509fede5f6f5a06a93.jpg?va=1&ca=16&ce=1&s=1024x768,agoda.com,exact,,https://www.google.com/maps/search/?api=1&query=20.854490%2C106.683365,hotel:92c8ceb0-f871-5cf3-9eaf-0c0c8708802e
Hòn Dấu Resort (Hon Dau Resort),20.679977,106.804233,Khách sạn 3.5★,Hải Phòng,"khách sạn · từ 955.026₫/đêm · Khu 3, Phường Vạn Hương, Bãi Biển Đồ Sơn, Hải Phòng",1,955026,true,3.5,https://www.agoda.com/vi-vn/hon-dau-resort/hotel/haiphong-vn.html,https://pix6.agoda.net/hotelImages/288586/-1/730ac77246ab1a67667e8eb57fecdffa.jpg?va=1&ca=13&ce=1&s=1024x768,agoda.com,exact,,https://www.google.com/maps/search/?api=1&query=20.679977%2C106.804233,hotel:593a0b70-c365-55d6-8bce-458a820fe82c
Hotel Nikko Hai Phong,20.823835,106.690806,Khách sạn 5★,Hải Phòng,"3 hạng phòng · từ 1.973.098₫/đêm · No.1 Road 1, Waterfront City, Vinh Niem Ward, Le Chan District, Thành phố Hải Phòng, Việt Nam",4,1973098,true,5,https://www.booking.com/hotel/vn/nikko-hai-phong-hai-phong.vi.html,https://cf.bstatic.com/xdata/images/hotel/max1024x768/271096363.jpg?k=feedc975ea0c29d6ad712bed20222582a505d97778bf02a131a63d46a47e2bd8&o=&hp=1,booking.com,exact,,https://www.google.com/maps/search/?api=1&query=20.823835%2C106.690806,hotel:e4dd537f-3d0e-5bb6-bc75-e3ac220b2d3f
HPT Home II Vinhome Marina chuỗi Apartment - Homestay,20.819776,106.684892,Khách sạn 3★,Hải Phòng,"3 hạng phòng · từ 499.500₫/đêm · SH 1.55 Vinhome Marina - LÃª ChÃ¢n - Háº£i PhÃ²ng, Thành phố Hải Phòng, Việt Nam",4,499500,true,3,https://www.booking.com/hotel/vn/hpt-3-apartment-chuoi-can-ho-hai-phong.vi.html,https://cf.bstatic.com/xdata/images/hotel/max1024x768/707675825.jpg?k=3611a71baebfe9dd425445be23bcce1067a778a6e6ac556a7fd8512a7049c439&o=&hp=1,booking.com,exact,,https://www.google.com/maps/search/?api=1&query=20.819776%2C106.684892,hotel:5f269ba2-a118-52f4-afec-c032c8ee0156
Hương Nguyễn HOTEL & APARTMENT,20.844911,106.688084,Khách sạn 2★,Hải Phòng,"3 hạng phòng · từ 810.000₫/đêm · Việt Nam 251 Vũ Trọng Khánh, Thành phố Hải Phòng, Việt Nam",4,810000,true,2,https://www.booking.com/hotel/vn/huong-nguyen-amp-apartment.vi.html,https://cf.bstatic.com/xdata/images/hotel/max1024x768/907708393.jpg?k=51eb2cee29e4729907f238e2b7772bc0547156ff3b8008409bea399902c7cc9d&o=&hp=1,booking.com,exact,,https://www.google.com/maps/search/?api=1&query=20.844911%2C106.688084,hotel:a9114673-b639-5c4c-9e13-769af24a3138
Khách sạn căn hộ The Eastern gần sân bay Cát Bi (The Eastern Hotel & Apartment- Near CatBi Airport),20.835873,106.72001,Khách sạn 3★,Hải Phòng,"khách sạn · từ 391.534₫/đêm · Lô 14+15 Khu Chung Cư Phúc Lộc, Lê Đức Thịnh, Đằng Hải, Hải An, Hải Phòng, Ngã năm – Sân bay Cát Bi, Hải Phòng",1,391534,true,3,https://www.agoda.com/vi-vn/the-eastern-hotel-apartment-near-catbi-airport/hotel/haiphong-vn.html,https://pix6.agoda.net/hotelImages/85758992/0/e4d6f669618aeef8e38c8925fdcb73c3.png?va=1&ce=3&s=1024x768,agoda.com,exact,,https://www.google.com/maps/search/?api=1&query=20.835873%2C106.720010,hotel:89afa70b-e8d0-5008-a33d-150aa5e5f501
Khách sạn & Căn hộ The Eastern (The Eastern Hotel & Apartment),20.857365,106.681046,Khách sạn 3★,Hải Phòng,"khách sạn · từ 403.266₫/đêm · 9 P. Phan Bội Châu, Hoàng Văn Thụ, Trung tâm thành phố/chợ Sắt, Hải Phòng",1,403266,true,3,https://www.agoda.com/vi-vn/the-eastern-hotel-apartment/hotel/haiphong-vn.html,https://pix8.agoda.net/hotelImages/72429497/0/cf991f407dec71da66c5cb9109fa6262.jpg?va=1&ce=2&s=1024x768,agoda.com,exact,,https://www.google.com/maps/search/?api=1&query=20.857365%2C106.681046,hotel:8ca2d8d3-7679-5518-9d29-1c66e1e2a142
Khách sạn & Căn hộ Victory Hải Phòng (Victory Hotel & Apartment Hai Phong ),20.854153,106.672638,Khách sạn 1★,Hải Phòng,"khách sạn · 119 Nguyễn Đức Cảnh, quận Lê Chân, thành phố Hải Phòng, Việt nam, Trung tâm thành phố/chợ Sắt, Hải Phòng",1,,false,1,https://www.agoda.com/vi-vn/victory-hotel-apt/hotel/haiphong-vn.html,https://pix8.agoda.net/hotelImages/9767209/0/fae16cdf0c6f7a969ad65a959559e263.png?va=1&ce=3&s=1024x768,agoda.com,exact,,https://www.google.com/maps/search/?api=1&query=20.854153%2C106.672638,hotel:99dca737-906b-5203-be45-d937e41697f4
Khách sạn Đông Dương (Dong Duong Hotel),20.850161,106.680465,Khách sạn 2★,Hải Phòng,"khách sạn · từ 308.642₫/đêm · 4D Hồ Sen, quận Lê Chân, TP Hải Phòng, Trung tâm thành phố/chợ Sắt, Hải Phòng",1,308642,true,2,https://www.agoda.com/vi-vn/dong-duong-hotel/hotel/haiphong-vn.html,https://pix6.agoda.net/hotelImages/548250/-1/99c288a02beed341482469f5bc032300.jpg?va=1&ce=0&s=1024x768,agoda.com,exact,,https://www.google.com/maps/search/?api=1&query=20.850161%2C106.680465,hotel:e2d00b1c-d9a1-5ed8-818d-53c1865147fe
Khách sạn Gallant 154 - Gần sân bay Cát Bi (Gallant Hotel 154 - Near Cat Bi Airport),20.829685,106.70433,Khách sạn 3★,Hải Phòng,"khách sạn · từ 358.554₫/đêm · 154 Ng Gia Tự, C t Bi, Hải An, Hải Ph ng, Ngã năm – Sân bay Cát Bi, Hải Phòng",1,358554,true,3,https://www.agoda.com/vi-vn/gallant-hotel-154/hotel/haiphong-vn.html,https://pix6.agoda.net/hotelImages/5647453/-1/771b067337cb4fad74c85f6c8cdb4f8c.jpg?va=1&ce=0&s=1024x768,agoda.com,exact,,https://www.google.com/maps/search/?api=1&query=20.829685%2C106.704330,hotel:9208e29c-7eb1-5652-9add-d5fb8da42797
Khách sạn Hoàng Long - Trung tâm thành phố Hải Phòng (Hoang Long Hotel - Hai Phong City Center),20.859764,106.681931,Khách sạn 3★,Hải Phòng,"khách sạn · từ 941.182₫/đêm · 25 Trần Quang Khải, Hồng B ng, Trung tâm thành phố/chợ Sắt, Hải Phòng",1,941182,true,3,https://www.agoda.com/vi-vn/classic-hoang-long-hotel/hotel/haiphong-vn.html,https://pix6.agoda.net/hotelImages/288282/0/9a0d812f1ce6d1ee450cbcd57f403979.jpg?va=1&ce=3&s=1024x768,agoda.com,exact,,https://www.google.com/maps/search/?api=1&query=20.859764%2C106.681931,hotel:4ea4bded-aa16-528d-885d-39954f0324d4
Khách sạn Hữu Nghị Hải Phòng (Huu Nghi Hotel),20.861776,106.684249,Khách sạn 4★,Hải Phòng,"khách sạn · 60 Điện Biên Phủ, Trung tâm thành phố/chợ Sắt, Hải Phòng",1,,false,4,https://www.agoda.com/vi-vn/huu-nghi-hotel/hotel/haiphong-vn.html,https://pix6.agoda.net/hotelImages/43425/0/7c27d17f71c22bd164fec583d70cc65a.jpeg?va=1&ce=0&s=1024x768,agoda.com,exact,,https://www.google.com/maps/search/?api=1&query=20.861776%2C106.684249,hotel:260d55be-5207-5492-aa37-620d7153f19c
Khách sạn Tecco Đồ Sơn & Spa (Tecco do son),20.679948,106.80508,Khách sạn,Hải Phòng,"khách sạn · Khu Du lịch quốc tế Hòn Dấu, Quận Đồ Sơn, Thành phố Hải Phòng, Việt Nam, Bãi Biển Đồ Sơn, Hải Phòng",1,,false,,https://www.agoda.com/vi-vn/tecco-do-son/hotel/haiphong-vn.html,https://pix6.agoda.net/hotelImages/265/2654848/2654848_17082920570055824323.jpg?va=1&ca=6&ce=1&s=1024x768,agoda.com,exact,,https://www.google.com/maps/search/?api=1&query=20.679948%2C106.805080,hotel:b426a9c8-ed20-5c21-8b50-8e83635f33e4
Khách sạn The Tray Hải Phòng (The Tray Hotel Hai Phong),20.849237,106.690056,Khách sạn 4★,Hải Phòng,"khách sạn · từ 1.369.048₫/đêm · 47 Lạch Tray, phường Gia Vi n, Trung tâm thành phố/chợ Sắt, Hải Phòng",1,1369048,true,4,https://www.agoda.com/vi-vn/nam-cuong-hai-phong-hotel/hotel/haiphong-vn.html,https://pix6.agoda.net/hotelImages/255043/0/161c1815080d8c70eb72903758b07f3a.jpg?va=1&ce=3&s=1024x768,agoda.com,exact,,https://www.google.com/maps/search/?api=1&query=20.849237%2C106.690056,hotel:c3f21b69-ef12-549b-b02e-af2daa62468b
Lan Ha Floating Homestay,20.739411,107.064444,Khách sạn,Hải Phòng,"2 hạng phòng · từ 2.835.000₫/đêm · Lap Tong, Lan Ha Floating Village, Lan Ha Bay, Cat Ba Island, Vietnam, Đảo Cát Bà, Việt Nam",3,2835000,true,,https://www.booking.com/hotel/vn/lan-ha-floating-homestay.vi.html,https://cf.bstatic.com/xdata/images/hotel/max1024x768/479721547.jpg?k=ce5c13237756399bfeb9a9e5ba72fdb48ebcec88efdc07822cb4523eb35bad5e&o=&hp=1,booking.com,exact,,https://www.google.com/maps/search/?api=1&query=20.739411%2C107.064444,hotel:59d573a0-a6a0-520c-8567-518d1a6a237b
Meliá Vinpearl Hai Phong Rivera,20.864005,106.662439,Khách sạn 5★,Hải Phòng,"3 hạng phòng · từ 1.478.264₫/đêm · Manhattan 9 Street, Vinhomes Imperia Urban Area, Hong Bang Ward, Thành phố Hải Phòng, Việt Nam",4,1478264,true,5,https://www.booking.com/hotel/vn/vinpearl-rivera-hai-phong-hai-phong.vi.html,https://cf.bstatic.com/xdata/images/hotel/max1024x768/895780872.jpg?k=71a5bd14f697aea3c791cb591048eaf818385378808a134c0f221eae87961e61&o=&hp=1,booking.com,exact,,https://www.google.com/maps/search/?api=1&query=20.864005%2C106.662439,hotel:16cf5d7b-23c3-5100-b512-24d83394e13e
Mercure Hải Phòng (Mercure Hai Phong),20.851027,106.68779,Khách sạn 5★,Hải Phòng,"khách sạn · từ 1.800.000₫/đêm · Số 12 Lạch Tray, Phường LạchTray, Quận Ngô Quyền, Trung tâm thành phố/chợ Sắt, Hải Phòng",1,1800000,true,5,https://www.agoda.com/vi-vn/mercure-hai-phong/hotel/haiphong-vn.html,https://pix6.agoda.net/hotelImages/21603313/0/a3511333339c768d664236f838e23d70.jpeg?va=1&ce=2&s=1024x768,agoda.com,exact,,https://www.google.com/maps/search/?api=1&query=20.851027%2C106.687790,hotel:3a201463-1e68-5d66-beb5-99a5d9f53233
Nâu Homestay,20.858523,106.688739,Khách sạn 3★,Hải Phòng,"3 hạng phòng · từ 450.000₫/đêm · 15A P.Trần Bình Trọng, Thành phố Hải Phòng, Việt Nam",4,450000,true,3,https://www.booking.com/hotel/vn/greywood-homestay.vi.html,https://cf.bstatic.com/xdata/images/hotel/max1024x768/866791152.jpg?k=4f1c71eb2f62ddeb53301daee1bd6383dab551cf919115bc991a4102dc1c1048&o=&hp=1,booking.com,exact,,https://www.google.com/maps/search/?api=1&query=20.858523%2C106.688739,hotel:f081c3c1-d8c7-5f60-b66f-829f5b570e8b
Nâu Homestay 2,20.855735,106.686392,Khách sạn,Hải Phòng,"3 hạng phòng · từ 625.000₫/đêm · 107 Phố Lương Khánh Thiện, Thành phố Hải Phòng, Việt Nam",4,625000,true,,https://www.booking.com/hotel/vn/nau-homestay-2.vi.html,https://cf.bstatic.com/xdata/images/hotel/max1024x768/897746083.jpg?k=440d149abf666f99db1b07427314f2e5df04b10e2a38e9a8a7b1a3b0c2cdd589&o=&hp=1,booking.com,exact,,https://www.google.com/maps/search/?api=1&query=20.855735%2C106.686392,hotel:df11faa1-e076-50f9-8eef-9231ef783c7b
Ngoc Homestay Hoàng Huy Grand Tower,20.863552,106.659129,Khách sạn 4★,Hải Phòng,"2 hạng phòng · từ 1.170.000₫/đêm · 02 a Đường Hồng Bàng Hoàng Huy Grand Tower, Thành phố Hải Phòng, Việt Nam",3,1170000,true,4,https://www.booking.com/hotel/vn/ngoc-homestay-hoang-huy-grand-tower.vi.html,https://cf.bstatic.com/xdata/images/hotel/max1024x768/480562315.jpg?k=4410f51ec46be7465299833c81052fa9f13c5eea6b0bfee7678eff42bf7a32b5&o=&hp=1,booking.com,exact,,https://www.google.com/maps/search/?api=1&query=20.863552%2C106.659129,hotel:68240460-d233-5f82-8acf-08ec921090b2
Nhà khách Basic (Basic Guest House Hai Phong),20.85924,106.64196,Khách sạn 2★,Hải Phòng,"khách sạn · L4A117 Hoang Huy Pruksa Town An Dong, Thượng Lý/Quán Toan, Hải Phòng",1,,false,2,https://www.agoda.com/vi-vn/basic-guest-house-hotel/hotel/haiphong-vn.html,https://pix8.agoda.net/hotelImages/46432575/0/f221c42385ad6db33fbc07063d31a288.jpg?va=1&ce=0&s=1024x768,agoda.com,exact,,https://www.google.com/maps/search/?api=1&query=20.859240%2C106.641960,hotel:6b32253f-eb6c-5392-b58b-d7121b60f9e7
Peaceful Paradise Homestay,20.856015,106.68621,Khách sạn 3★,Hải Phòng,"2 hạng phòng · từ 495.000₫/đêm · 106 Phố Lương Khánh Thiện ngõ 106 Lương Khánh Thiện, homestay là toà nhà 6 tầng ngay cạnh trường mầm non Sakura, 01234 Thành phố Hải Phòng, Việt Nam",3,495000,true,3,https://www.booking.com/hotel/vn/peaceful-paradise.vi.html,https://cf.bstatic.com/xdata/images/hotel/max1024x768/721039566.jpg?k=755179c3d3c0cff4267eb3ba5d80f6ead989dbbfca0a29beab95d2b6bc6e288c&o=&hp=1,booking.com,exact,,https://www.google.com/maps/search/?api=1&query=20.856015%2C106.686210,hotel:56882ca6-8ce2-5373-8ee7-6b49fd156306
Pullman Hai Phong Grand Hotel,20.86023,106.68823,Khách sạn 5★,Hải Phòng,"3 hạng phòng · từ 2.700.000₫/đêm · No.12 Tran Phu Street Ly Thuong Kiet ward, 180000 Thành phố Hải Phòng, Việt Nam",4,2700000,true,5,https://www.booking.com/hotel/vn/pullman-hai-phong-grand.vi.html,https://cf.bstatic.com/xdata/images/hotel/max1024x768/914652036.jpg?k=7f6632b671ff1f2fd96b7f73120b9c08cc154fd2c091597066ffaecd6e4dfb20&o=&hp=1,booking.com,exact,,https://www.google.com/maps/search/?api=1&query=20.860230%2C106.688230,hotel:e8f223f9-efe7-5b57-a326-98cf86a990b2
SeaView-Mountainview Apartment with Super-King-bed and Bathtube in Flamingo CatBa Beach Resort,20.718298,107.052663,Khách sạn,Hải Phòng,"1 hạng phòng · từ 2.125.000₫/đêm · Flamingo Cát Bà Beach Resort Tòa 3, 84 Đảo Cát Bà, Việt Nam",2,2125000,true,,https://www.booking.com/hotel/vn/seaview-apartment-with-super-king-bed-and-bathtube-in-flamingo-catba-beach-resor.vi.html,https://cf.bstatic.com/xdata/images/hotel/max1024x768/851408190.jpg?k=fa7380395fc52410c049e3a3c5cb61c79e931d83891bb25e1df3cfe246c6b8d5&o=&hp=1,booking.com,exact,,https://www.google.com/maps/search/?api=1&query=20.718298%2C107.052663,hotel:645f8e7c-3a42-5e31-a0dc-4bb63600abac
Sen Hotel Haiphong,20.830057,106.692209,Khách sạn 2★,Hải Phòng,"khách sạn · 919 Đường Thiên Lôi, Phường Kênh Dương, Quận Lê Chân, Cầu Rào, Hải Phòng",1,,false,2,https://www.agoda.com/vi-vn/sen-hotel-haiphong/hotel/haiphong-vn.html,https://pix6.agoda.net/hotelImages/548/548949/548949_15061117270029317266.jpg?va=1&ca=4&ce=1&s=1024x768,agoda.com,exact,,https://www.google.com/maps/search/?api=1&query=20.830057%2C106.692209,hotel:b3c6754b-fd12-5f56-b79f-842cccd8d094
Sheraton Hai Phong,20.863063,106.661753,Khách sạn 5★,Hải Phòng,"3 hạng phòng · từ 2.000.000₫/đêm · Vinhomes Imperia Metropolitan Area, Ha Noi street, Hong Bang district, 180000 Thành phố Hải Phòng, Việt Nam",4,2000000,true,5,https://www.booking.com/hotel/vn/sheraton-hai-phong.vi.html,https://cf.bstatic.com/xdata/images/hotel/max1024x768/467550547.jpg?k=4540b5c70f3f970d59bdc118dc8ad00d770cebc2000cbb79d13d7715eddc9b7a&o=&hp=1,booking.com,exact,,https://www.google.com/maps/search/?api=1&query=20.863063%2C106.661753,hotel:c5fbdb37-6af9-558c-a957-99411f2e77b5
Somerset Central TD Hai Phong City,20.857345,106.699361,Khách sạn 5★,Hải Phòng,"3 hạng phòng · từ 1.654.471₫/đêm · Tower A, TD Plaza, Lot 20A, Le Hong Phong, Dang Giang, Ngo Quyen, Thành phố Hải Phòng, Việt Nam",4,1654471,true,5,https://www.booking.com/hotel/vn/somerset-central-td-hai-phong-city.vi.html,https://cf.bstatic.com/xdata/images/hotel/max1024x768/789983542.jpg?k=e0ca3b773968222df9a677220707f58a3b161c57722056947f97dfde313a79ac&o=&hp=1,booking.com,exact,,https://www.google.com/maps/search/?api=1&query=20.857345%2C106.699361,hotel:3e5d2078-88bd-54c6-a7de-380f3ba472db
Than Coffee & Homestay,20.864823,106.679956,Khách sạn 2★,Hải Phòng,"3 hạng phòng · từ 288.100₫/đêm · Số 9-11 đường Bến Bính, phường Hồng Bàng, Thành phố Hải Phòng, Việt Nam",4,288100,true,2,https://www.booking.com/hotel/vn/than-coffee-amp-homestay.vi.html,https://cf.bstatic.com/xdata/images/hotel/max1024x768/789812726.jpg?k=8d173331223ff3ac80e7703bb52b636ce9e35981a14e8c68d57c5af11c58b1a2&o=&hp=1,booking.com,exact,,https://www.google.com/maps/search/?api=1&query=20.864823%2C106.679956,hotel:1dcf5cb3-dc78-5f22-ab7c-e52dfc67a5c3
The Healing Camp - Uncommon Stay,20.750978,106.982936,Khách sạn,Hải Phòng,"3 hạng phòng · từ 255.000₫/đêm · Thôn 4 Xuân Đám, Đặc Khu Cát Hải, Thành Phố Hải Phòng, Việt Nam, 181080 Xuân Đám, Việt Nam",4,255000,true,,https://www.booking.com/hotel/vn/the-healing-camp-uncommon-stay.vi.html,https://cf.bstatic.com/xdata/images/hotel/max1024x768/890024244.jpg?k=3e97f4252a9b132348c3ad4b9c3dee37d80125a770c499f458420991bd67211f&o=&hp=1,booking.com,exact,,https://www.google.com/maps/search/?api=1&query=20.750978%2C106.982936,hotel:d2c22933-d4e8-5d6d-b206-a3c8a420c6ca
The LuxHomes Apartment ᵀᴹ I HOT Độc Đáo Nhất Vinhomes Marina,20.81942,106.68656,Khách sạn 4★,Hải Phòng,"3 hạng phòng · từ 444.600₫/đêm · HD103 vinhome marina, Vĩnh Niệm, Lê Chân 03-04, Thành phố Hải Phòng, Việt Nam",4,444600,true,4,https://www.booking.com/hotel/vn/can-ho-2-ngu-doc-dao-nhat-vinhome-marina.vi.html,https://cf.bstatic.com/xdata/images/hotel/max1024x768/861146169.jpg?k=97b3b61fea3de0b335d9da2573241dd59e6bbc7c4a9712e619a27c9ae579aff5&o=&hp=1,booking.com,exact,,https://www.google.com/maps/search/?api=1&query=20.819420%2C106.686560,hotel:1deaf61a-0c3d-5b26-833e-c25c7ccb4286
The May Legend Catba,20.718402,107.051999,Khách sạn 5★,Hải Phòng,"2 hạng phòng · từ 2.219.995₫/đêm · Cat Co 1, Đảo Cát Bà, Việt Nam",3,2219995,true,5,https://www.booking.com/hotel/vn/catba-island-resort.vi.html,https://cf.bstatic.com/xdata/images/hotel/max1024x768/614459970.jpg?k=002dafcea5e7f8837d7f9973f71089e9ccdbb060f304ba08a75606e39ccbddbb&o=&hp=1,booking.com,exact,,https://www.google.com/maps/search/?api=1&query=20.718402%2C107.051999,hotel:1731852a-7c1b-5188-8cf4-f6a2391aa8de
Vinhome Marina by HPT Homestay - Apartment Hai Phong City,20.821496,106.691609,Khách sạn 3★,Hải Phòng,"3 hạng phòng · từ 495.000₫/đêm · Số Sh 28 Vinhome Marina, Lê Chân, Hải Phòng, Việt Nam, Thành phố Hải Phòng, Việt Nam",4,495000,true,3,https://www.booking.com/hotel/vn/pnl-apartment.vi.html,https://cf.bstatic.com/xdata/images/hotel/max1024x768/670180892.jpg?k=46c4a677d45ba9c7096171a434a6f023363851387203e57ec36cdcdbcee381d7&o=&hp=1,booking.com,exact,,https://www.google.com/maps/search/?api=1&query=20.821496%2C106.691609,hotel:d6c880f0-9c38-5cd1-83df-c9d9894d5d7c
"Wink Hai Phong Centre, Unscripted by Hyatt - 24 Hours stay",20.861481,106.68076,Khách sạn 5★,Hải Phòng,"3 hạng phòng · từ 1.100.000₫/đêm · 135 Dien Bien Phu, 180000 Thành phố Hải Phòng, Việt Nam",4,1100000,true,5,https://www.booking.com/hotel/vn/wink-hai-phong.vi.html,https://cf.bstatic.com/xdata/images/hotel/max1024x768/907133947.jpg?k=3735a9a9a0f945993e4fc52ab56c73858f6d5d6f58f6a9a8ec0e60ad41d87684&o=&hp=1,booking.com,exact,,https://www.google.com/maps/search/?api=1&query=20.861481%2C106.680760,hotel:dcc680bf-d4e1-5bcd-a8db-22cc19471388
Allegro Hoi An . A Little Luxury Hotel & Spa,15.880233,108.324921,Khách sạn 5★,Hội An,"3 hạng phòng · từ 2.723.405₫/đêm · 02- 86 Tran Hung Dao, Cẩm Phô, Hội An, Việt Nam",4,2723405,true,5,https://www.booking.com/hotel/vn/allegro-hoi-an-little-luxury-amp-spa.vi.html,https://cf.bstatic.com/xdata/images/hotel/max1024x768/918196740.jpg?k=9901abe18b95aa0e43dae9a0c94a2e21dbf86a3f1a4cce209458db2efda7bed2&o=&hp=1,booking.com,exact,,https://www.google.com/maps/search/?api=1&query=15.880233%2C108.324921,hotel:e91ed259-7db9-57e8-b24c-e79570811241
Anio Boutique Hotel Hoian,15.889615,108.329518,Khách sạn 4★,Hội An,"3 hạng phòng · từ 1.224.090₫/đêm · 03 Le Dinh Tham Street, Cam Chau Ward, Cẩm Châu, Hội An, Việt Nam",4,1224090,true,4,https://www.booking.com/hotel/vn/anio-boutique-hoian.vi.html,https://cf.bstatic.com/xdata/images/hotel/max1024x768/203518510.jpg?k=a29fb56caa5f6645c3e617cfeb2eadbdc723000c6e05fafe2964ac55acb2fd93&o=&hp=1,booking.com,exact,,https://www.google.com/maps/search/?api=1&query=15.889615%2C108.329518,hotel:653b0b42-a0f9-5edd-97fe-3398e6c68582
BACKHOME BOUTIQUE Old Town Hoi An,15.882078,108.324611,Khách sạn,Hội An,"3 hạng phòng · từ 727.957₫/đêm · 39-41 Ba Trieu, phuong Cam Pho, Cẩm Phô, Hội An, Việt Nam",4,727957,true,,https://www.booking.com/hotel/vn/backhome.vi.html,https://cf.bstatic.com/xdata/images/hotel/max1024x768/866073822.jpg?k=082fcc51085cb2d9d9cdd00c6dc682f754e226f5f4634c31272bd83df6fcf3fe&o=&hp=1,booking.com,exact,,https://www.google.com/maps/search/?api=1&query=15.882078%2C108.324611,hotel:ec9432a9-a8e6-57d3-acc4-e658b1ff2666
Dom Hostel and Bar,15.881917,108.325881,Khách sạn,Hội An,"3 hạng phòng · từ 126.000₫/đêm · 58 Bà Triệu 58 Bà Triệu, Tp Hội An, Cẩm Phô, Hội An, Việt Nam",4,126000,true,,https://www.booking.com/hotel/vn/dom-hostel-and-bar.vi.html,https://cf.bstatic.com/xdata/images/hotel/max1024x768/463081472.jpg?k=d16b59e9aa8d39fd4d86ef6fa7711219a342f7c22e9bd406ce7b669f6d691a30&o=&hp=1,booking.com,exact,,https://www.google.com/maps/search/?api=1&query=15.881917%2C108.325881,hotel:f5a14894-b578-5251-924d-a9f13fe7f467
Dom Hostel Old Town Hoi An,15.882051,108.327415,Khách sạn 3.5★,Hội An,"khách sạn · từ 421.296₫/đêm · Thái Phiên, Sơn Phong, Hội An",1,421296,true,3.5,https://www.agoda.com/vi-vn/dom-hostel-old-town-hoi-an/hotel/hoi-an-vn.html,https://q-xx.bstatic.com/xdata/images/hotel/max1024x768/749244157.jpg?k=9af3979af822d0edce6844c88b49cf3f7572cab7387ad34805f84d038fe2aff6&o=,agoda.com,exact,,https://www.google.com/maps/search/?api=1&query=15.882051%2C108.327415,hotel:dbb462df-ceed-5095-a673-759709ca9d4d
Em's House Hoi An Homestay 2,15.877003,108.32205,Khách sạn,Hội An,"3 hạng phòng · từ 995.490₫/đêm · 28 Đào Duy Từ, Cẩm Phô, 560000 Hội An, Việt Nam",4,995490,true,,https://www.booking.com/hotel/vn/ems-house-homestay-2.vi.html,https://cf.bstatic.com/xdata/images/hotel/max1024x768/710497495.jpg?k=0d20f2f0d2f3c8c37220b1d74efe671e87a4f7e14a528a9958b3ba8b1d48e73a&o=&hp=1,booking.com,exact,,https://www.google.com/maps/search/?api=1&query=15.877003%2C108.322050,hotel:887e7541-e901-53eb-8345-db15a1142c24
"Grand Signature Resort Hoi An by M Village, a brand of Modern Village Lifestyle",15.886994,108.319573,Khách sạn 5★,Hội An,"3 hạng phòng · từ 1.684.098₫/đêm · 28 Nguyen Tat Thanh, Hoi An Tay Ward, Da Nang City, Tân An, Hội An, Việt Nam",4,1684098,true,5,https://www.booking.com/hotel/vn/hoi-an-silk-village-resort-amp-spa.vi.html,https://cf.bstatic.com/xdata/images/hotel/max1024x768/847730414.jpg?k=9d164484968b50402b2320a4363dc44bf66367510a3841b688d4eb8a5b9eceb4&o=&hp=1,booking.com,exact,,https://www.google.com/maps/search/?api=1&query=15.886994%2C108.319573,hotel:54eee350-598b-5e7c-91fa-7e26bbcd07a6
Grand Sunrise Palace Hội An (Grand Sunrise Palace Hoi An),15.885579,108.350227,Khách sạn 5★,Hội An,"khách sạn · từ 1.473.118₫/đêm · 320 Cua Dai Street, Cam Chau, Hoi An City, Cẩm Châu, Hội An",1,1473118,true,5,https://www.agoda.com/vi-vn/grand-sunrise-palace-hoi-an-h38715126/hotel/hoi-an-vn.html,https://pix8.agoda.net/hotelImages/44777877/0/81ce6608f2bec362ec9d2ef37473d1a9.png?va=1&ce=3&s=1024x768,agoda.com,exact,,https://www.google.com/maps/search/?api=1&query=15.885579%2C108.350227,hotel:06f5b0a0-3b16-5a5f-91aa-a8c8e624c9ff
Hai Hội Villa Hoi An,15.874373,108.331307,Khách sạn,Hội An,"3 hạng phòng · từ 693.000₫/đêm · 80 Lương Như Bích, Cẩm Nam, Hội An, Việt Nam",4,693000,true,,https://www.booking.com/hotel/vn/hai-hoi-villa-hoi-an.vi.html,https://cf.bstatic.com/xdata/images/hotel/max1024x768/567753455.jpg?k=afa8f1cd36646504a02efa3a47bdeb2025af8b685c6092b9d7700c6061341d2d&o=&hp=1,booking.com,exact,,https://www.google.com/maps/search/?api=1&query=15.874373%2C108.331307,hotel:ad96c58c-42f6-56f2-a636-da94f67a679f
Hào Anh Villa Hội An,15.884244,108.343317,Khách sạn,Hội An,"3 hạng phòng · từ 408.000₫/đêm · 86 Trần Nhân Tông, Cẩm Châu, Hội An, Việt Nam",4,408000,true,,https://www.booking.com/hotel/vn/hao-anh-villa-hoi-an.vi.html,https://cf.bstatic.com/xdata/images/hotel/max1024x768/167456703.jpg?k=4e24c58f25df732241ad395dd76a96686c36b40314b5001a6248c8f0f1b7cbdb&o=&hp=1,booking.com,exact,,https://www.google.com/maps/search/?api=1&query=15.884244%2C108.343317,hotel:677dc2a5-1ea7-57a8-9b0e-1cda6c553657
HOI AN HEART LODGE,15.880805,108.327219,Khách sạn 4★,Hội An,"2 hạng phòng · từ 845.948₫/đêm · 621/7 Hai Bà Trưng, Cẩm Phô, Quảng Nam, Cẩm Phô, Hội An, Việt Nam",3,845948,true,4,https://www.booking.com/hotel/vn/hoi-an-heart-lodge.vi.html,https://cf.bstatic.com/xdata/images/hotel/max1024x768/262503980.jpg?k=fa5fb1434cee49ca15a048d55d1578206c3314ddf60313caa2da219ad44da9ff&o=&hp=1,booking.com,exact,,https://www.google.com/maps/search/?api=1&query=15.880805%2C108.327219,hotel:dec57727-1167-5e06-b398-90726381be80
HOI AN HISTORIC HOTEL,15.880036,108.330927,Khách sạn 4★,Hội An,"3 hạng phòng · từ 1.620.000₫/đêm · 10 Tran Hung Dao, Sơn Phong, Hội An, Việt Nam",4,1620000,true,4,https://www.booking.com/hotel/vn/hoi-an-historic.vi.html,https://cf.bstatic.com/xdata/images/hotel/max1024x768/753286606.jpg?k=43cede0eaba791985f758abf01f2af1632fc3d5728c747defc55d8f45d9d27e7&o=&hp=1,booking.com,exact,,https://www.google.com/maps/search/?api=1&query=15.880036%2C108.330927,hotel:d23df277-51a5-5c8f-ae94-8a96a9f24e5e
Hoi An Legend Charm Boutique Hoi An Hotel,15.872274,108.335643,Khách sạn 3★,Hội An,"2 hạng phòng · từ 416.606₫/đêm · 121 Nguyễn Tri Phương Cẩm Nam, Cẩm Nam, Hội An, Việt Nam",3,416606,true,3,https://www.booking.com/hotel/vn/legend-thanh-pho-hoi-an1.vi.html,https://cf.bstatic.com/xdata/images/hotel/max1024x768/624243709.jpg?k=98f89d6a20117c00cb7709b1cc006aafb6607dc1c8dbed8f502f5a307246dcbe&o=&hp=1,booking.com,exact,,https://www.google.com/maps/search/?api=1&query=15.872274%2C108.335643,hotel:997ce437-42e9-542b-ab6b-47f6f9e50471
Khách sạn Hội An Moon Premium Boutique and Spa (Hoi An Moon Premium Boutique Hotel and Spa),15.881267,108.32743,Khách sạn 5★,Hội An,"khách sạn · từ 1.650.350₫/đêm · 242 Nguyen Duy Hieu, Sơn Phong, Hội An",1,1650350,true,5,https://www.agoda.com/vi-vn/hoi-an-moon-premium-boutique-hotel-spa/hotel/hoi-an-vn.html,https://pix8.agoda.net/hotelImages/90025419/0/20080360eeadcf31817fbf92f83cb455.jpg?va=1&ce=3&s=1024x768,agoda.com,exact,,https://www.google.com/maps/search/?api=1&query=15.881267%2C108.327430,hotel:77878272-262e-521d-b05e-ac51299bd025
Khách sạn L’Heritage Riverside Hội An (L’Heritage Riverside Hoi An),15.875614,108.345097,Khách sạn 4★,Hội An,"khách sạn · từ 1.068.222₫/đêm · 54 Huyen Tran Cong Chua, Cẩm Châu, Hội An",1,1068222,true,4,https://www.agoda.com/vi-vn/l-heritage-riverside-hoi-an/hotel/hoi-an-vn.html,https://pix6.agoda.net/hotelImages/77187803/0/4910330e0a9dd8c72fa3a16b970f7067.jpg?va=1&ce=3&s=1024x768,agoda.com,exact,,https://www.google.com/maps/search/?api=1&query=15.875614%2C108.345097,hotel:f3930bff-7afc-5189-acb9-63be0f60e900
Khách sạn & Spa Faifo Boutique (Faifo Boutique Hotel & Spa),15.892835,108.36113,Khách sạn 5★,Hội An,"khách sạn · từ 765.709₫/đêm · 89 Cửa Đại, Hội An Đông, Cẩm Châu, Hội An",1,765709,true,5,https://www.agoda.com/vi-vn/faifo-boutique-hotel-spa/hotel/hoi-an-vn.html,https://pix8.agoda.net/hotelImages/91933144/0/543147779fe3eba613bdea22f20667ba.png?va=1&ce=3&s=1024x768,agoda.com,exact,,https://www.google.com/maps/search/?api=1&query=15.892835%2C108.361130,hotel:126a3eb8-8855-5c8b-8052-5fb66f965b0e
Khu nghỉ dưỡng Bel Marina Hội An (Bel Marina Hoi An Resort),15.874426,108.322342,Khách sạn 5★,Hội An,"khách sạn · từ 2.095.238₫/đêm · 127 Nguyen Phuc Tan Street, Minh An, Hội An",1,2095238,true,5,https://www.agoda.com/vi-vn/hoi-an-silk-marina-resort-and-spa/hotel/hoi-an-vn.html,https://pix6.agoda.net/hotelImages/400345/0/ffe2f28152d93033c45c586e2ce072cc.jpg?va=1&ce=2&s=1024x768,agoda.com,exact,,https://www.google.com/maps/search/?api=1&query=15.874426%2C108.322342,hotel:29dd627a-0821-5282-8e03-272cdf853fb9
Khu Nghỉ Dưỡng & Spa Sunrise Premium Hội An (Sunrise Premium Resort Hoi An),15.889647,108.378624,Khách sạn 5★,Hội An,"khách sạn · Đường Âu Cơ, Cửa Đại, Hội An",1,,false,5,https://www.agoda.com/vi-vn/sunrise-premium-resort-hoi-an/hotel/hoi-an-vn.html,https://pix6.agoda.net/hotelImages/291109/-1/0f489cdc24911e94271c652502b8cd82.jpg?va=1&ca=12&ce=1&s=1024x768,agoda.com,exact,,https://www.google.com/maps/search/?api=1&query=15.889647%2C108.378624,hotel:0942b339-09ad-5d32-8380-86e6744e7ce0
La Siesta Hoi An Resort & Spa,15.879972,108.316377,Khách sạn 5★,Hội An,"3 hạng phòng · từ 2.429.988₫/đêm · 132-134 Hung Vuong, Thanh Ha Ward, Thanh Hà, Hội An, Việt Nam",4,2429988,true,5,https://www.booking.com/hotel/vn/hoi-an-la-siesta-resort-amp-spa.vi.html,https://cf.bstatic.com/xdata/images/hotel/max1024x768/785564248.jpg?k=2581bf36c9fd9192538435bbd45b9895de4cf6df2a5beaca25a33ca283072bad&o=&hp=1,booking.com,exact,,https://www.google.com/maps/search/?api=1&query=15.879972%2C108.316377,hotel:8f963aaf-a8a4-52b9-b09a-c0aa4529fd74
Lasenta Boutique Hotel Hoian,15.882268,108.340634,Khách sạn,Hội An,"khách sạn · từ 1.243.386₫/đêm · 57 Lý Thường Kiệt, Phường Hội An Đ ng, Th nh Phố Đ Nẵng, Cẩm Châu, Hội An",1,1243386,true,,https://www.agoda.com/vi-vn/lasenta-boutique-hotel-hoian/hotel/hoi-an-vn.html,https://pix6.agoda.net/hotelImages/1186354/-1/02a4f8aa1daaf0148394a3f8f0cef8da.jpg?va=1&ce=0&s=1024x768,agoda.com,exact,,https://www.google.com/maps/search/?api=1&query=15.882268%2C108.340634,hotel:492ea8ef-4aec-576e-bcc2-1822e7a5eb09
LePavillon Hội An Luxury Resort (Le Pavillon Hoi An Luxury Resort & Spa),15.879295,108.34623,Khách sạn 4★,Hội An,"khách sạn · từ 915.360₫/đêm · 145B Trần Nhân Tông, Cẩm Châu, Hội An",1,915360,true,4,https://www.agoda.com/vi-vn/le-pavillon-hoi-an-luxury-resort-spa_3/hotel/hoi-an-vn.html,https://pix6.agoda.net/hotelImages/2816914/-1/9c421ecc5cff2093cef25514049add91.jpg?va=1&ce=0&s=1024x768,agoda.com,exact,,https://www.google.com/maps/search/?api=1&query=15.879295%2C108.346230,hotel:60d22c42-0718-5ddb-bf23-b9381650cc28
Little Residence. Khách sạn nhỏ sang trọng và Spa (Little Residence. A Boutique Hotel & Spa),15.876705,108.320435,Khách sạn 4★,Hội An,"khách sạn · từ 1.309.524₫/đêm · 35 Dao Duy Tu, Cam Pho, Hoi An, Cẩm Phô, Hội An",1,1309524,true,4,https://www.agoda.com/vi-vn/la-residencia-a-little-boutique-hotel-spa/hotel/hoi-an-vn.html,https://pix6.agoda.net/hotelImages/754584/-1/1fd8aa1a83c5c76a09f07878ac83a06d.jpg?va=1&ce=0&s=1024x768,agoda.com,exact,,https://www.google.com/maps/search/?api=1&query=15.876705%2C108.320435,hotel:197f17a9-a273-58d5-825e-793c11d9d8c0
Little Riverside . Một Khách Sạn & Spa Sang Trọng (Little Riverside . A Luxury Hotel & Spa),15.876844,108.336418,Khách sạn 5★,Hội An,"khách sạn · từ 2.878.307₫/đêm · 09 Phan Bội Châu, Cẩm Châu, Hội An",1,2878307,true,5,https://www.agoda.com/vi-vn/little-riverside-a-luxury-hotel-spa/hotel/hoi-an-vn.html,https://pix6.agoda.net/hotelImages/4997756/-1/d932e7b02d5ecdbca3be5681678f801f.jpg?va=1&ca=0&ce=1&s=1024x768,agoda.com,exact,,https://www.google.com/maps/search/?api=1&query=15.876844%2C108.336418,hotel:1fe7e51c-30e5-5246-93bf-97a109da8ac1
Longan Homestay,15.87887,108.322628,Khách sạn,Hội An,"2 hạng phòng · từ 380.000₫/đêm · 1/2 Hung Vuong, Cẩm Phô, Hội An, Việt Nam",3,380000,true,,https://www.booking.com/hotel/vn/longan-homestay.vi.html,https://cf.bstatic.com/xdata/images/hotel/max1024x768/236943752.jpg?k=4c5a4590290844358f33e0647a6da2f0e09f9cc6c56b10fe1b80add8aca52bed&o=&hp=1,booking.com,exact,,https://www.google.com/maps/search/?api=1&query=15.878870%2C108.322628,hotel:3ea9f4c4-57a2-5d16-932e-1da60fe4eaf7
Metta Living Hoi An,15.887156,108.379056,Khách sạn 3★,Hội An,"3 hạng phòng · từ 492.700₫/đêm · 81 Thân Nhân Trung, 560000 Hội An, Việt Nam",4,492700,true,3,https://www.booking.com/hotel/vn/metta-living-hoi-an.vi.html,https://cf.bstatic.com/xdata/images/hotel/max1024x768/876721409.jpg?k=53e2499e6eec2cfbd253fbca2b5dc15aec2430a3ac91385d58ffa7512444faf2&o=&hp=1,booking.com,exact,,https://www.google.com/maps/search/?api=1&query=15.887156%2C108.379056,hotel:dbafe368-7067-5884-b32c-b88eb8719118
Okra Hoian Homestay,15.890688,108.32856,Khách sạn 4.5★,Hội An,"khách sạn · từ 719.481₫/đêm · 14 Thích Quảng Đức, Cẩm Hà, Hội An",1,719481,true,4.5,https://www.agoda.com/vi-vn/okra-hoian/hotel/da-nang-vn.html,https://pix6.agoda.net/hotelImages/14498722/-1/70000872d7d23bbac83b62fadf7099c3.jpg?va=1&ce=0&s=1024x768,agoda.com,exact,,https://www.google.com/maps/search/?api=1&query=15.890688%2C108.328560,hotel:ccf208bb-0474-5f6c-b790-8c219571a339
Palm Garden Beach Resort & Spa,15.900419,108.358755,Khách sạn 5★,Hội An,"3 hạng phòng · từ 2.943.014₫/đêm · Lac Long Quan, Cua Dai Beach, Cẩm An, Hội An, Việt Nam",4,2943014,true,5,https://www.booking.com/hotel/vn/palm-garden-beach-resort-spa-510.vi.html,https://cf.bstatic.com/xdata/images/hotel/max1024x768/634256596.jpg?k=407ce5f698599b714e56d1770501ace4d82ed724543de5c6aa02d76937fbe133&o=&hp=1,booking.com,exact,,https://www.google.com/maps/search/?api=1&query=15.900419%2C108.358755,hotel:a399e5cb-56d4-5c4e-83bf-d2786a302a56
"Riverside Hoi An, Dolphins Hostel",15.875808,108.322453,Khách sạn 3★,Hội An,"3 hạng phòng · từ 135.000₫/đêm · 7 Thoại Ngọc Hầu, Minh An, 540000 Hội An, Việt Nam",4,135000,true,3,https://www.booking.com/hotel/vn/dolphins-hostel.vi.html,https://cf.bstatic.com/xdata/images/hotel/max1024x768/910674545.jpg?k=4c65e35cc8a0bbbc5d69d8b60d183e4ddf8d516a92a9da381bf08e6a943980e6&o=&hp=1,booking.com,exact,,https://www.google.com/maps/search/?api=1&query=15.875808%2C108.322453,hotel:b65c2c60-bd65-5884-bc07-7742cf3211d6
RiverTown Hoi An Resort & Spa,15.875883,108.320503,Khách sạn 5★,Hội An,"khách sạn · từ 1.785.403₫/đêm · 47 Thoại Ngọc Hầu, Cẩm Phô, Hội An",1,1785403,true,5,https://www.agoda.com/vi-vn/hoi-an-river-town-hotel/hotel/hoi-an-vn.html,https://pix6.agoda.net/hotelImages/1195833/0/bb10fbd1efbe5b3ccabcc8bd0f464f50.png?va=1&ce=3&s=1024x768,agoda.com,exact,,https://www.google.com/maps/search/?api=1&query=15.875883%2C108.320503,hotel:8ca45766-9b1d-5994-8928-579c99f87d48
RMH Le Belhamy Beach Resort,15.923796,108.32463,Khách sạn 3★,Hội An,"2 hạng phòng · từ 768.956₫/đêm · Biển Hà My, Điện Dương, 560000 Hội An, Việt Nam",3,768956,true,3,https://www.booking.com/hotel/vn/sbh-le-belhamy-beach-resort.vi.html,https://cf.bstatic.com/xdata/images/hotel/max1024x768/895316534.jpg?k=31b941cbd931fb1018cdc4dbcae98410ecccd3339b0c6002e874bef3044a6939&o=&hp=1,booking.com,exact,,https://www.google.com/maps/search/?api=1&query=15.923796%2C108.324630,hotel:01fe49e9-86f1-5db5-8f8d-ad7cb3c1f820
Sen Village Hội An (Sen Village Hoi An),15.880587,108.340853,Khách sạn 5★,Hội An,"khách sạn · từ 1.243.254₫/đêm · 488 Cửa Đại, Cẩm Châu, Hội An",1,1243254,true,5,https://www.agoda.com/vi-vn/sen-retreat-hoi-an/hotel/hoi-an-vn.html,https://pix6.agoda.net/hotelImages/50513384/0/c2ac452335f4011c09a73e32ec3123df.jpg?va=1&ce=2&s=1024x768,agoda.com,exact,,https://www.google.com/maps/search/?api=1&query=15.880587%2C108.340853,hotel:d30fb2d4-df45-5b6a-a45a-72c4521f218f
Silk Sense Hoi An River Resort,15.899792,108.357201,Khách sạn 5★,Hội An,"khách sạn · từ 2.046.657₫/đêm · 01 Đống Đa, Phường Cẩm An, Thành phố Hội An, Tỉnh Quảng Nam, Việt Nam, Cẩm An, Hội An",1,2046657,true,5,https://www.agoda.com/vi-vn/silk-sense-hoi-an-river-resort_2/hotel/hoi-an-vn.html,https://pix6.agoda.net/hotelImages/2225333/0/8683d77c0af0644d06d7405dbbc19e63.jpg?va=1&ce=2&s=1024x768,agoda.com,exact,,https://www.google.com/maps/search/?api=1&query=15.899792%2C108.357201,hotel:e7fc06f0-f13b-56df-b0fe-15aa5fbdb26d
Thanh Binh Central Hotel,15.880498,108.32622,Khách sạn 4★,Hội An,"3 hạng phòng · từ 650.000₫/đêm · 98 Ba Trieu Street, Cẩm Phô, Hội An, Việt Nam",4,650000,true,4,https://www.booking.com/hotel/vn/thanh-binh-serene.vi.html,https://cf.bstatic.com/xdata/images/hotel/max1024x768/496766425.jpg?k=0d449368ccd26e29550ff7c031f1c4d08da9faf7a75d35537ee54caa9a3321d9&o=&hp=1,booking.com,exact,,https://www.google.com/maps/search/?api=1&query=15.880498%2C108.326220,hotel:1e86e595-9637-5ccd-8aeb-a999445539c7
The Signature Hội An (The Signature Hoi An),15.875602,108.323627,Khách sạn 5★,Hội An,"khách sạn · từ 2.022.254₫/đêm · 21 La Hối, Minh An, Hội An",1,2022254,true,5,https://www.agoda.com/vi-vn/the-signature-hoi-an/hotel/hoi-an-vn.html,https://pix8.agoda.net/hotelImages/52733341/-1/68cb6816133d882e161cba040891a2af.jpg?va=1&ce=0&s=1024x768,agoda.com,exact,,https://www.google.com/maps/search/?api=1&query=15.875602%2C108.323627,hotel:b2b605b6-d32d-5aab-b4a0-297142ffd305
Tomorrow Hoi An Villa,15.872451,108.335515,Khách sạn 3★,Hội An,"3 hạng phòng · từ 522.382₫/đêm · 119 Nguyễn Tri Phương 4, Cẩm Nam, Hội An, Việt Nam",4,522382,true,3,https://www.booking.com/hotel/vn/tomorrow-villa-little-hoi-an.vi.html,https://cf.bstatic.com/xdata/images/hotel/max1024x768/490397260.jpg?k=aebd286672d45660a17ba523b3aa8aa6ad2758b468a0967e0c084c0d8a4ff498&o=&hp=1,booking.com,exact,,https://www.google.com/maps/search/?api=1&query=15.872451%2C108.335515,hotel:aed9082d-8951-5649-9877-b65faab547c8
Victoria Hội An Beach Resort & Spa (Victoria Hoi An Beach Resort & Spa),15.895125,108.369757,Khách sạn 4.5★,Hội An,"khách sạn · từ 3.218.695₫/đêm · Biển Cửa Đại, Cửa Đại, Hội An",1,3218695,true,4.5,https://www.agoda.com/vi-vn/victoria-hoi-an-beach-resort-spa/hotel/hoi-an-vn.html,https://pix6.agoda.net/hotelImages/2019/-1/8c8b010d857d1e99d556ffcac72646a0.jpg?va=1&ce=0&s=1024x768,agoda.com,exact,,https://www.google.com/maps/search/?api=1&query=15.895125%2C108.369757,hotel:1d1c8e5a-f6c9-5599-b604-8d841ae51de3
Vinpearl Resort & Golf Nam Hội An,15.797401,108.420725,Khách sạn 5★,Hội An,"8 hạng phòng · từ 2.194.786₫/đêm · Đường Võ Chí Công, xã Thăng An, TP Đà Nẵng",9,2194786,true,5,https://vinpearl.com/vi/hotels/vinpearl-resort-golf-nam-hoi-an,https://booking-static.vinpearl.com/hotels/2013e96eca114b65865d8a51c571952b_Bể%20bơi%20vỏ%20sò.jpg,vinpearl,exact,,https://www.google.com/maps/search/?api=1&query=15.797401%2C108.420725,hotel:a3967a35-37ad-5e4b-8d89-16c3bf163da4
Wyndham Royal Beachfront Resort & Spa Hoi An Danang,15.922475,108.327223,Khách sạn 5★,Hội An,"3 hạng phòng · từ 3.184.193₫/đêm · Ha My Beach, Dien Duong Ward, Dien Ban Town, Quang Nam, Vietnam, 51410 Hội An, Việt Nam",4,3184193,true,5,https://www.booking.com/hotel/vn/wyndham-hoi-an-royal-beachfront-resort.vi.html,https://cf.bstatic.com/xdata/images/hotel/max1024x768/546724047.jpg?k=ec1fbb641fc1314ba22ba9991a107719bdd6dabd5f5ce303baed32647fc05f78&o=&hp=1,booking.com,exact,,https://www.google.com/maps/search/?api=1&query=15.922475%2C108.327223,hotel:4d9ccf3f-2d78-592e-8896-5472d05bcca1
Căn hộ nghỉ dưỡng cao cấp LAZUR Cửa lò,18.790153,105.733981,Khách sạn 5★,Nghệ An,"3 hạng phòng · từ 774.000₫/đêm · Đường trịnh công sơn, Cửa Lò, Việt Nam",4,774000,true,5,https://www.booking.com/hotel/vn/tuan-anh-cua-lo1.vi.html,https://cf.bstatic.com/xdata/images/hotel/max1024x768/892972012.jpg?k=3d9a165a52bf2ec22d89b56c3b0d7aee48fd013a19e13e3218c334129a33a7cf&o=&hp=1,booking.com,exact,,https://www.google.com/maps/search/?api=1&query=18.790153%2C105.733981,hotel:a35ecb96-05a1-5ba5-9f5d-8815d5869fb4
Căn hộ nghỉ dưỡng Khách sạn view biển Cửa lò L'Azur,18.790072,105.734209,Khách sạn,Nghệ An,"1 hạng phòng · từ 1.400.000₫/đêm · L'Azur Cửa Lò 1404, 43206 Cửa Lò, Việt Nam",2,1400000,true,,https://www.booking.com/hotel/vn/can-ho-ngi-duong-l-azur-cua-lo-danh-cho-gia-dinh.vi.html,https://cf.bstatic.com/xdata/images/hotel/max1024x768/856350653.jpg?k=b7c89c175c988908edf29ba12dee727ced1fa483d4ce34b1e1047b52482e1864&o=&hp=1,booking.com,exact,,https://www.google.com/maps/search/?api=1&query=18.790072%2C105.734209,hotel:ef11da5b-3338-5669-9ed7-eeac558aab63
"Căn hộ nghỉ dưỡng KS L'azur Cửa Lò, Tầng cao - view biển - bể bơi vô cực",18.790076,105.734201,Khách sạn,Nghệ An,"1 hạng phòng · từ 1.100.000₫/đêm · Khách sạn L'azur Cửa Lò, Cửa Lò, Việt Nam",2,1100000,true,,https://www.booking.com/hotel/vn/can-ho-nghi-duong-ks-l-azur.vi.html,https://cf.bstatic.com/xdata/images/hotel/max1024x768/892102708.jpg?k=a1fa826d3a65a4f365a4931a86bc54353b2e1dd2ccfd85bab0b577db15a9a815&o=&hp=1,booking.com,exact,,https://www.google.com/maps/search/?api=1&query=18.790076%2C105.734201,hotel:41063bba-61b8-52dd-bb18-7b4912a9da40
Căn hộ nghỉ dưỡng L'azuar Cửa Lò,18.791613,105.717514,Khách sạn,Nghệ An,"1 hạng phòng · từ 779.760₫/đêm · Cua Lo, Cửa Lò, Việt Nam",2,779760,true,,https://www.booking.com/hotel/vn/can-ho-nghi-duong-l-azuar-cua-lo.vi.html,https://cf.bstatic.com/xdata/images/hotel/max1024x768/892001420.jpg?k=f4a08d42079794e184110d1da6376c0dd7d4bd22f15670be8df6171164a347a9&o=&hp=1,booking.com,exact,,https://www.google.com/maps/search/?api=1&query=18.791613%2C105.717514,hotel:b3e6c45a-42ab-589f-b246-c4deecd794f9
"Căn Homestay Muong Thanh Cua Lo Beach View biển, trung tâm Cửa Lò",18.805284,105.72463,Khách sạn,Nghệ An,"1 hạng phòng · từ 1.350.000₫/đêm · 232 Bình Minh 22, 41000 Cửa Lò, Việt Nam",2,1350000,true,,https://www.booking.com/hotel/vn/can-homestay-muong-thanh-cua-lo-beach-view-bien-trung-tam-cua-lo.vi.html,https://cf.bstatic.com/xdata/images/hotel/max1024x768/898800943.jpg?k=dc0d2c8ed7b2415c2106f4e1d92c170dcd9307f5d26fc025db682ca131614422&o=&hp=1,booking.com,exact,,https://www.google.com/maps/search/?api=1&query=18.805284%2C105.724630,hotel:6ad7877a-5a0d-522b-afe9-61eef319a41f
Gold Vinh Hotel,18.661602,105.675125,Khách sạn 3★,Nghệ An,"khách sạn · Số 1A - Lê Huân, Thành phố Vinh, Vinh",1,,false,3,https://www.agoda.com/vi-vn/gold-vinh-hotel/hotel/vinh-vn.html,https://pix6.agoda.net/hotelImages/407970/0/84e801ae356e9cae218ad1c0e90d9cca.jpeg?va=1&ce=0&s=1024x768,agoda.com,exact,,https://www.google.com/maps/search/?api=1&query=18.661602%2C105.675125,hotel:253d4ca4-d54f-509a-9df5-cda631b46ec6
Homestay nghỉ dưỡng Yên- Pearl Residence,18.791613,105.717514,Khách sạn,Nghệ An,"1 hạng phòng · từ 2.550.000₫/đêm · Cửa Lò Chung cư nghỉ dưỡng Pearl, Cửa Lò, Việt Nam",2,2550000,true,,https://www.booking.com/hotel/vn/can-ho-nghi-duong-cao-cap-pearl-residence.vi.html,https://cf.bstatic.com/xdata/images/hotel/max1024x768/892021751.jpg?k=38204b2353eb0b0875d3eaea115e1a0b1b7b509c2a489098d6d2b0900e09cce3&o=&hp=1,booking.com,exact,,https://www.google.com/maps/search/?api=1&query=18.791613%2C105.717514,hotel:193b2536-9022-567d-9cc3-8183d1f8ac81
Huệ Vinh Hotel,18.808798,105.721448,Khách sạn,Nghệ An,"1 hạng phòng · từ 350.000₫/đêm · 152 Đường Nguyễn Sư Hồi số nhà 152 Nguyễn Sư Hồi, Thu Thủy 1, Cửa Lò, Nghệ An, Cửa Lò, Việt Nam",2,350000,true,,https://www.booking.com/hotel/vn/hue-vinh.vi.html,https://cf.bstatic.com/xdata/images/hotel/max1024x768/887406445.jpg?k=43b67d2dbe169c1ef4388cd9fbb2c8c8cfb75e50e224ae0322a0be14a501be77&o=&hp=1,booking.com,exact,,https://www.google.com/maps/search/?api=1&query=18.808798%2C105.721448,hotel:3cf2dca6-6b9f-587d-bf1e-bf2942ae1ecd
Huu Nghi Hotel,18.685762,105.67514,Khách sạn 3★,Nghệ An,"khách sạn · số 74, đường Lê Lợi, Thành Phố Vinh, Tỉnh Nghệ An, Thành phố Vinh, Vinh",1,,false,3,https://www.agoda.com/vi-vn/huu-nghi-hotel/hotel/vinh-vn.html,https://pix6.agoda.net/hotelImages/276659/-1/26470e4653ba112b11e50b4de2e54bf2.jpg?va=1&ce=0&s=1024x768,agoda.com,exact,,https://www.google.com/maps/search/?api=1&query=18.685762%2C105.675140,hotel:f0378a79-0d41-5ada-b1b2-bc3abb68aa17
Khách sạn Crowne Plaza (Crowne Plaza Hotel),18.703667,105.63548,Khách sạn 2★,Nghệ An,"khách sạn · từ 1.240.020₫/đêm · Khoa Đ , Hưng Nguy n, Nghệ An Vietnam, Sân bay quốc tế Vinh, Vinh",1,1240020,true,2,https://www.agoda.com/vi-vn/crowne-plaza-hotel/hotel/vinh-vn.html,https://pix8.agoda.net/hotelImages/82482487/0/1cd1a36aab7693687153f49536ebcace.png?va=1&ce=3&s=1024x768,agoda.com,exact,,https://www.google.com/maps/search/?api=1&query=18.703667%2C105.635480,hotel:d1e17de7-973d-5998-a440-703d6ecd6ef4
Khách sạn Cửa Đông Luxury (Cua Dong Luxury Hotel),18.704647,105.68177,Khách sạn 5★,Nghệ An,"khách sạn · từ 1.212.698₫/đêm · So 12A, duong V.I Lenin ,Khoi Yen Son, Phuong Vinh Phu, Tinh Nghe An, Viet Nam, Sân bay quốc tế Vinh, Vinh",1,1212698,true,5,https://www.agoda.com/vi-vn/cua-dong-luxury-hotel/hotel/vinh-vn.html,https://pix6.agoda.net/hotelImages/38700007/0/d5cc94cc2ff4171607083f7890a0cd41.jpg?va=1&ce=0&s=1024x768,agoda.com,exact,,https://www.google.com/maps/search/?api=1&query=18.704647%2C105.681770,hotel:5b69a9dc-ca9e-52e0-ac25-5834db78d5ec
Khách Sạn HOLIDAY CỬA LÒ,18.812023,105.720555,Khách sạn 4★,Nghệ An,"2 hạng phòng · từ 980.000₫/đêm · Đường số 4, Khối 1 Phường Thu Thủy, Thị Xã Cửa Lò, Cửa Lò, Việt Nam",3,980000,true,4,https://www.booking.com/hotel/vn/khach-san-holiday-cua-lo.vi.html,https://cf.bstatic.com/xdata/images/hotel/max1024x768/197551015.jpg?k=cde0aaa1405a8e344959fb0f83e15df7a51a272e0079c31fa70c5e1ef9730295&o=&hp=1,booking.com,exact,,https://www.google.com/maps/search/?api=1&query=18.812023%2C105.720555,hotel:5a4bedd2-8dc8-5f52-b639-3a67642885a7
Khách sạn KEZAN Vinh (KEZAN VINH HOTEL),18.6863,105.67891,Khách sạn 4★,Nghệ An,"khách sạn · từ 1.190.476₫/đêm · Số 28, đường Nguyễn Sỹ S ch, phường Th nh Vinh, tỉnh Nghệ An, Thành phố Vinh, Vinh",1,1190476,true,4,https://www.agoda.com/vi-vn/kezan-vinh-hotel/hotel/cua-lo-beach-vn.html,https://pix6.agoda.net/hotelImages/82166415/0/e3ef78913e0d579e825268caf20bfeb3.jpg?va=1&ce=3&s=1024x768,agoda.com,exact,,https://www.google.com/maps/search/?api=1&query=18.686300%2C105.678910,hotel:ade5de7e-f69e-563a-850c-7de18a845105
Khách Sạn L'AZUR,18.798218,105.729682,Khách sạn 4★,Nghệ An,"1 hạng phòng · từ 800.000₫/đêm · Bình Minh Khác Sạn L'AZUA, Cửa Lò, Việt Nam",2,800000,true,4,https://www.booking.com/hotel/vn/khach-san-l-azua.vi.html,https://cf.bstatic.com/xdata/images/hotel/max1024x768/902957147.jpg?k=75c3210a9f77bbc681f16952d3e88fbf83f90d71236f80c7ab05a6c25bea1e2b&o=&hp=1,booking.com,exact,,https://www.google.com/maps/search/?api=1&query=18.798218%2C105.729682,hotel:93530992-6495-52ee-8060-526555e749d0
Khách Sạn Mường Thanh Cửa Đông (Muong Thanh Cua Dong Hotel),18.686327,105.700089,Khách sạn 3★,Nghệ An,"khách sạn · từ 538.752₫/đêm · 167 Nguyen Phong Sac, Phuong Hung Dung, Thành phố Vinh, Vinh",1,538752,true,3,https://www.agoda.com/vi-vn/muong-thanh-cua-dong-hotel/hotel/vinh-vn.html,https://pix8.agoda.net/hotelImages/1984611/-1/9c018eef8f27cd29e9d61987d0113cd3.jpg?va=1&ce=0&s=1024x768,agoda.com,exact,,https://www.google.com/maps/search/?api=1&query=18.686327%2C105.700089,hotel:70cd0d03-0bfd-5319-8498-f6b2d4f6938d
Khách sạn Mường Thanh Sông Lam (Muong Thanh Song Lam Hotel),18.669004,105.674141,Khách sạn 5★,Nghệ An,"khách sạn · từ 661.601₫/đêm · 13 Đường Quang Trung, Thành phố Vinh, Vinh",1,661601,true,5,https://www.agoda.com/vi-vn/muong-thanh-song-lam-hotel/hotel/vinh-vn.html,https://pix8.agoda.net/hotelImages/462/462356/462356_14041615120019093724.jpg?va=1&ca=2&ce=1&s=1024x768,agoda.com,exact,,https://www.google.com/maps/search/?api=1&query=18.669004%2C105.674141,hotel:a4dd45a6-54ec-55b8-be02-88c630984961
Khách Sạn Mường Thanh Vinh (Muong Thanh Vinh Hotel),18.688046,105.665886,Khách sạn 3★,Nghệ An,"khách sạn · từ 529.365₫/đêm · Số 1, Đường Phan Bội Châu, Vinh Hưng, Nghệ An, Thành phố Vinh, Vinh",1,529365,true,3,https://www.agoda.com/vi-vn/muong-thanh-vinh-hotel/hotel/vinh-vn.html,https://pix6.agoda.net/hotelImages/287957/-1/460ef420a4e07b192a8a905101650a5a.jpg?va=1&ca=7&ce=1&s=1024x768,agoda.com,exact,,https://www.google.com/maps/search/?api=1&query=18.688046%2C105.665886,hotel:889e78c7-a593-5f1a-8a8a-2df79d8e9a1a
Khách sạn Phương Dung,18.80825,105.721785,Khách sạn,Nghệ An,"1 hạng phòng · từ 425.000₫/đêm · Số 168, Đường Nguyễn Sư Hồi 168, Cửa Lò, Việt Nam",2,425000,true,,https://www.booking.com/hotel/vn/khach-san-phuong-dung.vi.html,https://cf.bstatic.com/xdata/images/hotel/max1024x768/259534407.jpg?k=736ccb0ca89285cbe22813300deca3775f2bf10424d395253c21436dbac34d18&o=&hp=1,booking.com,exact,,https://www.google.com/maps/search/?api=1&query=18.808250%2C105.721785,hotel:34ce7e61-7d84-581a-8bdd-b5889868e842
Khách sạn Sài Gòn Kim Liên - Vinh - Nghe An (Saigon Kim Lien Hotel - Vinh City),18.671457,105.673813,Khách sạn 4★,Nghệ An,"khách sạn · từ 749.559₫/đêm · Số 25, Đường Quang Trung, Thành Phố Vinh, Nghệ An, Thành phố Vinh, Vinh",1,749559,true,4,https://www.agoda.com/vi-vn/saigon-kim-lien-hotel-vinh-city/hotel/vinh-vn.html,https://pix6.agoda.net/hotelImages/75224/0/ab5eb512b8f05f045b68348ada67e853.jpeg?va=1&ce=0&s=1024x768,agoda.com,exact,,https://www.google.com/maps/search/?api=1&query=18.671457%2C105.673813,hotel:0761e589-fbd8-5bc3-865b-03dc3fe74867
Khách sạn Sao Mai (Khách sạn Sao Mai ),18.676256,105.69602,Khách sạn 1★,Nghệ An,"khách sạn · từ 193.741₫/đêm · 6 Ngõ 2 Đường Nguyễn Phong Sắc, Thành phố Vinh, Vinh",1,193741,true,1,https://www.agoda.com/vi-vn/khach-s-n-sao-mai-h86259065/hotel/vinh-vn.html,https://pix8.agoda.net/hotelImages/86259065/0/35aa969614ea7ae63aa26b34e5c5dfbf.jpg?va=1&ce=3&s=1024x768,agoda.com,exact,,https://www.google.com/maps/search/?api=1&query=18.676256%2C105.696020,hotel:b72d9a72-c5c2-58ae-affa-9549b5db6b5a
Khách sạn Sheraton Vinh (Sheraton Vinh),18.67091,105.674767,Khách sạn,Nghệ An,"khách sạn · từ 1.851.852₫/đêm · Quang Vinh Block, Quang Trung Street, Quang Trung Ward, Thành phố Vinh, Vinh",1,1851852,true,,https://www.agoda.com/vi-vn/sheraton-vinh/hotel/cua-lo-beach-vn.html,https://pix6.agoda.net/hotelImages/83525043/0/000c84a6d3619f7e46e7973d37e4d90f.png?va=1&ce=3&s=1024x768,agoda.com,exact,,https://www.google.com/maps/search/?api=1&query=18.670910%2C105.674767,hotel:504123c9-d3c9-55f5-9bc9-171d5d1b6579
Khách sạn Thanh Đạt 2 (Thanh Dat 2 Hotel),18.69427,105.66554,Khách sạn 3★,Nghệ An,"khách sạn · từ 201.940₫/đêm · 59, Le Ninh st, Vinh city, Nghe An province, Thành phố Vinh, Vinh",1,201940,true,3,https://www.agoda.com/vi-vn/thanh-dat-guesthouse/hotel/vinh-vn.html,https://pix8.agoda.net/hotelImages/77497810/0/1602a99125c299dbaeef4c9599e77f51.jpg?va=1&ce=2&s=1024x768,agoda.com,exact,,https://www.google.com/maps/search/?api=1&query=18.694270%2C105.665540,hotel:156b0d8c-3875-5c58-8492-8ba44bb7f362
Khách Sạn Thoan Ưng Cửa Lò - cách biển 100m,18.809329,105.721277,Khách sạn 1★,Nghệ An,"2 hạng phòng · từ 360.000₫/đêm · 136 Đường Nguyễn Sư Hồi 3, Cửa Lò, Việt Nam",3,360000,true,1,https://www.booking.com/hotel/vn/khach-san-thoan-ung-cua-lo-cach-bien-150m.vi.html,https://cf.bstatic.com/xdata/images/hotel/max1024x768/899828997.jpg?k=411b026e51d3847aa7e131a8abe51c36c753b1b940866a156289936d5a0f2458&o=&hp=1,booking.com,exact,,https://www.google.com/maps/search/?api=1&query=18.809329%2C105.721277,hotel:90db8542-e108-5026-b9eb-8b84eee31299
Khách sạn Toàn Thắng Stone (Khach san Toan Thang Stone),18.683245,105.69343,Khách sạn 4★,Nghệ An,"khách sạn · từ 970.794₫/đêm · V.I. Lê Nin, Thành phố Vinh, Vinh",1,970794,true,4,https://www.agoda.com/vi-vn/khach-san-toan-thang-stone/hotel/vinh-vn.html,https://pix6.agoda.net/hotelImages/186/18646642/18646642_20101611050092767719.jpg?va=1&ca=14&ce=1&s=1024x768,agoda.com,exact,,https://www.google.com/maps/search/?api=1&query=18.683245%2C105.693430,hotel:d2ca4ece-05a2-5baa-9054-67edae38e00a
Khách Sạn Tuấn Thảo Cửa Lò,18.810267,105.720981,Khách sạn,Nghệ An,"1 hạng phòng · từ 399.000₫/đêm · Số 8, Đường Nguyễn Cảnh Quế, Khối 1, Phường Thu Thủy, Thị xã Cửa Lò, Cửa Lò, Việt Nam",2,399000,true,,https://www.booking.com/hotel/vn/khach-san-bach-thao-thi-xa-cua-lo12.vi.html,https://cf.bstatic.com/xdata/images/hotel/max1024x768/437015507.jpg?k=df442aa8b4d629d10512d07a1c8fd8196017f2c09ed0b4aad4c2ffc610d042d2&o=&hp=1,booking.com,exact,,https://www.google.com/maps/search/?api=1&query=18.810267%2C105.720981,hotel:fdaa8b40-1600-5ff8-ad3b-4cd611f20641
Khách sạn Vinh Plaza (Vinh Plaza Hotel),18.68763,105.67511,Khách sạn,Nghệ An,"khách sạn · từ 395.225₫/đêm · 3 Mai Hac De, Thành phố Vinh, Vinh",1,395225,true,,https://www.agoda.com/vi-vn/vinh-plaza-hotel-h14695744/hotel/vinh-vn.html,https://pix8.agoda.net/hotelImages/32828818/0/f5335c451b44acb1a33945337beca10f.jpg?va=1&ce=2&s=1024x768,agoda.com,exact,,https://www.google.com/maps/search/?api=1&query=18.687630%2C105.675110,hotel:5d746d1d-aeb3-5bca-bfb9-aef5e1de1e2c
Khách sạn Xuân Dương,18.811508,105.720087,Khách sạn,Nghệ An,"1 hạng phòng · từ 250.000₫/đêm · Khách sạn Xuân Dương, đường Nguyễn Sư Hồi, thị xã Cửa Lò, tỉnh Nghệ An Khách sạn Xuân Dương, phía sau khách sạn Holiday, thị xã Cửa Lò, tỉnh Nghệ An, Cửa Lò, Việt Nam",2,250000,true,,https://www.booking.com/hotel/vn/khach-san-xuan-duong.vi.html,https://cf.bstatic.com/xdata/images/hotel/max1024x768/672630484.jpg?k=83ca3d986dc3a0ea6a0524135806e42905e996c2d512b9a34d21b83bb6eb00d2&o=&hp=1,booking.com,exact,,https://www.google.com/maps/search/?api=1&query=18.811508%2C105.720087,hotel:572440a8-5c88-539d-8180-3c828bd9627f
Kingdom Hotel Cua Lo,18.796758,105.726981,Khách sạn 3★,Nghệ An,"3 hạng phòng · từ 845.688₫/đêm · Khối 3, Phường Nghi Hương, Cửa Lò, Việt Nam",4,845688,true,3,https://www.booking.com/hotel/vn/kingdom-cua-lo-thi-xa-cua-lo1234.vi.html,https://cf.bstatic.com/xdata/images/hotel/max1024x768/805771700.jpg?k=49afb7f0f6047e227ed0d1ecc684afb8d0b6167dd73bb80a00f1075dc039fe3a&o=&hp=1,booking.com,exact,,https://www.google.com/maps/search/?api=1&query=18.796758%2C105.726981,hotel:71114996-c1c9-5bd8-b158-f950e915cfc3
Lam Giang Hotel,18.673489,105.674187,Khách sạn 3★,Nghệ An,"khách sạn · từ 728.395₫/đêm · 43 Quang Trung, Vinh, Nghe An, Thành phố Vinh, Vinh",1,728395,true,3,https://www.agoda.com/vi-vn/lam-giang-hotel/hotel/vinh-vn.html,https://pix6.agoda.net/hotelImages/119/1195928/1195928_16042515030041777497.jpg?va=1&ca=6&ce=1&s=1024x768,agoda.com,exact,,https://www.google.com/maps/search/?api=1&query=18.673489%2C105.674187,hotel:ea93865d-6381-5349-8e95-dc2a7a775b51
Lan Chau Luxury Hotel,18.8194,105.719526,Khách sạn 4★,Nghệ An,"3 hạng phòng · từ 935.000₫/đêm · Đảo Lan Châu Phường, Cửa Lò, Việt Nam",4,935000,true,4,https://www.booking.com/hotel/vn/lan-chau-luxury-cua-lo.vi.html,https://cf.bstatic.com/xdata/images/hotel/max1024x768/877500813.jpg?k=3e47c5ed3ded02acbf655c1072d355f083f325823a80f482266498d46e5c9856&o=&hp=1,booking.com,exact,,https://www.google.com/maps/search/?api=1&query=18.819400%2C105.719526,hotel:ed078b94-ce93-5274-b04d-e1bd2ae8253f
Marina Cua Lo Hotel,18.807635,105.722217,Khách sạn 3★,Nghệ An,"1 hạng phòng · từ 998.149₫/đêm · 180 Đường Nguyễn Sư Hồi, 430000 Cửa Lò, Việt Nam",2,998149,true,3,https://www.booking.com/hotel/vn/marina-cua-lo.vi.html,https://cf.bstatic.com/xdata/images/hotel/max1024x768/861927316.jpg?k=45257d9e34e88736d6e38911ff9c01576d7dc22bd243c92dffb76207c2fa4038&o=&hp=1,booking.com,exact,,https://www.google.com/maps/search/?api=1&query=18.807635%2C105.722217,hotel:95779ba1-36e8-5669-b774-10aa3adeff4b
Muong Thanh Grand Cua Lo Hotel,18.80459,105.725062,Khách sạn 4★,Nghệ An,"3 hạng phòng · từ 644.531₫/đêm · 232 Binh Minh, Cửa Lò, Việt Nam",4,644531,true,4,https://www.booking.com/hotel/vn/muong-thanh-cua-lo.vi.html,https://cf.bstatic.com/xdata/images/hotel/max1024x768/92431294.jpg?k=5dfb56c8bbb8308d8a087b5e037309259f61fdfb996c6e6fc2cda1895cb47379&o=&hp=1,booking.com,exact,,https://www.google.com/maps/search/?api=1&query=18.804590%2C105.725062,hotel:3c04e6c3-61d2-58ca-88b0-89183012d7c7
Muong Thanh Phuong Dong Hotel,18.665586,105.690147,Khách sạn 4★,Nghệ An,"khách sạn · từ 1.005.952₫/đêm · Số 2, Trường Thi, Thành phố Vinh, Vinh",1,1005952,true,4,https://www.agoda.com/vi-vn/muong-thanh-phuong-dong-hotel/hotel/vinh-vn.html,https://pix6.agoda.net/hotelImages/280290/-1/9a97c441bfe7b2a71ac558cc5d69b0ca.jpg?va=1&ce=0&s=1024x768,agoda.com,exact,,https://www.google.com/maps/search/?api=1&query=18.665586%2C105.690147,hotel:b504eb20-5967-59dc-a381-bd7c3345c898
Muong Thanh Thanh Nien Hotel,18.676516,105.687584,Khách sạn 3★,Nghệ An,"khách sạn · từ 493.541₫/đêm · Số 74, Lê Hồng Phong, Thành phố Vinh, Vinh",1,493541,true,3,https://www.agoda.com/vi-vn/muong-thanh-thanh-nien-hotel/hotel/vinh-vn.html,https://pix8.agoda.net/hotelImages/284713/0/6957ecbe1a1a1a415cb4b3b243b6b316.jpg?va=1&ce=3&s=1024x768,agoda.com,exact,,https://www.google.com/maps/search/?api=1&query=18.676516%2C105.687584,hotel:137ae0db-9d55-5cad-aeb3-9a15b398282d
Phú Vinh Hotel,18.808186,105.721151,Khách sạn,Nghệ An,"1 hạng phòng · từ 650.000₫/đêm · 16 Đường Nguyễn Năng Tĩnh, Thu Thủy, Cửa Lò, Việt Nam",2,650000,true,,https://www.booking.com/hotel/vn/phu-vinh-thi-xa-cua-lo123.vi.html,https://cf.bstatic.com/xdata/images/hotel/max1024x768/660137270.jpg?k=9d11fae301accd1036e05b4ec8a143c9adf2c11bad363d0fce0922e38c743366&o=&hp=1,booking.com,exact,,https://www.google.com/maps/search/?api=1&query=18.808186%2C105.721151,hotel:ec0f6200-ceec-5441-9ba6-2da2e496a176
Tecco Sky Hotel & Spa,18.685704,105.674867,Khách sạn 3★,Nghệ An,"khách sạn · 72 Le Loi, Thành phố Vinh, Vinh",1,,false,3,https://www.agoda.com/vi-vn/tecco-sky-hotel-spa/hotel/vinh-vn.html,https://pix6.agoda.net/hotelImages/4949459/-1/3913363e75b192767705c06517a6687c.jpg?va=1&ca=0&ce=1&s=1024x768,agoda.com,exact,,https://www.google.com/maps/search/?api=1&query=18.685704%2C105.674867,hotel:63353be9-209e-56e2-ae4e-855380719185
Thanh Tu Hotel,18.80812,105.721533,Khách sạn,Nghệ An,"1 hạng phòng · từ 405.000₫/đêm · 09 Nguyễn Năng Tĩnh, Cửa Lò, Việt Nam",2,405000,true,,https://www.booking.com/hotel/vn/thanh-tu.vi.html,https://cf.bstatic.com/xdata/images/hotel/max1024x768/141761515.jpg?k=64af52043a53e6dbf3549f3ac0be8b4e2c623342794d1229de858fd4d859ae6c&o=&hp=1,booking.com,exact,,https://www.google.com/maps/search/?api=1&query=18.808120%2C105.721533,hotel:255d6a1f-ed9e-5168-b412-d93cd4a4b3ab
Thong Do Hotel,18.646883,105.671417,Khách sạn 4★,Nghệ An,"khách sạn · từ 786.737₫/đêm · Đường tránh Vinh, Khối 2, Vinh Tân, Tp Vinh, Nghệ An, Việt Nam, Thành phố Vinh, Vinh",1,786737,true,4,https://www.agoda.com/vi-vn/thong-o-hotel/hotel/vinh-vn.html,https://pix6.agoda.net/hotelImages/10690894/-1/62288f227b640ccbd388064ddb555834.jpg?va=1&ce=0&s=1024x768,agoda.com,exact,,https://www.google.com/maps/search/?api=1&query=18.646883%2C105.671417,hotel:981e42ae-60b4-547e-a387-c1a5f50018af
Victory Hotel (Victory Hotel Vinh),18.673578,105.690617,Khách sạn 3★,Nghệ An,"khách sạn · từ 396.825₫/đêm · 7 Vương Thúc Mậu, Thành phố Vinh, Vinh",1,396825,true,3,https://www.agoda.com/vi-vn/victory-hotel-vinh/hotel/vinh-vn.html,https://pix6.agoda.net/hotelImages/1119577/-1/b571a392cc9c29554d13cf8f6fdf3db4.jpg?va=1&ca=7&ce=1&s=1024x768,agoda.com,exact,,https://www.google.com/maps/search/?api=1&query=18.673578%2C105.690617,hotel:77280415-9284-5688-8606-e143d402f9c2
"Vinpearl Cửa Hội Resort, Affiliated by Meliá",18.77088,105.754179,Khách sạn 5★,Nghệ An,"11 hạng phòng · từ 1.665.279₫/đêm · Đường Bình Minh, Phường Cửa Lò, Tỉnh Nghệ An, Việt Nam",12,1665279,true,5,https://vinpearl.com/vi/hotels/vinpearl-cua-hoi-resort-affiliated-by-melia,https://booking-static.vinpearl.com/hotels/c74858329f6644939b726b79c4569b59_SBV_7439.jpg,vinpearl,exact,,https://www.google.com/maps/search/?api=1&query=18.770880%2C105.754179,hotel:be65b93a-1f71-5fbb-81a2-4ba3619740b3
Amora Hotel,12.233657,109.195762,Khách sạn 3★,Nha Trang,"3 hạng phòng · từ 529.200₫/đêm · 186/12 Hùng Vương, 650000 Nha Trang, Việt Nam",4,529200,true,3,https://www.booking.com/hotel/vn/amora-nha-trang.vi.html,https://cf.bstatic.com/xdata/images/hotel/max1024x768/882061892.jpg?k=90d3d8eed1458988509ffb8ee06740cb5cd5589d289c64537568df18c71b2c2c&o=&hp=1,booking.com,exact,,https://www.google.com/maps/search/?api=1&query=12.233657%2C109.195762,hotel:0485bf57-c4ce-5c39-8058-fc205a935f91
Arima Hotel Nha Trang Beach by HC Group,12.227363,109.198881,Khách sạn 3★,Nha Trang,"3 hạng phòng · từ 332.500₫/đêm · 96B Trần Phú hẻm 96 b, 650000 Nha Trang, Việt Nam",4,332500,true,3,https://www.booking.com/hotel/vn/arima-nha-trang-beach-by-hc-group.vi.html,https://cf.bstatic.com/xdata/images/hotel/max1024x768/668571186.jpg?k=ff66a00c1b4e271ae49cdc5869a803a04c34dc88184383611614438b3e3d0f06&o=&hp=1,booking.com,exact,,https://www.google.com/maps/search/?api=1&query=12.227363%2C109.198881,hotel:b6e32a0c-9291-5721-bced-c414f8553029
Bondi Backpackers Nhatrang,12.240447,109.194031,Khách sạn,Nha Trang,"3 hạng phòng · từ 167.200₫/đêm · 35/91 Nguyen Thien Thuat, Nha Trang, Việt Nam",4,167200,true,,https://www.booking.com/hotel/vn/bondibackpackersnhatrang.vi.html,https://cf.bstatic.com/xdata/images/hotel/max1024x768/795581353.jpg?k=847222689b0795aa03a9765d11122918542975051d1a4d341d028bc7792f1a24&o=&hp=1,booking.com,exact,,https://www.google.com/maps/search/?api=1&query=12.240447%2C109.194031,hotel:f5cf89ec-d767-57b2-99cd-22695a5bb53e
Citadines Bayfront Nha Trang,12.236031,109.196861,Khách sạn 5★,Nha Trang,"khách sạn · từ 1.359.864₫/đêm · 62 Trần Phú,, Lộc Thọ, Nha Trang",1,1359864,true,5,https://www.agoda.com/vi-vn/citadines-bayfront-nha-trang/hotel/nha-trang-vn.html,https://pix6.agoda.net/hotelImages/2100756/0/672d0c8f86e1f43bba7119e12ca2bb38.jpg?va=1&ca=0&ce=1&s=1024x768,agoda.com,exact,,https://www.google.com/maps/search/?api=1&query=12.236031%2C109.196861,hotel:fc73a5c6-157b-52d3-8c77-87f7cd9bf4ab
Diamond Blue Hotel Nha Trang,12.238027,109.194524,Khách sạn 2★,Nha Trang,"1 hạng phòng · từ 500.000₫/đêm · 17/15 Nguyễn Thị Minh Khai, 65000 Nha Trang, Việt Nam",2,500000,true,2,https://www.booking.com/hotel/vn/diamond-blue-nha-trang.vi.html,https://cf.bstatic.com/xdata/images/hotel/max1024x768/865899702.jpg?k=8f0fdf96208654d4548d773d4fd64f7c9000dbb70befaa248af6ffa0572d94e6&o=&hp=1,booking.com,exact,,https://www.google.com/maps/search/?api=1&query=12.238027%2C109.194524,hotel:1bde7761-d469-5653-b1fc-bda3b7bf979e
Dolphin Bay Hotel Nha Trang,12.237481,109.19206,Khách sạn 3★,Nha Trang,"3 hạng phòng · từ 301.500₫/đêm · 71/10 Nguyễn Thị Minh Khai, Phường Nha Trang, Tỉnh Khánh Hòa, 650000 Nha Trang, Việt Nam",4,301500,true,3,https://www.booking.com/hotel/vn/bay-nha-trang.vi.html,https://cf.bstatic.com/xdata/images/hotel/max1024x768/806749442.jpg?k=bae404cb62e69fe8e0220554a211eac03536b7aee1268652698897d02aec3ba9&o=&hp=1,booking.com,exact,,https://www.google.com/maps/search/?api=1&query=12.237481%2C109.192060,hotel:9afddca0-d7f7-5bce-a014-534f447d2491
Fusion Resort Cam Ranh – All Spa Inclusive (Fusion Resort Cam Ranh - All Spa Inclusive),12.05103,109.205025,Khách sạn 5★,Nha Trang,"khách sạn · từ 6.441.892₫/đêm · Lô D10b, Khu Du Lịch Bắc Bán Đảo Cam Ranh, Xã Cam Hải Đông, Huyện Cam Lâm, Tỉnh Khánh Hòa, Cam Hải Đông, Nha Trang",1,6441892,true,5,https://www.agoda.com/vi-vn/fusion-resort-cam-ranh-all-spa-inclusive_2/hotel/nha-trang-vn.html,https://pix6.agoda.net/hotelImages/908244/0/fddad44c1df5dc73e0a0e36501b7381a.jpg?va=1&ce=2&s=1024x768,agoda.com,exact,,https://www.google.com/maps/search/?api=1&query=12.051030%2C109.205025,hotel:69d898b5-4e79-5d0e-a4bf-43c71246df6f
Harry Luxury Condotel Panorama,12.239255,109.195175,Khách sạn 3★,Nha Trang,"3 hạng phòng · từ 850.000₫/đêm · PANORAMA Great view, 650000 Nha Trang, Việt Nam",4,850000,true,3,https://www.booking.com/hotel/vn/panorama-nha-trang-seaview.vi.html,https://cf.bstatic.com/xdata/images/hotel/max1024x768/858730921.jpg?k=2cdbe37919291bce605703b676095d7963692e7dd84a804e24d131e5cf50a528&o=&hp=1,booking.com,exact,,https://www.google.com/maps/search/?api=1&query=12.239255%2C109.195175,hotel:9fb6db1c-975b-58d7-82a8-22cabdc40575
Havana Nha Trang Hotel,12.243161,109.195733,Khách sạn 5★,Nha Trang,"3 hạng phòng · từ 1.368.850₫/đêm · 38 Tran Phu, Nha Trang, Việt Nam",4,1368850,true,5,https://www.booking.com/hotel/vn/havana-nha-trang-hotel.vi.html,https://cf.bstatic.com/xdata/images/hotel/max1024x768/46926500.jpg?k=f27212481e3cd949d32b8ff4a211d6b80e39eeaa8b14e017d2ce3aa02726f81c&o=&hp=1,booking.com,exact,,https://www.google.com/maps/search/?api=1&query=12.243161%2C109.195733,hotel:8f5a71b0-72da-55cc-9995-8d56d9ad0dd9
Hòn Tằm Resort,12.178264,109.243476,Khách sạn 5★,Nha Trang,"9 hạng phòng · từ 2.219.215₫/đêm · Đảo Hòn Tằm, Phường Vĩnh Nguyên, Thành Phố Nha Trang, Tỉnh Khánh Hòa, Việt Nam",10,2219215,true,5,https://vinpearl.com/vi/hotels/hon-tam-resort,https://booking-static.vinpearl.com/hotels/eb565d48e28e402e91b5af23080f7e9b_DSC_4802.jpg,vinpearl,exact,,https://www.google.com/maps/search/?api=1&query=12.178264%2C109.243476,hotel:bebec426-afc3-548d-a2ca-193e21fd3b37
Khách sạn Brilliant Bay Nha Trang (Brilliant Bay Nha Trang Hotel),12.227371,109.198869,Khách sạn 4★,Nha Trang,"khách sạn · từ 368.607₫/đêm · 96B1/15 Trần Phú, Lộc Thọ, Nha Trang",1,368607,true,4,https://www.agoda.com/vi-vn/kim-thanh-boutique-hotel-nha-trang/hotel/nha-trang-vn.html,https://pix6.agoda.net/hotelImages/66810496/0/6ff4819d0931f2788429a2d7dc6fdc10.jpg?va=1&ce=2&s=1024x768,agoda.com,exact,,https://www.google.com/maps/search/?api=1&query=12.227371%2C109.198869,hotel:36c34cf1-0658-50c4-afd4-86166fa7dd00
Khách sạn Florida (Florida Hotel),12.249118,109.19178,Khách sạn 5★,Nha Trang,"khách sạn · từ 492.392₫/đêm · 66 Quang Trung, Lộc Thọ, Nha Trang",1,492392,true,5,https://www.agoda.com/vi-vn/florida-nhatrang-hotel/hotel/nha-trang-vn.html,https://pix8.agoda.net/hotelImages/7710666/-1/a7cd9fb08fe57036cd17f986f74f7979.jpg?va=1&ce=0&s=1024x768,agoda.com,exact,,https://www.google.com/maps/search/?api=1&query=12.249118%2C109.191780,hotel:1ea75151-3d57-5ca5-a203-45a7ad0783ff
Khách sạn Golden Beach Nha Trang,12.233756,109.194847,Khách sạn 3★,Nha Trang,"3 hạng phòng · từ 300.000₫/đêm · 263 Nguyễn Thiện Thuật, 650000 Nha Trang, Việt Nam",4,300000,true,3,https://www.booking.com/hotel/vn/khach-san-golden-beach-nha-trang.vi.html,https://cf.bstatic.com/xdata/images/hotel/max1024x768/734720912.jpg?k=caed32092e77d9f7a4ec078f6477310b32e97b3f86952b906773bd25671d83e6&o=&hp=1,booking.com,exact,,https://www.google.com/maps/search/?api=1&query=12.233756%2C109.194847,hotel:e106c21e-cc42-5388-8fe9-dcd7a75ecf06
Khách sạn Mường Thanh Luxury Viễn Triều Nha Trang (Muong Thanh Luxury Vien Trieu Nha Trang Hotel),12.274164,109.20137,Khách sạn 5★,Nha Trang,"khách sạn · từ 903.569₫/đêm · Khu Bãi Dương, Đường Hòn Chồng, Vĩnh Phước, Nha Trang",1,903569,true,5,https://www.agoda.com/vi-vn/muong-thanh-luxury-vien-trieu-hotel/hotel/nha-trang-vn.html,https://pix8.agoda.net/hotelImages/6421211/-1/463228b714b4170001ed3c5e8b8ea5f0.jpg?va=1&ca=28&ce=0&s=1024x768,agoda.com,exact,,https://www.google.com/maps/search/?api=1&query=12.274164%2C109.201370,hotel:02aad5e7-808d-50e4-9efe-04dcfb5a581d
Khách sạn Sophia Central Nha Trang by HT (Sophia Central Nha Trang Hotel by HT),12.233205,109.19627,Khách sạn 3★,Nha Trang,"khách sạn · từ 248.116₫/đêm · 35 Trần Quang Khải, Lộc Thọ, Lộc Thọ, Nha Trang",1,248116,true,3,https://www.agoda.com/vi-vn/sophia-central-nha-trang-hotel/hotel/nha-trang-vn.html,https://pix8.agoda.net/hotelImages/86514477/0/b37c6db0f40d91a94ab02c9ebbd9295e.jpg?va=1&ce=3&s=1024x768,agoda.com,exact,,https://www.google.com/maps/search/?api=1&query=12.233205%2C109.196270,hotel:bd96be05-199a-5ff7-b6bd-3632c88cd117
Khách sạn & Spa Aqua (Aqua Hotel & Spa),12.228538,109.199226,Khách sạn 3★,Nha Trang,"khách sạn · từ 325.327₫/đêm · 96A5 Tran Phu, Loc Tho, Nha Trang , Khanh Hoa, Lộc Thọ, Nha Trang",1,325327,true,3,https://www.agoda.com/vi-vn/thai-duong-beach-front-hotel/hotel/nha-trang-vn.html,https://pix8.agoda.net/hotelImages/58577588/0/ed7580eccc401c23cb0287f463e46622.jpg?va=1&ce=0&s=1024x768,agoda.com,exact,,https://www.google.com/maps/search/?api=1&query=12.228538%2C109.199226,hotel:34fa62dc-ee67-57f5-8c3e-5b640ce4f9ed
Khu nghỉ dưỡng Amiana Nha Trang (Amiana Resort Nha Trang),12.295205,109.234055,Khách sạn 5★,Nha Trang,"khách sạn · từ 5.083.000₫/đêm · Nha Trang Bay, Phạm Văn Đồng, Vĩnh Hòa, Nha Trang",1,5083000,true,5,https://www.agoda.com/vi-vn/amiana-resort-and-villas-nha-trang/hotel/nha-trang-vn.html,https://pix6.agoda.net/hotelImages/443515/-1/810cfc6eef7ea9d089f0b308986b4f21.jpg?va=1&ca=7&ce=1&s=1024x768,agoda.com,exact,,https://www.google.com/maps/search/?api=1&query=12.295205%2C109.234055,hotel:5ee727cd-43d7-5663-9db2-243ac4e01d61
Khu nghỉ dưỡng Duyên Hà - Cam Ranh (Duyen Ha Resort Cam Ranh),12.055345,109.199466,Khách sạn 5★,Nha Trang,"khách sạn · từ 3.043.651₫/đêm · Lo D9B, Khu 3, X a Cam La m, tinh Khanh Hoa, Cam Hải Đông, Nha Trang",1,3043651,true,5,https://www.agoda.com/vi-vn/duyen-ha-resort-cam-ranh/hotel/nha-trang-vn.html,https://pix6.agoda.net/hotelImages/1985143/0/74ad93363c2185bbc4fc72e4ee6bcba7.jpg?va=1&ce=2&s=1024x768,agoda.com,exact,,https://www.google.com/maps/search/?api=1&query=12.055345%2C109.199466,hotel:dc8de617-2d59-57c1-8296-f5a02e1b9317
King Hotel,12.235588,109.195547,Khách sạn 3★,Nha Trang,"3 hạng phòng · từ 251.750₫/đêm · 132 Hùng Vương, Nha Trang, Việt Nam",4,251750,true,3,https://www.booking.com/hotel/vn/king-nha-trang2.vi.html,https://cf.bstatic.com/xdata/images/hotel/max1024x768/600247282.jpg?k=a839c3dab974bc5118172e835dd377a7fdb8625763bf3262aa97faeb886e1a89&o=&hp=1,booking.com,exact,,https://www.google.com/maps/search/?api=1&query=12.235588%2C109.195547,hotel:a0be248d-b084-5cec-bf80-bd260dc8f990
Lucky Sun Hotel Nha Trang Beach,12.225897,109.200092,Khách sạn 4★,Nha Trang,"3 hạng phòng · từ 535.236₫/đêm · 100/8B Trần Phú, Phường Lộc Thọ, Nha Trang, Việt Nam",4,535236,true,4,https://www.booking.com/hotel/vn/lucky-sun.vi.html,https://cf.bstatic.com/xdata/images/hotel/max1024x768/435764448.jpg?k=65e1933f046a445ddff4bca2a8b61d98bdea688b4bcc08a89824d67c7108df33&o=&hp=1,booking.com,exact,,https://www.google.com/maps/search/?api=1&query=12.225897%2C109.200092,hotel:7ea83205-9eb9-53ad-8b28-015d54f08119
Maika Hotel Nha Trang,12.248787,109.193411,Khách sạn 3★,Nha Trang,"3 hạng phòng · từ 270.000₫/đêm · 18 Đường Trần Văn Ơn, 650000 Nha Trang, Việt Nam",4,270000,true,3,https://www.booking.com/hotel/vn/maika-nha-trang-nha-trang.vi.html,https://cf.bstatic.com/xdata/images/hotel/max1024x768/722338025.jpg?k=e77e27b5e22ffbc86eaa53d6523cbc2789587ec310c9329cb0d0d65522b71285&o=&hp=1,booking.com,exact,,https://www.google.com/maps/search/?api=1&query=12.248787%2C109.193411,hotel:2978acf9-1632-5822-afab-69fd1f4cd095
Meliá Vinpearl Cam Ranh Beach Resort,12.07607,109.192416,Khách sạn 5★,Nha Trang,"3 hạng phòng · từ 6.719.999₫/đêm · D6B2, D7A1, Cam Ranh, Cam Ranh, Việt Nam",4,6719999,true,5,https://www.booking.com/hotel/vn/melia-vinpearl-cam-ranh-beach-resort.vi.html,https://cf.bstatic.com/xdata/images/hotel/max1024x768/850924826.jpg?k=eaaf1dd2e1e8627161837da42199612d9703ec7fc5c444ba6ae7b8678491b0ac&o=&hp=1,booking.com,exact,,https://www.google.com/maps/search/?api=1&query=12.076070%2C109.192416,hotel:183abe2f-5a78-5138-b50a-40b6cd8866bb
Mia Resort Nha Trang,12.13333,109.211258,Khách sạn 5★,Nha Trang,"khách sạn · từ 4.827.778₫/đêm · Bãi Dông, Cam Hải Đông, Cam Lâm, Cam Hải Đông, Nha Trang",1,4827778,true,5,https://www.agoda.com/vi-vn/mia-resort-nha-trang/hotel/nha-trang-vn.html,https://pix6.agoda.net/hotelImages/295/295316/295316_17090411540055947963.jpg?va=1&ca=6&ce=1&s=1024x768,agoda.com,exact,,https://www.google.com/maps/search/?api=1&query=12.133330%2C109.211258,hotel:021ea5f0-a66b-5520-abe9-d64fc8054a3e
Palm Beach Hotel,12.235866,109.195956,Khách sạn 3★,Nha Trang,"3 hạng phòng · từ 294.000₫/đêm · 04B Biet Thu, Nha Trang, Việt Nam",4,294000,true,3,https://www.booking.com/hotel/vn/palm-beach.vi.html,https://cf.bstatic.com/xdata/images/hotel/max1024x768/77874225.jpg?k=a3c3f4353845f20f12689523fc180a201e0355f17b124633ed87862130355357&o=&hp=1,booking.com,exact,,https://www.google.com/maps/search/?api=1&query=12.235866%2C109.195956,hotel:7625966b-d981-5a64-9b7d-a72f8bdbff7b
Panorama Beach Win Nha Trang,12.23831,109.195431,Khách sạn 4★,Nha Trang,"3 hạng phòng · từ 2.250.000₫/đêm · Hùng Vương, 650000 Nha Trang, Việt Nam",4,2250000,true,4,https://www.booking.com/hotel/vn/galaxy-ocean.vi.html,https://cf.bstatic.com/xdata/images/hotel/max1024x768/887849531.jpg?k=19f06638c3c041bc73007ea7d2f15d758944dfaf4d5c98eb4f94895103301538&o=&hp=1,booking.com,exact,,https://www.google.com/maps/search/?api=1&query=12.238310%2C109.195431,hotel:fbca8fd2-9eb2-57e8-8474-39cfcd95fe25
Simon Hotel,12.280437,109.201835,Khách sạn 3★,Nha Trang,"3 hạng phòng · từ 420.000₫/đêm · Nguyễn Khánh Toàn 02, Nha Trang, Việt Nam",4,420000,true,3,https://www.booking.com/hotel/vn/simon-nha-trang-nha-trang.vi.html,https://cf.bstatic.com/xdata/images/hotel/max1024x768/361368651.jpg?k=a854b0a7449832c82d6187349005c9df0d6344fff38e778e9cf53357b42b14c3&o=&hp=1,booking.com,exact,,https://www.google.com/maps/search/?api=1&query=12.280437%2C109.201835,hotel:a8b974e7-5d1d-5365-8e96-250c7c118ac5
Six Senses Ninh Vân Bay (Six Senses Ninh Van Bay),12.359558,109.276711,Khách sạn 5★,Nha Trang,"khách sạn · từ 21.635.008₫/đêm · Vinh Ninh Vân, Vịnh Ninh Vân, Nha Trang",1,21635008,true,5,https://www.agoda.com/vi-vn/six-senses-ninh-van-bay/hotel/nha-trang-vn.html,https://pix6.agoda.net/hotelImages/52042/0/c00c16d573d352e0097f6e9d2075b8e1.jpg?va=1&ce=2&s=1024x768,agoda.com,exact,,https://www.google.com/maps/search/?api=1&query=12.359558%2C109.276711,hotel:43d8efdd-e81a-5ff9-82f4-cd9dc8dd0e30
Starcity Condotel Studio Sea view,12.233956,109.197156,Khách sạn,Nha Trang,"1 hạng phòng · từ 1.350.000₫/đêm · 74 Trần Phú Starcity building, 650000 Nha Trang, Việt Nam",2,1350000,true,,https://www.booking.com/hotel/vn/condotel-studio-sea-view.vi.html,https://cf.bstatic.com/xdata/images/hotel/max1024x768/901629719.jpg?k=5c534ba0fb3d7b8dcc74a476987b285ad28fd62dd7088781c03813954eb4e364&o=&hp=1,booking.com,exact,,https://www.google.com/maps/search/?api=1&query=12.233956%2C109.197156,hotel:c57ab888-4f71-5799-b0c3-395c74e420f0
The Swan Hotel,12.22942,109.196276,Khách sạn 3★,Nha Trang,"khách sạn · từ 330.688₫/đêm · 5A Hẻm Tuệ Tĩnh, Lộc Thọ, Nha Trang",1,330688,true,3,https://www.agoda.com/vi-vn/the-swan-hotel/hotel/nha-trang-vn.html,https://pix6.agoda.net/hotelImages/5597960/-1/70d756617f1a53519791827abf23b6c1.jpg?va=1&ce=0&s=1024x768,agoda.com,exact,,https://www.google.com/maps/search/?api=1&query=12.229420%2C109.196276,hotel:569684af-0d49-5883-93e0-266794874e80
VANDA Hotel Nha Trang,12.219068,109.204759,Khách sạn 3★,Nha Trang,"3 hạng phòng · từ 297.000₫/đêm · 26/4 Tran Phu, Nha Trang, Việt Nam",4,297000,true,3,https://www.booking.com/hotel/vn/vandahotel.vi.html,https://cf.bstatic.com/xdata/images/hotel/max1024x768/367137374.jpg?k=e7e14683cd60692b49e25d6996149964fbe865b57e3d4f64b40710bcf11b8ef5&o=&hp=1,booking.com,exact,,https://www.google.com/maps/search/?api=1&query=12.219068%2C109.204759,hotel:b4b15434-ddc0-52ec-93e9-849a1664c050
Vinpearl Beachfront Nha Trang,12.233639,109.197583,Khách sạn 5★,Nha Trang,"9 hạng phòng · từ 1.602.232₫/đêm · 78 - 80 Đường Trần Phú, Phường Lộc Thọ, Tp. Nha Trang",10,1602232,true,5,https://vinpearl.com/vi/hotels/vinpearl-beachfront-nha-trang,https://booking-static.vinpearl.com/hotels/66a70bddf946420281fbfc68a94522f8_VPCBNT%20Landscape17.jpg,vinpearl,exact,,https://www.google.com/maps/search/?api=1&query=12.233639%2C109.197583,hotel:8b60246e-cd0b-5d0f-bb10-b75e4d0dc12f
"Vinpearl Empire Nha Trang, Affiliated by Meliá",12.243421,109.193497,Khách sạn 5★,Nha Trang,"4 hạng phòng · từ 1.515.169₫/đêm · 44-46 Lê Thánh Tôn, Lộc Thọ, Nha Trang, Khánh Hòa",5,1515169,true,5,https://vinpearl.com/vi/hotels/vinpearl-empire-nha-trang-affiliated-by-melia,https://booking-static.vinpearl.com/hotels/3057b8886db544afb3846b6304b8ee3f_VPCENT%20Pool1.jpg,booking.com,exact,,https://www.google.com/maps/search/?api=1&query=12.243421%2C109.193497,hotel:46fb9106-d994-52a3-a275-d5c8f261497f
Vinpearl Luxury Nha Trang,12.211778,109.243391,Khách sạn 5★,Nha Trang,"5 hạng phòng · từ 5.148.000₫/đêm · Đảo Hòn Tre, Tp. Nha Trang, Tỉnh Khánh Hòa, Việt Nam",6,5148000,true,5,https://vinpearl.com/vi/hotels/vinpearl-luxury-nha-trang,https://booking-static.vinpearl.com/hotels/fce3b374086549228e2da838c0cfecf3_Flycam%20VPL%20(52%20of%2055).jpg,booking.com,exact,,https://www.google.com/maps/search/?api=1&query=12.211778%2C109.243391,hotel:b5fc5fa8-5076-5c0f-90b9-fc9b8d012b1f
Vinpearl Resort Nha Trang,12.221121,109.246202,Khách sạn 5★,Nha Trang,"10 hạng phòng · từ 2.814.108₫/đêm · Đảo Hòn Tre, Tp. Nha Trang, Tỉnh Khánh Hòa, Việt Nam",11,2814108,true,5,https://vinpearl.com/vi/hotels/vinpearl-resort-nha-trang,https://booking-static.vinpearl.com/hotels/08ac5d3b4df7408288462a713303add9_resize%203df6397afcd24581ab3e0396b8f5f0e6_VNR_Drone.jpg,booking.com,exact,,https://www.google.com/maps/search/?api=1&query=12.221121%2C109.246202,hotel:38cd32e4-0b7a-5076-9fe8-a1feb3961e00
Vinpearl Resort & Spa Nha Trang Bay,12.213068,109.243755,Khách sạn 5★,Nha Trang,"13 hạng phòng · từ 3.330.000₫/đêm · Hòn Tre, Vĩnh Nguyên, Tp. Nha Trang, Khánh Hòa, Vietnam",14,3330000,true,5,https://vinpearl.com/vi/hotels/vinpearl-resort-spa-nha-trang-bay,https://booking-static.vinpearl.com/hotels/d233e5d47c40423ba43885c4d0033c58_DJI_0541.jpg,booking.com,exact,,https://www.google.com/maps/search/?api=1&query=12.213068%2C109.243755,hotel:bfc1d7fa-5a0b-5b49-aa07-78ad02fe5ac9
Violet hotel 2,12.230724,109.196927,Khách sạn 3★,Nha Trang,"3 hạng phòng · từ 419.000₫/đêm · 51/19/37 Tuệ Tĩnh - Nha Trang, 65000 Nha Trang, Việt Nam",4,419000,true,3,https://www.booking.com/hotel/vn/violet-2.vi.html,https://cf.bstatic.com/xdata/images/hotel/max1024x768/805263140.jpg?k=26b23c2b38b8b3da411f3f62368c169fd561131769c047a9759c21f5fb89a1a0&o=&hp=1,booking.com,exact,,https://www.google.com/maps/search/?api=1&query=12.230724%2C109.196927,hotel:34ef283b-35ec-5042-a601-df8fe9d3cdf7
Violet hotel&spa,12.235678,109.195031,Khách sạn 2★,Nha Trang,"3 hạng phòng · từ 380.000₫/đêm · 12 Biệt Thự, 650000 Nha Trang, Việt Nam",4,380000,true,2,https://www.booking.com/hotel/vn/violet-amp-spa-nha-trang.vi.html,https://cf.bstatic.com/xdata/images/hotel/max1024x768/797172467.jpg?k=640b2f1eabad9d6976f870e27b265d45743c4fd74c60a6d76459ebf4e6f61a39&o=&hp=1,booking.com,exact,,https://www.google.com/maps/search/?api=1&query=12.235678%2C109.195031,hotel:9f555589-e416-58fe-8e76-e93f7cb4a11d
Yellow Sea Hotel Nha Trang,12.218728,109.20365,Khách sạn 3★,Nha Trang,"3 hạng phòng · từ 270.000₫/đêm · 23 Dã Tượng, Nha Trang, Việt Nam",4,270000,true,3,https://www.booking.com/hotel/vn/yellow-sea-nha-trang.vi.html,https://cf.bstatic.com/xdata/images/hotel/max1024x768/656580580.jpg?k=88c3204abfc7f5d60704728074faecf02cc62516d8c2647bfff6740aad758a46&o=&hp=1,booking.com,exact,,https://www.google.com/maps/search/?api=1&query=12.218728%2C109.203650,hotel:33d608ed-1b25-5697-9a16-e532f907578f
Meliá Vinpearl Phu Ly,20.543499,105.916968,Khách sạn 5★,Ninh Bình,"3 hạng phòng · từ 1.224.720₫/đêm · No. 60 Bien Hoa Street, Phu Ly Ward, Ninh Binh Province, Phủ Lý, Việt Nam",4,1224720,true,5,https://www.booking.com/hotel/vn/melia-vinpearl-phu-ly.vi.html,https://cf.bstatic.com/xdata/images/hotel/max1024x768/844705542.jpg?k=7a3015833b668b85c421171b95a53c968fed5fa898f499dfc4686a5738627358&o=&hp=1,booking.com,exact,cách tâm Ninh Bình 32 km,https://www.google.com/maps/search/?api=1&query=20.543499%2C105.916968,hotel:21564f39-a27d-5f7a-a447-5646af207682
Allezboo Beach Resort and Spa,10.936181,108.187512,Khách sạn 4★,Phan Thiết,"khách sạn · từ 1.250.000₫/đêm · 8 Nguyễn Đình Chiểu, Hàm Tiến, Mũi Né, Phan Thiết",1,1250000,true,4,https://www.agoda.com/vi-vn/allezboo-beach-resort-and-spa/hotel/phan-thiet-vn.html,https://pix6.agoda.net/hotelImages/108511/0/8e8ee7f5d6c4d0bf829a2baa023688ee.jpg?va=1&ce=2&s=1024x768,agoda.com,exact,,https://www.google.com/maps/search/?api=1&query=10.936181%2C108.187512,hotel:671e4c0a-eb0c-5684-b2b2-02c319356227
Anantara Mui Ne Resort,10.941292,108.191849,Khách sạn 5★,Phan Thiết,"khách sạn · từ 3.428.708₫/đêm · 12A Nguyễn Đình Chiểu, Mũi Né, Phan Thiết",1,3428708,true,5,https://www.agoda.com/vi-vn/anantara-mui-ne-resort/hotel/phan-thiet-vn.html,https://pix6.agoda.net/hotelImages/108278/-1/d1d6be58088b5dcd08a86a9d5b920d22.jpg?va=1&ce=0&s=1024x768,agoda.com,exact,,https://www.google.com/maps/search/?api=1&query=10.941292%2C108.191849,hotel:de0acf1e-9c03-501f-a333-c148dfb631e4
Anket De' River Mui Ne resort,10.950573,108.257256,Khách sạn,Phan Thiết,"3 hạng phòng · từ 2.166.977₫/đêm · 50 Huỳnh Thúc Kháng 2, 77118 Mũi Né, Việt Nam",4,2166977,true,,https://www.booking.com/hotel/vn/anket-de-river-mui-ne-resort.vi.html,https://cf.bstatic.com/xdata/images/hotel/max1024x768/816528630.jpg?k=db5f43430a0ff4abbe9c5d750c8bd89316add61434ad7a19b7d8822dd4105088&o=&hp=1,booking.com,exact,,https://www.google.com/maps/search/?api=1&query=10.950573%2C108.257256,hotel:c2dc6824-a5f4-55c0-99a2-c37c014babf0
Apec Mandala Mũi Né - Căn hộ khách sạn nghỉ dưỡng (Apec Mandala Mui Ne - Resort Hotel Apartment),11.002721,108.346512,Khách sạn 5★,Phan Thiết,"khách sạn · từ 585.903₫/đêm · Đường DT 716, Mũi Né, Thành Phố Phan Thiết, Tỉnh Bình Thuận, Mũi Né, Phan Thiết",1,585903,true,5,https://www.agoda.com/vi-vn/apec-mandala-mui-ne-can-h-khach-s-n-nghi-du-ng/hotel/phan-thiet-vn.html,https://pix6.agoda.net/hotelImages/46727693/-1/7c8075da2d5e44f72066b37a90fcfd6d.jpg?va=1&ce=0&s=1024x768,agoda.com,exact,,https://www.google.com/maps/search/?api=1&query=11.002721%2C108.346512,hotel:58d35225-1855-5adb-b59e-cabc327888a3
Centara Mirage Resort Mui Ne,10.947158,108.268835,Khách sạn 5★,Phan Thiết,"3 hạng phòng · từ 2.639.272₫/đêm · Huynh Thuc Khang street, Mui Ne, 801098 Mũi Né, Việt Nam",4,2639272,true,5,https://www.booking.com/hotel/vn/centara-mirage-resort-mui-ne.vi.html,https://cf.bstatic.com/xdata/images/hotel/max1024x768/532042638.jpg?k=fa19eab51825a0a537fe08398160fd94386d42c391d491826cf639ab4061592c&o=&hp=1,booking.com,exact,,https://www.google.com/maps/search/?api=1&query=10.947158%2C108.268835,hotel:e09314fa-f726-5a85-a24c-0a0aad80f5c2
"Chăm Charm Mũi Né, Phan Thiết",10.954189,108.218769,Khách sạn 4★,Phan Thiết,"3 hạng phòng · từ 700.000₫/đêm · 157 Nguyễn Đình Chiểu, 77000 Mũi Né, Việt Nam",4,700000,true,4,https://www.booking.com/hotel/vn/cham-charm-mui-ne-phan-thiet.vi.html,https://cf.bstatic.com/xdata/images/hotel/max1024x768/759402133.jpg?k=e4daa8552920589b6a89b0a7397631021094e4cc9b996c8a71a8593aeecf3fcd&o=&hp=1,booking.com,exact,,https://www.google.com/maps/search/?api=1&query=10.954189%2C108.218769,hotel:015c7da7-1700-5555-9a9c-88dcee52a82c
EVA HUT Mui Ne Beach Hostel,10.953302,108.243034,Khách sạn,Phan Thiết,"3 hạng phòng · từ 110.000₫/đêm · Alley 202 Nguyen Dinh Chieu, Ham Tien, Mũi Né, Việt Nam",4,110000,true,,https://www.booking.com/hotel/vn/eva-hut-mui-ne-beach-hostel.vi.html,https://cf.bstatic.com/xdata/images/hotel/max1024x768/648142752.jpg?k=f488a2a8c7b4f23d10779d32f28a604fe7cd356a47ba3f4e8dfde8d97197e860&o=&hp=1,booking.com,exact,,https://www.google.com/maps/search/?api=1&query=10.953302%2C108.243034,hotel:c04437d9-621a-58d5-8738-885f0518e65f
Gia An Hung Guest House,10.9546,108.244854,Khách sạn 4★,Phan Thiết,"3 hạng phòng · từ 540.000₫/đêm · 335A Nguyen Dinh Chieu, Ham Tien, Mui Ne, Mũi Né, Việt Nam",4,540000,true,4,https://www.booking.com/hotel/vn/gia-an-hung-guest-house.vi.html,https://cf.bstatic.com/xdata/images/hotel/max1024x768/416707540.jpg?k=142a393fa2ed4d2dd603fc9121c57c0841a03cb1c2344aac590290d5f75ca321&o=&hp=1,booking.com,exact,,https://www.google.com/maps/search/?api=1&query=10.954600%2C108.244854,hotel:326afead-504e-5cfd-8ab9-4f19411cc2b8
Grace Boutique Resort,10.954928,108.235573,Khách sạn 4★,Phan Thiết,"3 hạng phòng · từ 1.070.460₫/đêm · 144A Nguyen Dinh Chieu, Mũi Né, Việt Nam",4,1070460,true,4,https://www.booking.com/hotel/vn/grace-boutique-resort.vi.html,https://cf.bstatic.com/xdata/images/hotel/max1024x768/776072423.jpg?k=f29874f9a01c7173b94f35562cd760b0bdf8508adb32cfe2c0c5da3cfd3d554f&o=&hp=1,booking.com,exact,,https://www.google.com/maps/search/?api=1&query=10.954928%2C108.235573,hotel:b7814340-74b9-5dfb-88db-9cb8a488e6ca
Hon Rom Central Beach Resort,10.961084,108.320104,Khách sạn 3★,Phan Thiết,"3 hạng phòng · từ 989.928₫/đêm · 18 Đ. Xuân Thủy, Mũi Né, Lâm Đồng, Vietnam, Mũi Né, Việt Nam",4,989928,true,3,https://www.booking.com/hotel/vn/hon-rom-1-resort.vi.html,https://cf.bstatic.com/xdata/images/hotel/max1024x768/786055776.jpg?k=bcb3c8c8e903bc3e432835ff7069d88b24e6d7e0be6fbaa63050bf68edecf3d4&o=&hp=1,booking.com,exact,,https://www.google.com/maps/search/?api=1&query=10.961084%2C108.320104,hotel:e0a53a1c-2994-5912-99bf-66e861e05174
I Hostel Muine - A Little White Homestay By The Sea,10.954058,108.240864,Khách sạn 1★,Phan Thiết,"3 hạng phòng · từ 288.000₫/đêm · 188 Nguyễn Đình Chiểu, Mũi Né, Việt Nam",4,288000,true,1,https://www.booking.com/hotel/vn/quoc-thang-homestay.vi.html,https://cf.bstatic.com/xdata/images/hotel/max1024x768/488636508.jpg?k=cedfe950d31ce6884e2a6ce7cc86a334b0ccb170c09f4069f90882f6026f05b8&o=&hp=1,booking.com,exact,,https://www.google.com/maps/search/?api=1&query=10.954058%2C108.240864,hotel:a3195e41-d86e-529f-b5f3-1064dd0bf9c6
iHome Backpacker Resort,10.953343,108.241773,Khách sạn,Phan Thiết,"2 hạng phòng · từ 220.000₫/đêm · KP 2, Hoa Binh Street, Ham Tien , Mũi Né, Việt Nam",3,220000,true,,https://www.booking.com/hotel/vn/ihome-backpacker-resort.vi.html,https://cf.bstatic.com/xdata/images/hotel/max1024x768/572015390.jpg?k=655f1960a4fdf577ab7b6753ea848b072d7c88ef413183a5528ed919ffe6308b&o=&hp=1,booking.com,exact,,https://www.google.com/maps/search/?api=1&query=10.953343%2C108.241773,hotel:bdb6ad84-b2b3-5100-95ff-2fc3af9a26e7
Khách sạn 1991 Boutique Phan Thiết (1991 Boutique Hotel Phan Thiết),10.940728,108.113411,Khách sạn 2★,Phan Thiết,"khách sạn · từ 354.938₫/đêm · 307 Võ Văn Kiệt, Phú Thủy, Phan Thiết",1,354938,true,2,https://www.agoda.com/vi-vn/1991-boutique-hotel-phan-thi-t/hotel/phan-thiet-vn.html,https://pix6.agoda.net/hotelImages/50121979/0/904a91ef7260e8207f6eeeef5ddb5179.jpg?va=1&ce=0&s=1024x768,agoda.com,exact,,https://www.google.com/maps/search/?api=1&query=10.940728%2C108.113411,hotel:b3ac284a-f7ba-5061-afed-6e4fad0eb4ea
Khách sạn 1991 Phan Thiết (1991 Hotel Phan Thiết),10.940341,108.11197,Khách sạn 2★,Phan Thiết,"khách sạn · từ 212.348₫/đêm · 24 Nguyên Hồng,Phan Thiết, Phú Thủy, Phan Thiết",1,212348,true,2,https://www.agoda.com/vi-vn/1991-hotel-phan-thi-t/hotel/phan-thiet-vn.html,https://pix8.agoda.net/hotelImages/50121906/0/0beec55df43e74a41bccc1db4e175956.jpg?va=1&ce=0&s=1024x768,agoda.com,exact,,https://www.google.com/maps/search/?api=1&query=10.940341%2C108.111970,hotel:dcd0e7dc-49e8-5a26-9d7b-360ce6359205
Khách sạn boutique Palette Mũi Né (Palette Muine Boutique Hotel Near Mui Ne Beach),10.942609,108.192139,Khách sạn 3★,Phan Thiết,"khách sạn · từ 988.591₫/đêm · 25B Nguyễn Đình Chiểu, Phường Hàm Tiến, Mũi Né, Phan Thiết",1,988591,true,3,https://www.agoda.com/vi-vn/muine-boutique/hotel/phan-thiet-vn.html,https://pix8.agoda.net/hotelImages/253958/0/0dce4d0f0c3e1caac23a47e42c592889.jpg?va=1&ce=3&s=1024x768,agoda.com,exact,,https://www.google.com/maps/search/?api=1&query=10.942609%2C108.192139,hotel:de38ed33-2a68-57f3-93a0-7a84f63586c1
Khách sạn boutique Rubens (RUBENS BOUTIQUE HOTEL),10.930202,108.119614,Khách sạn 3★,Phan Thiết,"khách sạn · từ 661.270₫/đêm · D3 -32A Ocean City Urban Area, Phu Thuy Ward, Phan Thiet City, Binh Thuan, Vietnam, Phú Thủy, Phan Thiết",1,661270,true,3,https://www.agoda.com/vi-vn/rubens-boutique-hotel/hotel/phan-thiet-vn.html,https://pix6.agoda.net/hotelImages/37871271/-1/95afe99dc39499b0afb27618eb7b2066.jpg?va=1&ce=0&s=1024x768,agoda.com,exact,,https://www.google.com/maps/search/?api=1&query=10.930202%2C108.119614,hotel:28633865-e364-5c66-b556-4ef95dd6dbb8
Khu Nghỉ Dưỡng Pandanus (Pandanus Resort),10.944879,108.300122,Khách sạn 4.5★,Phan Thiết,"khách sạn · từ 1.805.556₫/đêm · 3 Nguyễn Hữu Thọ, Mũi N, Mũi Né, Phan Thiết",1,1805556,true,4.5,https://www.agoda.com/vi-vn/pandanus-resort_19/hotel/phan-thiet-vn.html,https://pix6.agoda.net/hotelImages/48362/0/4fca5f32e2aaf7b3bd46708a3b4ac9b5.jpg?va=1&ce=3&s=1024x768,agoda.com,exact,,https://www.google.com/maps/search/?api=1&query=10.944879%2C108.300122,hotel:db5744ab-5e58-5ffc-af5b-1ddf09e25750
Khu Nghỉ Dưỡng Sailing Club Mũi Né (Sailing Club Resort Mui Ne),10.944294,108.19606,Khách sạn 4★,Phan Thiết,"khách sạn · từ 3.895.944₫/đêm · 24 Nguyen Dinh Chieu, Ham Tien, Mui Ne, Mũi Né, Phan Thiết",1,3895944,true,4,https://www.agoda.com/vi-vn/mia-mui-ne-resort/hotel/phan-thiet-vn.html,https://pix6.agoda.net/hotelImages/337919/0/55282573df38cb5842f7f143821c7e9d.jpg?va=1&ce=3&s=1024x768,agoda.com,exact,,https://www.google.com/maps/search/?api=1&query=10.944294%2C108.196060,hotel:fdde474c-d6bf-5bb2-9b22-fd051193e4cc
Khu nghỉ dưỡng Sea Lion Beach Mũi Né (Sea Lion Beach Resort Mui Ne),10.94036,108.190346,Khách sạn 4★,Phan Thiết,"khách sạn · từ 947.718₫/đêm · 12 Nguyễn Đình Chiểu, Hàm Tiến, Mũi Né, Mũi Né, Phan Thiết",1,947718,true,4,https://www.agoda.com/vi-vn/sea-lion-beach-resort-spa-h27937846/hotel/phan-thiet-vn.html,https://pix8.agoda.net/hotelImages/33601471/0/7a688cf925736350577995b33ae88c33.jpg?va=1&ce=3&s=1024x768,agoda.com,exact,,https://www.google.com/maps/search/?api=1&query=10.940360%2C108.190346,hotel:bc3e15e6-26fe-55a7-813a-1bf57c31d573
Khu nghỉ dưỡng Sunday Lotus Garden By The Sea Mũi Né (Sunday Lotus Garden Resort By The Sea Mui Ne),10.9545,108.242554,Khách sạn 3★,Phan Thiết,"khách sạn · từ 1.235.738₫/đêm · 200 Nguyễn đình Chiểu, phường Hàm Tiến, Phan Thiết, Bình Thuận, Mũi Né, Phan Thiết",1,1235738,true,3,https://www.agoda.com/vi-vn/sunday-lotus-garden-resort-mui-ne-h9757906/hotel/phan-thiet-vn.html,https://pix8.agoda.net/hotelImages/9757906/0/668dedc85eebe80f90eabcc9d8cd643e.jpg?va=1&ce=3&s=1024x768,agoda.com,exact,,https://www.google.com/maps/search/?api=1&query=10.954500%2C108.242554,hotel:19cc0536-7ee9-57bd-97ab-83fa428c94f7
Lavender Muine Hotel,10.954951,108.215412,Khách sạn,Phan Thiết,"3 hạng phòng · từ 820.000₫/đêm · 17 Block B Area 1 Ham Tien, Mũi Né, Việt Nam",4,820000,true,,https://www.booking.com/hotel/vn/van-thanh.vi.html,https://cf.bstatic.com/xdata/images/hotel/max1024x768/568281525.jpg?k=bcb07a3451aa4c6e7c0ad9df7887e157fec744b77bc50ecf142eabef381be2b6&o=&hp=1,booking.com,exact,,https://www.google.com/maps/search/?api=1&query=10.954951%2C108.215412,hotel:32e81d2a-77b5-5d0a-a390-ac420aabfe8d
Lotus Village Resort - Muine,10.952976,108.215927,Khách sạn 3.5★,Phan Thiết,"khách sạn · từ 1.085.714₫/đêm · 100 - 139D Nguyen Dinh Chieu, Phuong Ham Tien, Mui Ne, Mũi Né, Phan Thiết",1,1085714,true,3.5,https://www.agoda.com/vi-vn/lotus-village-resort-muine/hotel/phan-thiet-vn.html,https://pix6.agoda.net/hotelImages/262/262815/262815_14063017220020093265.jpg?va=1&ca=2&ce=1&s=1024x768,agoda.com,exact,,https://www.google.com/maps/search/?api=1&query=10.952976%2C108.215927,hotel:bb3b11b8-545c-5032-850f-4470136b8312
Mandala Couple Signature,11.003043,108.346252,Khách sạn 5★,Phan Thiết,"khách sạn · từ 314.179₫/đêm · Apec Mandala Mui Ne,DT 716, duong Xuan Thuy, phuong Mui Ne, Mũi Né, Phan Thiết",1,314179,true,5,https://www.agoda.com/vi-vn/ocean-mandala-retreat-apec-mui-ne/hotel/phan-thiet-vn.html,https://pix8.agoda.net/hotelImages/67270192/-1/79e13c013b928a2d5b39cfc161002bc5.jpg?va=1&ce=0&s=1024x768,agoda.com,exact,,https://www.google.com/maps/search/?api=1&query=11.003043%2C108.346252,hotel:14fc13cd-4e7a-59e5-a8fd-3b23cca06778
Mandala Nearly Beach - Condotel Apec Mui Né,11.00226,108.3479,Khách sạn 5★,Phan Thiết,"3 hạng phòng · từ 572.282₫/đêm · DT716 , Xuân Thủyy, 770000 Mũi Né, Việt Nam",4,572282,true,5,https://www.booking.com/hotel/vn/mandala-nearly-beach-condotel-apec-mui-ne.vi.html,https://cf.bstatic.com/xdata/images/hotel/max1024x768/793451111.jpg?k=c0c3f7732b81f22c94514278058b384bfe06370a1b627cc944755cbd36180009&o=&hp=1,booking.com,exact,,https://www.google.com/maps/search/?api=1&query=11.002260%2C108.347900,hotel:df36b58a-b36f-5f61-b973-a7e4288242ad
Mandala Wins Apec Mũi Né,11.00315,108.346144,Khách sạn 5★,Phan Thiết,"3 hạng phòng · từ 728.000₫/đêm · ĐT716, 62000 Mũi Né, Việt Nam",4,728000,true,5,https://www.booking.com/hotel/vn/apec-beach-thanh-pho-phan-thiet.vi.html,https://cf.bstatic.com/xdata/images/hotel/max1024x768/845083938.jpg?k=fcb369060d272830abc33212c86690797ea4bf40c6875ee40d621f3be6efaa38&o=&hp=1,booking.com,exact,,https://www.google.com/maps/search/?api=1&query=11.003150%2C108.346144,hotel:9642458a-2bec-51cf-9ed3-b96c2911da76
MiNhon Hotel Muine,10.953864,108.244092,Khách sạn 2★,Phan Thiết,"3 hạng phòng · từ 625.300₫/đêm · 210/5 Nguyen Dinh Chieu KP2, Ham Tien Village, Mũi Né, Việt Nam",4,625300,true,2,https://www.booking.com/hotel/vn/minhon-muine.vi.html,https://cf.bstatic.com/xdata/images/hotel/max1024x768/209912938.jpg?k=821fde3eab0024736f4337da38c71376c3d8b215e79ee4e3b796a438e5aea06e&o=&hp=1,booking.com,exact,,https://www.google.com/maps/search/?api=1&query=10.953864%2C108.244092,hotel:7cd70b62-b94e-5276-a9de-1d0cace50321
Muine Bay Resort,10.921427,108.293615,Khách sạn 4★,Phan Thiết,"khách sạn · từ 1.292.972₫/đêm · Khu phố 14, Phường Mũi N , Tp. Phan Thiết, Tỉnh B nh Thuận, Việt Nam, Mũi Né, Phan Thiết",1,1292972,true,4,https://www.agoda.com/vi-vn/muine-bay-resort/hotel/phan-thiet-vn.html,https://pix6.agoda.net/hotelImages/254905/0/c90e1fec9d040836fbb2e1b786eed678.jpg?va=1&ce=2&s=1024x768,agoda.com,exact,,https://www.google.com/maps/search/?api=1&query=10.921427%2C108.293615,hotel:b9bbfae7-2bdf-5d49-82e5-1d9e6f0e3981
Pandanus Resort - Complimentary Minibar,10.944889,108.297874,Khách sạn 4★,Phan Thiết,"3 hạng phòng · từ 1.792.733₫/đêm · So 3 Nguyen Huu Tho, phuong Mui Ne, Mũi Né, Việt Nam",4,1792733,true,4,https://www.booking.com/hotel/vn/pandanus-resort.vi.html,https://cf.bstatic.com/xdata/images/hotel/max1024x768/699850409.jpg?k=5491e6d862dc913b56a7a0ce65a1aeb865041f64961567f4a80b003846d19864&o=&hp=1,booking.com,exact,,https://www.google.com/maps/search/?api=1&query=10.944889%2C108.297874,hotel:e2ca9c24-88ed-5097-801f-62fce32a3537
Rainbow Beach Mũi Né - Homestay & Coffee,10.946771,108.265984,Khách sạn 5★,Phan Thiết,"khách sạn · từ 515.873₫/đêm · Huynh Thuc Khang, Mũi Né, Phan Thiết",1,515873,true,5,https://www.agoda.com/vi-vn/rainbow-beach-mui-ne-homestay-coffee/hotel/phan-thiet-vn.html,https://pix6.agoda.net/hotelImages/66811298/0/0cd0a23c6610c361d0e2e72e32c62c6f.jpg?va=1&ce=0&s=1024x768,agoda.com,exact,,https://www.google.com/maps/search/?api=1&query=10.946771%2C108.265984,hotel:8a1f2bf3-a4e1-5358-95e5-93fd36ac3adc
Red Sands Mui Ne - Complimentary Welcome Gift,10.96017,108.325503,Khách sạn 3★,Phan Thiết,"3 hạng phòng · từ 1.188.000₫/đêm · 34 Đường Bùi Xuân Phái, Mũi Né, Việt Nam",4,1188000,true,3,https://www.booking.com/hotel/vn/red-sands-boutique.vi.html,https://cf.bstatic.com/xdata/images/hotel/max1024x768/655667592.jpg?k=2c1ca31d05682c4e9307aab0db0a37eaf480c17ed0dc781dfc49b3d91effaeb5&o=&hp=1,booking.com,exact,,https://www.google.com/maps/search/?api=1&query=10.960170%2C108.325503,hotel:1832e2b8-c408-59e1-a95c-380556b899e9
Resort Làng Tre Mũi Né (Bamboo Village Beach Resort),10.945426,108.1989,Khách sạn 4★,Phan Thiết,"khách sạn · từ 2.357.143₫/đêm · 38 Nguyễn Đi`nh Chiểu, phường Mũi Ne', tỉnh Lâm Đồng, Mũi Né, Phan Thiết",1,2357143,true,4,https://www.agoda.com/vi-vn/bamboo-village-beach-resort/hotel/phan-thiet-vn.html,https://pix6.agoda.net/hotelImages/11008/-1/5ec571372bd463c7addd0a2f20d5cbed.jpg?va=1&ce=0&s=1024x768,agoda.com,exact,,https://www.google.com/maps/search/?api=1&query=10.945426%2C108.198900,hotel:38a27e88-79a8-5953-ab57-c707fc1585f1
Song Anh Mui Ne Guesthouse,10.952993,108.249909,Khách sạn,Phan Thiết,"2 hạng phòng · từ 275.366₫/đêm · 4 Huỳnh Thúc Kháng, Mũi Né, Việt Nam",3,275366,true,,https://www.booking.com/hotel/vn/song-anh-guesthouse.vi.html,https://cf.bstatic.com/xdata/images/hotel/max1024x768/864787681.jpg?k=6ed668f28f5dae9688eb2d27a20ca70159d93f8ca4d7b9bdd158446f2581dcfc&o=&hp=1,booking.com,exact,,https://www.google.com/maps/search/?api=1&query=10.952993%2C108.249909,hotel:7eb7ca44-65ad-5e83-9859-70f7475ccdcb
SUNSHINE BEACH Resort,10.951339,108.211008,Khách sạn,Phan Thiết,"3 hạng phòng · từ 1.068.940₫/đêm · 82 Nguyễn Đình Chiểu, 66000 Mũi Né, Việt Nam",4,1068940,true,,https://www.booking.com/hotel/vn/sunshine-beach-resort-mui-ne.vi.html,https://cf.bstatic.com/xdata/images/hotel/max1024x768/860267332.jpg?k=345b08ee06fd397e42873feb2e72f032875839c633bf42671ee97f6921a75ead&o=&hp=1,booking.com,exact,,https://www.google.com/maps/search/?api=1&query=10.951339%2C108.211008,hotel:a155876d-678a-577a-a9b6-1413261bfc74
Surf4You Residence,10.948638,108.262496,Khách sạn 3★,Phan Thiết,"3 hạng phòng · từ 1.180.000₫/đêm · 90 Huynh Thuc Khang, Mũi Né, Việt Nam",4,1180000,true,3,https://www.booking.com/hotel/vn/surf-for-you-residence.vi.html,https://cf.bstatic.com/xdata/images/hotel/max1024x768/103559528.jpg?k=cfb386ca77fcb6873f81df9e5eaa38326906bdc1acd135f15482789eb957d36c&o=&hp=1,booking.com,exact,,https://www.google.com/maps/search/?api=1&query=10.948638%2C108.262496,hotel:208d1a04-640d-53ed-b873-97ad06a102c3
Terracotta Resort & Spa,10.943683,108.197021,Khách sạn 4.5★,Phan Thiết,"khách sạn · từ 2.485.670₫/đêm · 28 Nguyen Dinh Chieu, Phuong Ham Tien, Mui Ne, Mũi Né, Phan Thiết",1,2485670,true,4.5,https://www.agoda.com/vi-vn/terracotta-resort-spa/hotel/phan-thiet-vn.html,https://pix6.agoda.net/hotelImages/267450/-1/d17a984eba19373e76fe8187c0e64f78.jpg?va=1&ca=7&ce=1&s=1024x768,agoda.com,exact,,https://www.google.com/maps/search/?api=1&query=10.943683%2C108.197021,hotel:db8a77fb-17fb-59cc-a71c-8c55bff936f3
The Anam Mui Ne,10.942592,108.194609,Khách sạn 5★,Phan Thiết,"3 hạng phòng · từ 5.010.193₫/đêm · 18 Nguyen Dinh Chieu, Mui Ne, Mũi Né, Việt Nam",4,5010193,true,5,https://www.booking.com/hotel/vn/the-anam-mui-ne.vi.html,https://cf.bstatic.com/xdata/images/hotel/max1024x768/416024152.jpg?k=137720594d2ea363e807aeaf88fc1191084294f0c10b14365386d2261bdae64d&o=&hp=1,booking.com,exact,,https://www.google.com/maps/search/?api=1&query=10.942592%2C108.194609,hotel:1355ff69-308d-5bfd-89e8-39c76a61d935
The Cliff Resort and Residences,10.936806,108.181674,Khách sạn 4★,Phan Thiết,"khách sạn · từ 1.792.769₫/đêm · Khu phố 5, Phường Phú Hài,, Mũi Né, Phan Thiết",1,1792769,true,4,https://www.agoda.com/vi-vn/the-cliff-resort-and-residences/hotel/phan-thiet-vn.html,https://pix6.agoda.net/hotelImages/344574/0/97244b178a0566ee316b1fb5846a13ac.jpg?va=1&ce=2&s=1024x768,agoda.com,exact,,https://www.google.com/maps/search/?api=1&query=10.936806%2C108.181674,hotel:eb68e957-3b48-5400-a98f-3fdbfe675e15
Victoria Phan Thiet Beach Resort and Spa,10.936878,108.17626,Khách sạn 4.5★,Phan Thiết,"khách sạn · từ 1.352.837₫/đêm · Km 9, Phu Thuy Ward, Lam Dong Province, Viet Nam, Phú Hài, Phan Thiết",1,1352837,true,4.5,https://www.agoda.com/vi-vn/victoria-phan-thiet-beach-resort-and-spa/hotel/phan-thiet-vn.html,https://pix6.agoda.net/hotelImages/11012/0/39c76980e24f19377dc690d0395fc4e4.jpg?va=1&ce=3&s=1024x768,agoda.com,exact,,https://www.google.com/maps/search/?api=1&query=10.936878%2C108.176260,hotel:a0e1ebe2-ba04-52c6-a3e9-009fb2cbb251
Wanderlust garden inn,10.954356,108.247621,Khách sạn,Phan Thiết,"3 hạng phòng · từ 300.000₫/đêm · 375/3 Nguyễn Đình Chiểu, Mũi Né, Việt Nam",4,300000,true,,https://www.booking.com/hotel/vn/wanderlust-garden-inn.vi.html,https://cf.bstatic.com/xdata/images/hotel/max1024x768/594985053.jpg?k=783ef2625a00b2d814c83c684176ddd656ebf31bc497676f20b4378f571a39d8&o=&hp=1,booking.com,exact,,https://www.google.com/maps/search/?api=1&query=10.954356%2C108.247621,hotel:e3a847f3-3d99-5f45-bc7d-ccdc21762080
Ancarine Beach Resort,10.260596,103.934129,Khách sạn 3★,Phú Quốc,"3 hạng phòng · từ 1.839.600₫/đêm · 3 Ong Lang, Ong Lang, Phú Quốc, Việt Nam",4,1839600,true,3,https://www.booking.com/hotel/vn/blue-sea-resort.vi.html,https://cf.bstatic.com/xdata/images/hotel/max1024x768/457330984.jpg?k=82418290bfe2af767cdd11ea773fcd31ead233d66ec0a18e834090cb449dd96d&o=&hp=1,booking.com,exact,,https://www.google.com/maps/search/?api=1&query=10.260596%2C103.934129,hotel:5f28f82f-5d01-567f-b9f3-92ac1afc7fed
Best Western Premier Sonasea Phu Quoc,10.131055,103.989823,Khách sạn 5★,Phú Quốc,"3 hạng phòng · từ 2.291.465₫/đêm · Duong Bao, Duong To, Duong To, Phú Quốc, Việt Nam",4,2291465,true,5,https://www.booking.com/hotel/vn/best-western-premier-sonasea-phu-quoc.vi.html,https://cf.bstatic.com/xdata/images/hotel/max1024x768/770599803.jpg?k=5e71c4a12688dca49ee41fbe65a99a66fd0f07826f540486a6184082f7604157&o=&hp=1,booking.com,exact,,https://www.google.com/maps/search/?api=1&query=10.131055%2C103.989823,hotel:2908a78a-4288-56e4-b741-6076b1885c83
Cassia Cottage Resort and Spa,10.198797,103.963328,Khách sạn 4★,Phú Quốc,"3 hạng phòng · từ 4.165.560₫/đêm · Khu Pho 7, Tran Hung Dao, Duong To, Phú Quốc, Việt Nam",4,4165560,true,4,https://www.booking.com/hotel/vn/cassia-cottage.vi.html,https://cf.bstatic.com/xdata/images/hotel/max1024x768/189687261.jpg?k=33850b3ddb4d2a20a6964faa8dfcd319b721ce9b2ddda99e3127afa9f9fb1a23&o=&hp=1,booking.com,exact,,https://www.google.com/maps/search/?api=1&query=10.198797%2C103.963328,hotel:fc19b020-fb91-5873-aaa2-5217bcd2b543
Coral Bay Resort,10.193041,103.96502,Khách sạn 3★,Phú Quốc,"3 hạng phòng · từ 1.303.617₫/đêm · Hamlet 8, Tran Hung Dao, Duong To, Phú Quốc, Việt Nam",4,1303617,true,3,https://www.booking.com/hotel/vn/rocosy-resort.vi.html,https://cf.bstatic.com/xdata/images/hotel/max1024x768/40356001.jpg?k=8db4e677fac7798141b84ad55fdf8a2a8330ca51921568b3602e15da7fabce77&o=&hp=1,booking.com,exact,,https://www.google.com/maps/search/?api=1&query=10.193041%2C103.965020,hotel:2b5b1365-c393-5d09-8030-a0d0249945f9
Crowne Plaza Phu Quoc Starbay by IHG,10.317072,103.857334,Khách sạn 5★,Phú Quốc,"3 hạng phòng · từ 3.577.136₫/đêm · Khu Du Lịch Bãi Dài, Đặc Khu Phú Quốc, Tỉnh An Giang, Việt Nam, Ganh Dau, 92509 Phú Quốc, Việt Nam",4,3577136,true,5,https://www.booking.com/hotel/vn/crowne-plaza-phu-quoc-starbay.vi.html,https://cf.bstatic.com/xdata/images/hotel/max1024x768/331636617.jpg?k=c26f2fb9cace78ccba0ac8a77c908cf7425a010352f3e62ea75c53874ed2cbcb&o=&hp=1,booking.com,exact,,https://www.google.com/maps/search/?api=1&query=10.317072%2C103.857334,hotel:57a3c4eb-8b04-51d1-b4ac-75c3cedf835d
Daisy Resort,10.199506,103.970039,Khách sạn 3.5★,Phú Quốc,"khách sạn · từ 923.923₫/đêm · 127/2 Trần Hưng Đạo, Khu Phố 7, phường Dương Đông, thành phố Phú Quốc, Dương Đông, Đảo Phú Quốc",1,923923,true,3.5,https://www.agoda.com/vi-vn/daisy-resort/hotel/phu-quoc-island-vn.html,https://pix8.agoda.net/hotelImages/754563/0/32d8f415bba23c49170455f1e9fcb2f4.jpg?va=1&ce=3&s=1024x768,agoda.com,exact,,https://www.google.com/maps/search/?api=1&query=10.199506%2C103.970039,hotel:5eee045e-ee2d-5af9-8492-568d20325d30
Devesun Boutique Hotel Phú Quốc,10.025266,104.008475,Khách sạn,Phú Quốc,"3 hạng phòng · từ 1.350.000₫/đêm · 04 Đường MILAN, 92513 Phú Quốc, Việt Nam",4,1350000,true,,https://www.booking.com/hotel/vn/devesun-boutique-phu-quoc.vi.html,https://cf.bstatic.com/xdata/images/hotel/max1024x768/877016766.jpg?k=8f14a27420c89addd276e4e17e585c97ed4d9e8c1045f29da53e6ada9d681a93&o=&hp=1,booking.com,exact,,https://www.google.com/maps/search/?api=1&query=10.025266%2C104.008475,hotel:3a40e48b-fd79-549b-a1f9-6371d08e9ce4
Dusit Princess Moonrise Beach Resort,10.18118,103.967659,Khách sạn 5★,Phú Quốc,"3 hạng phòng · từ 4.343.570₫/đêm · Group 2, Cua Lap, Duong To, Duong To, Phú Quốc, Việt Nam",4,4343570,true,5,https://www.booking.com/hotel/vn/dusit-princess-moonrise-beach-resort.vi.html,https://cf.bstatic.com/xdata/images/hotel/max1024x768/296411169.jpg?k=7290afafba1527e77526627b10834f9da7137c907834a6540657e79deb434cf8&o=&hp=1,booking.com,exact,,https://www.google.com/maps/search/?api=1&query=10.181180%2C103.967659,hotel:29503f05-ee11-502e-9b20-351d8016f5af
Emerald Boutique Hotel Phú Quốc,10.133947,103.983818,Khách sạn,Phú Quốc,"3 hạng phòng · từ 1.550.000₫/đêm · Emerald Boutique Hotel Phú Quốc Số S09-S10 lô số SS24 Sonasea Villas và Resort, Tổ 5, ấp Đường Bào, Đặc khu Phú Quốc, 92513 Phú Quốc, Việt Nam",4,1550000,true,,https://www.booking.com/hotel/vn/emerald-boutique-phu-quoc.vi.html,https://cf.bstatic.com/xdata/images/hotel/max1024x768/807807940.jpg?k=cb81791f57b7cce1bb367974cc342c9902281a3dc69aafac18df4cc2d17ba0c2&o=&hp=1,booking.com,exact,,https://www.google.com/maps/search/?api=1&query=10.133947%2C103.983818,hotel:113f96b9-a849-55ef-91d4-166e8ae4d122
Famiana Resort and Spa,10.184491,103.968066,Khách sạn 4.5★,Phú Quốc,"khách sạn · từ 2.268.519₫/đêm · Khu Phố Cửa Lấp Dương Tơ, Đặc Khu Ph Quốc, Tỉnh An Giang, Việt Nam, Cửa Lấp, Đảo Phú Quốc",1,2268519,true,4.5,https://www.agoda.com/vi-vn/famiana-resort-and-spa/hotel/phu-quoc-island-vn.html,https://pix6.agoda.net/hotelImages/400217/3021702/0fba323153407d91a1db298558cd0291.jpg?va=1&ce=0&s=1024x768,agoda.com,exact,,https://www.google.com/maps/search/?api=1&query=10.184491%2C103.968066,hotel:cf497a78-0820-5d18-a44b-2d17a5ed6664
Fusion Resort Phú Quốc (Fusion Resort Phu Quoc - All Spa Inclusive),10.307692,103.875465,Khách sạn 5★,Phú Quốc,"khách sạn · Vung Bau Beach, Cua Can Ward, Vũng Bầu, Đảo Phú Quốc",1,,false,5,https://www.agoda.com/vi-vn/fusion-resort-phu-quoc-all-spa-inclusive/hotel/phu-quoc-island-vn.html,https://pix6.agoda.net/hotelImages/1624152/-1/662424622f19e11d73d830346dd0459b.jpg?va=1&ca=10&ce=1&s=1024x768,agoda.com,exact,,https://www.google.com/maps/search/?api=1&query=10.307692%2C103.875465,hotel:8b7bc3d5-660b-5f65-9fd1-703b9e15d856
Grand Ocean Bay Resort Phu Quoc,10.255994,103.940179,Khách sạn 5★,Phú Quốc,"3 hạng phòng · từ 3.520.000₫/đêm · Đường Dinh Bà, Ong Lang, Phú Quốc, Việt Nam",4,3520000,true,5,https://www.booking.com/hotel/vn/grand-ocean-bay-resort-phu-quoc.vi.html,https://cf.bstatic.com/xdata/images/hotel/max1024x768/902275734.jpg?k=4a736d056a55064675f8a7ed61201e484ee2a989ca3e6c6973da1b753afcb825&o=&hp=1,booking.com,exact,,https://www.google.com/maps/search/?api=1&query=10.255994%2C103.940179,hotel:542e004b-3684-5968-9f95-46458cfc4611
Khách sạn Dương Đông (Duong Đong Hotel),10.18265,103.972237,Khách sạn 3★,Phú Quốc,"khách sạn · từ 373.315₫/đêm · Alley of Ba Phong Bridge, to the mountain, Closed Door, Duong To, Cửa Lấp, Đảo Phú Quốc",1,373315,true,3,https://www.agoda.com/vi-vn/duong-dong-hotel/hotel/phu-quoc-island-vn.html,https://pix8.agoda.net/hotelImages/31179452/-1/077a9a1f8bd1a0f64853a1e6529058e9.png?va=1&ce=0&s=1024x768,agoda.com,exact,,https://www.google.com/maps/search/?api=1&query=10.182650%2C103.972237,hotel:b1e7651b-bf8d-5123-aac6-0a755cc0c049
Khách sạn Mareva Khem Beach (Mareva Khem Beach Hotel),10.038247,104.02529,Khách sạn 4★,Phú Quốc,"khách sạn · từ 928.732₫/đêm · , Phú Quốc, An Thới, Đảo Phú Quốc",1,928732,true,4,https://www.agoda.com/vi-vn/mareva-khem-beach-hotel-free-beach-shuttle/hotel/phu-quoc-island-vn.html,https://pix6.agoda.net/hotelImages/88640596/0/52a4df55610b14b145a5f4df494bf6d9.png?va=1&ce=3&s=1024x768,agoda.com,exact,,https://www.google.com/maps/search/?api=1&query=10.038247%2C104.025290,hotel:44c3afdf-de90-5bfe-b6a6-ba99498e0883
Khách sạn Venus Phú Quốc (Venus Hotel Phu Quoc),10.213324,103.958891,Khách sạn 2★,Phú Quốc,"khách sạn · từ 498.693₫/đêm · 60A Trần Hưng Đạo, Khu Phố 7, Dương Đông, Dương Đông, Đảo Phú Quốc",1,498693,true,2,https://www.agoda.com/vi-vn/venus-hotel-sky-bar-phu-quoc/hotel/phu-quoc-island-vn.html,https://pix8.agoda.net/hotelImages/488842/-1/80dc2c7b6c610fd4cd9fb2784605b475.jpg?va=1&ce=0&s=1024x768,agoda.com,exact,,https://www.google.com/maps/search/?api=1&query=10.213324%2C103.958891,hotel:5e6bdd78-9689-5f54-a484-5f3f9957f7ff
Khu nghỉ dưỡng Nam Nghi Coral Peninsula Phú Quốc (Nam Nghi Coral Peninsula Phu Quoc),10.303378,103.86124,Khách sạn 5★,Phú Quốc,"khách sạn · Ấp 4, xã Cửa Cạn, đảo Phú Quốc, Vũng Bầu, Đảo Phú Quốc",1,,false,5,https://www.agoda.com/vi-vn/nam-nghi-phu-quoc-in-the-unbound-collection-by-hyatt/hotel/phu-quoc-island-vn.html,https://pix6.agoda.net/hotelImages/206/2061878/2061878_17070810410054324381.jpg?va=1&ca=13&ce=1&s=1024x768,agoda.com,exact,,https://www.google.com/maps/search/?api=1&query=10.303378%2C103.861240,hotel:d6a100ce-2b85-5fe1-a465-15362d373b9d
Khu nghỉ dưỡng Palette Casa De Sol Beach (Palette Casa De Sol Beach Resort),10.256057,104.080246,Khách sạn 3★,Phú Quốc,"khách sạn · từ 1.334.505₫/đêm · TL48, Hàm Ninh, Đảo Phú Quốc",1,1334505,true,3,https://www.agoda.com/vi-vn/voyage-phu-quoc-beach-resort/hotel/phu-qu-c-island-vn.html,https://pix8.agoda.net/hotelImages/35749828/0/3acf7fd9bf30d5399c254ffc6baff7e9.jpg?va=1&ce=3&s=1024x768,agoda.com,exact,,https://www.google.com/maps/search/?api=1&query=10.256057%2C104.080246,hotel:f11e5f64-2fde-542d-9fd4-395def200b3c
Khu nghỉ dưỡng Salinda Phú Quốc - Sparkling Wine Breakfast (Salinda Resort Phu Quoc - Sparkling Wine Breakfast),10.182822,103.968277,Khách sạn 5★,Phú Quốc,"khách sạn · từ 4.043.841₫/đêm · ấp Cửa Lấp, x Dương Tơ, Cửa Lấp, Đảo Phú Quốc",1,4043841,true,5,https://www.agoda.com/vi-vn/salinda-resort-phu-quoc-island/hotel/phu-quoc-island-vn.html,https://pix6.agoda.net/hotelImages/569108/-1/5d5d99e3b3795c23a287e1b941811739.jpg?va=1&ca=15&ce=1&s=1024x768,agoda.com,exact,,https://www.google.com/maps/search/?api=1&query=10.182822%2C103.968277,hotel:d34acbe8-a95c-579c-a0ba-12d2b6c906f0
Khu nghỉ dưỡng & Spa Lahana Phú Quốc (Lahana Resort Phu Quoc & Spa),10.206207,103.965576,Khách sạn 4★,Phú Quốc,"khách sạn · từ 2.821.024₫/đêm · 91/3 Trần Hưng Đạo, Dương Đ ng, Dương Đông, Đảo Phú Quốc",1,2821024,true,4,https://www.agoda.com/vi-vn/lahana-resort-phu-quoc/hotel/phu-quoc-island-vn.html,https://pix6.agoda.net/hotelImages/2577124/0/2ecb4c63ec78c8a3ebf4f5aaae45f681.png?va=1&ce=3&s=1024x768,agoda.com,exact,,https://www.google.com/maps/search/?api=1&query=10.206207%2C103.965576,hotel:01f5c032-0353-55a5-9792-70f442e9a577
Khu nghỉ dưỡng WorldHotels Long Beach Phú Quốc (WorldHotels Long Beach Resort Phu Quoc),10.188999,103.966431,Khách sạn 5★,Phú Quốc,"khách sạn · từ 2.821.869₫/đêm · 152 Đường Trần Hưng Đạo, Khu phố Cửa Lấp, Xã Dương Tơ, Đặc khu Phú Quốc, Tỉnh An Giang, Việt Nam, Dương Đông, Đảo Phú Quốc",1,2821869,true,5,https://www.agoda.com/vi-vn/worldhotels-long-beach-resort-phu-quoc-h83294991/hotel/phu-quoc-island-vn.html,https://pix8.agoda.net/hotelImages/82466726/0/3d5231064e694f8a5df7794a90061f9b.jpeg?va=1&ce=3&s=1024x768,agoda.com,exact,,https://www.google.com/maps/search/?api=1&query=10.188999%2C103.966431,hotel:b2af1493-0376-5483-891b-bc7583b973b2
Meliá Vinpearl Phu Quoc,10.355079,103.847329,Khách sạn 5★,Phú Quốc,"3 hạng phòng · từ 3.999.734₫/đêm · Bai Dai, Ganh Dau, Phú Quốc, Việt Nam",4,3999734,true,5,https://www.booking.com/hotel/vn/melia-vinpearl-phu-quoc.vi.html,https://cf.bstatic.com/xdata/images/hotel/max1024x768/893595340.jpg?k=ed37283f662aa2ab5f714fd4a0b56a991e60d3bcaa4b35d4fc7d2481e859f2f3&o=&hp=1,booking.com,exact,,https://www.google.com/maps/search/?api=1&query=10.355079%2C103.847329,hotel:eed59795-f2ff-50c6-af0a-99dd9a6474c6
Mộc Homestay GrandWorld Phú Quốc,10.325271,103.860062,Khách sạn 4★,Phú Quốc,"khách sạn · từ 511.574₫/đêm · VH84-GrandWorld, Gành Dầu, Đảo Phú Quốc",1,511574,true,4,https://www.agoda.com/vi-vn/m-c-homestay-grandworld-phu-qu-c/hotel/phu-quoc-island-vn.html,https://pix6.agoda.net/hotelImages/34479033/0/5e5373d07b0e606e30b4a4ba525e8be6.jpg?va=1&ce=0&s=1024x768,agoda.com,exact,,https://www.google.com/maps/search/?api=1&query=10.325271%2C103.860062,hotel:f3c066c9-544c-5309-ad88-02a68068fda6
New World Phu Quoc Resort,10.038955,104.027495,Khách sạn 5★,Phú Quốc,"3 hạng phòng · từ 8.079.774₫/đêm · Kem Beach An Thoi, An Thoi, Phú Quốc, Việt Nam",4,8079774,true,5,https://www.booking.com/hotel/vn/new-world-phu-quoc-resort-kien-giang.vi.html,https://cf.bstatic.com/xdata/images/hotel/max1024x768/744463485.jpg?k=790cc4e6eb761db82f8ef7afce37e8afb5a072597feeaa23d55f2cd95f1436c8&o=&hp=1,booking.com,exact,,https://www.google.com/maps/search/?api=1&query=10.038955%2C104.027495,hotel:31f6ae6a-8175-5a94-badb-e115999f1f2c
Nhà trọ & Bar 9Station Phú Quốc (9Station Hostel & Bar Phu Quoc ),10.20653,103.965905,Khách sạn 3★,Phú Quốc,"khách sạn · từ 544.559₫/đêm · 91/3 đường Trần Hưng Đạo, phường Dương Đông, tp.Phú Quốc, Kiên Giang, Dương Đông, Đảo Phú Quốc",1,544559,true,3,https://www.agoda.com/vi-vn/9-station-hostel-phu-quoc/hotel/phu-quoc-island-vn.html,https://pix8.agoda.net/hotelImages/1567551/0/73fbddb91b493f46df489e66ddc2ae15.png?va=1&ce=3&s=1024x768,agoda.com,exact,,https://www.google.com/maps/search/?api=1&query=10.206530%2C103.965905,hotel:e17d9297-38fa-5b1a-adbc-0c5337d38b0d
Ocean Bay Resort & Spa Phu Quoc,10.25301,103.941675,Khách sạn 5★,Phú Quốc,"3 hạng phòng · từ 3.135.000₫/đêm · ONG LANG Hamlet, CUA DUONG Commune, Ong Lang, Phú Quốc, Việt Nam",4,3135000,true,5,https://www.booking.com/hotel/vn/ocean-bay-phu-quoc-resort-and-spa.vi.html,https://cf.bstatic.com/xdata/images/hotel/max1024x768/656410218.jpg?k=fb0bf20024e8cb65d35b0dcec4f5a498a66a757947571521572125594cc069db&o=&hp=1,booking.com,exact,,https://www.google.com/maps/search/?api=1&query=10.253010%2C103.941675,hotel:e3b80ac4-861e-5ef6-a55d-6d75b029f885
Peppercorn Beach Resort,10.375354,103.853996,Khách sạn 3★,Phú Quốc,"3 hạng phòng · từ 1.915.748₫/đêm · Hamlet 8, Ganh Dau, Phú Quốc, Việt Nam",4,1915748,true,3,https://www.booking.com/hotel/vn/peppercorn-beach-resort.vi.html,https://cf.bstatic.com/xdata/images/hotel/max1024x768/503734880.jpg?k=1f4696f51009ccaa6929a5c0316b12c2e1db5149d01d65697fe37a2b98ec8192&o=&hp=1,booking.com,exact,,https://www.google.com/maps/search/?api=1&query=10.375354%2C103.853996,hotel:5e3ed50c-88e2-5a94-b9cf-86b080139120
Phu House Hostel,10.193672,103.967189,Khách sạn 2.5★,Phú Quốc,"khách sạn · từ 485.009₫/đêm · 122 Trần Hưng Đạo, Dương Đông, Đảo Phú Quốc",1,485009,true,2.5,https://www.agoda.com/vi-vn/phu-house-hostel/hotel/phu-quoc-island-vn.html,https://pix6.agoda.net/hotelImages/1275909/0/4dd467cf55c33b846fd21460e588f564.jpg?va=1&ce=2&s=1024x768,agoda.com,exact,,https://www.google.com/maps/search/?api=1&query=10.193672%2C103.967189,hotel:cadde55d-4a9d-5594-b06b-44f62aa37b4b
Premier Residences Phu Quoc Emerald Bay Managed by Accor,10.036341,104.030566,Khách sạn 5★,Phú Quốc,"3 hạng phòng · từ 2.889.750₫/đêm · Kem Beach An Thoi Town Phu Quoc District, An Thoi, 920000 Phú Quốc, Việt Nam",4,2889750,true,5,https://www.booking.com/hotel/vn/premier-residences-phu-quoc-emerald-bay.vi.html,https://cf.bstatic.com/xdata/images/hotel/max1024x768/914884728.jpg?k=acb8d9bd7ed913e0a848a322d82421196902c2b09db1cd4f0335f73af126c2ce&o=&hp=1,booking.com,exact,,https://www.google.com/maps/search/?api=1&query=10.036341%2C104.030566,hotel:4fff982f-2398-5750-a8be-12575bfe53d2
Premier Residences Phu Quoc Managed by Diamond Suite,10.035879,104.030506,Khách sạn 4★,Phú Quốc,"2 hạng phòng · từ 3.400.000₫/đêm · Bãi kem - Phú Quốc, Phú Quốc, Việt Nam",3,3400000,true,4,https://www.booking.com/hotel/vn/premier-residences-phu-quoc-managed-by-diamond-suite.vi.html,https://cf.bstatic.com/xdata/images/hotel/max1024x768/917100324.jpg?k=af4e3b8a48c4e2aad0a46aec8d9e65b457fa5bd44f1b8dce7d13bf6d59917992&o=&hp=1,booking.com,exact,,https://www.google.com/maps/search/?api=1&query=10.035879%2C104.030506,hotel:31823bf7-6843-58e6-899d-5a581a4c9212
Sài Gòn Phú Quốc Resort (Saigon Phu Quoc Resort and Spa),10.208262,103.960976,Khách sạn 4.5★,Phú Quốc,"khách sạn · từ 1.675.485₫/đêm · 62 Trần Hưng Đạo, Dương Đông, Đảo Phú Quốc",1,1675485,true,4.5,https://www.agoda.com/vi-vn/saigon-phu-quoc-resort-and-spa/hotel/phu-quoc-island-vn.html,https://pix6.agoda.net/hotelImages/11013/0/4a226e7474f131aafba33bb5aa73fb72.jpg?va=1&ce=2&s=1024x768,agoda.com,exact,,https://www.google.com/maps/search/?api=1&query=10.208262%2C103.960976,hotel:aa23e196-bf4e-524d-ad21-bc338b55d07c
Seashells Hotel & Spa Phú Quốc (Seashells Phu Quoc Hotel & Spa),10.214809,103.959122,Khách sạn 5★,Phú Quốc,"khách sạn · từ 3.157.927₫/đêm · Vo Thi Sau, Dương Đông, Đảo Phú Quốc",1,3157927,true,5,https://www.agoda.com/vi-vn/seashells-phu-quoc-hotel-spa/hotel/phu-quoc-island-vn.html,https://pix8.agoda.net/hotelImages/2430159/-1/b7665f0accb1d975be9109012ecf5ccb.jpg?va=1&ce=0&s=1024x768,agoda.com,exact,,https://www.google.com/maps/search/?api=1&query=10.214809%2C103.959122,hotel:6a4f9dd5-73de-577d-88f3-91db81c1eb67
Sheraton Phu Quoc Long Beach Resort,10.337249,103.849254,Khách sạn 5★,Phú Quốc,"3 hạng phòng · từ 3.400.000₫/đêm · Bai Dai, Ganh Dau, Phú Quốc, Việt Nam",4,3400000,true,5,https://www.booking.com/hotel/vn/sheraton-phu-quoc-long-beach-resort.vi.html,https://cf.bstatic.com/xdata/images/hotel/max1024x768/471830057.jpg?k=2cc5cf1712c07c4da7921336c8babb63f8b6bc3d136960f315180d8e6136dc63&o=&hp=1,booking.com,exact,,https://www.google.com/maps/search/?api=1&query=10.337249%2C103.849254,hotel:12c8adcb-d3ee-5939-adfe-739617529327
Soul Boutique Hotel Phu Quoc,10.116654,103.981484,Khách sạn 4★,Phú Quốc,"3 hạng phòng · từ 1.818.982₫/đêm · Group 6, Duong Bao Hamlet, Duong To Commune, Phu Quoc City, Kien Giang Province, Vietnam, Duong To, Phú Quốc, Việt Nam",4,1818982,true,4,https://www.booking.com/hotel/vn/soul-boutique-phu-quoc.vi.html,https://cf.bstatic.com/xdata/images/hotel/max1024x768/629953863.jpg?k=883cfec966e4e2ae51fe3522be94ae2dbf10bbca38a5a810ca76cd9e4f87ef8a&o=&hp=1,booking.com,exact,,https://www.google.com/maps/search/?api=1&query=10.116654%2C103.981484,hotel:57328a90-e3af-57f9-8cc4-707be8b305bf
Thành Vinh Hotel - FIREWORKS OCEAN VIEW - FREE BUGGY,10.03268,104.005905,Khách sạn 3★,Phú Quốc,"3 hạng phòng · từ 855.000₫/đêm · 88 Đường MILAN, 92500 Phú Quốc, Việt Nam",4,855000,true,3,https://www.booking.com/hotel/vn/thanh-vinh-thanh-pho-phu-quoc.vi.html,https://cf.bstatic.com/xdata/images/hotel/max1024x768/766108176.jpg?k=533876041e30d2b14b002b3608c68e5eea3f248046869af035d3e4ec129386aa&o=&hp=1,booking.com,exact,,https://www.google.com/maps/search/?api=1&query=10.032680%2C104.005905,hotel:06280743-fbec-5882-9f59-1fe82bb2ded0
The Shells Resort & Spa - Phu Quoc,10.243859,103.948273,Khách sạn 5★,Phú Quốc,"khách sạn · từ 1.851.852₫/đêm · B i biển G nh Gi , Thị trấn Dương Đ ng, Ông Lang, Đảo Phú Quốc",1,1851852,true,5,https://www.agoda.com/vi-vn/the-shells-resort-spa-phu-quoc/hotel/phu-quoc-island-vn.html,https://pix6.agoda.net/hotelImages/621517/-1/f9d254c7d1ff477036719ee64fa41079.jpg?va=1&ce=0&s=1024x768,agoda.com,exact,,https://www.google.com/maps/search/?api=1&query=10.243859%2C103.948273,hotel:121deed2-12a9-56ee-adb1-e365f6ccc7f5
VinHolidays Fiesta Phú Quốc,10.324814,103.858325,Khách sạn 5★,Phú Quốc,"7 hạng phòng · từ 1.844.192₫/đêm · Khu Du lịch Bãi Dài, khu phố Gành Dầu, Đặc khu Phú Quốc, tỉnh An Giang",8,1844192,true,5,https://vinpearl.com/vi/hotels/vinholidays-1-phu-quoc,https://booking-static.vinpearl.com/hotels/6b24c3b735f84cadafc2fd4f5947cb9b_ae902ccbdfff41c6892c531930c78a4b_VH1PQ_Facade1.jpg,vinpearl,exact,,https://www.google.com/maps/search/?api=1&query=10.324814%2C103.858325,hotel:6a6210dd-3abf-5e51-bb89-7fa53d36a514
Vinpearl Resort & Spa Phú Quốc,10.331626,103.852068,Khách sạn 5★,Phú Quốc,"7 hạng phòng · từ 2.810.000₫/đêm · Bãi Dài, Gành Dầu, Phú Quốc, Kiên Giang, Việt Nam",8,2810000,true,5,https://vinpearl.com/vi/hotels/vinpearl-resort-spa-phu-quoc,https://booking-static.vinpearl.com/hotels/7fa6c644863c4d40b33614667319f463_DJI_0157.jpg,vinpearl,exact,,https://www.google.com/maps/search/?api=1&query=10.331626%2C103.852068,hotel:4afe1590-e517-5017-ac8f-608e7f9bfe95
Vinpearl Wonderworld Phú Quốc,10.342695,103.851387,Khách sạn 5★,Phú Quốc,"8 hạng phòng · từ 5.761.280₫/đêm · Bãi Dài, đảo Phú Quốc, tỉnh Kiên Giang , Việt Nam",9,5761280,true,5,https://vinpearl.com/vi/hotels/vinpearl-wonderworld-phu-quoc,https://booking-static.vinpearl.com/hotels/10d9de8e75bb4b4f98991be8faf2e482_Untitled-2.jpg,vinpearl,exact,,https://www.google.com/maps/search/?api=1&query=10.342695%2C103.851387,hotel:7e74c08e-0c31-5cb4-a6b3-bfe23c392a4d
Anya Premier Beachfront Hotel Quy Nhon,13.752213,109.215724,Khách sạn 5★,Quy Nhơn,"3 hạng phòng · từ 1.127.150₫/đêm · 44, đường An Dương Vương, Phường Nguyễn Văn Cừ, Thành phố Quy Nhơn, Tỉnh Bình Định, Quy Nhơn, Việt Nam",4,1127150,true,5,https://www.booking.com/hotel/vn/anya-premier-quy-nhon.vi.html,https://cf.bstatic.com/xdata/images/hotel/max1024x768/498555088.jpg?k=151d27a8b6e38286477bf9d4d37ad3f0e8e426e7f6c9d2fa0285b6ca03c26570&o=&hp=1,booking.com,exact,,https://www.google.com/maps/search/?api=1&query=13.752213%2C109.215724,hotel:a79c6bb5-4430-5397-9bdb-6506d22c7c9f
AURORA Villas & Resort,13.71242,109.220108,Khách sạn 4★,Quy Nhơn,"khách sạn · Km15, Quốc lộ 1D, Cầu Bãi Nhỏ, Tp Quy Nhơn, Tỉnh Bình Định, Bãi Dài, Quy Nhơn (Bình Định)",1,,false,4,https://www.agoda.com/vi-vn/aurora-villas-resort/hotel/quy-nhon-binh-dinh-vn.html,https://pix6.agoda.net/hotelImages/199/1997261/1997261_17031513480051557780.jpg?va=1&ca=6&ce=1&s=1024x768,agoda.com,exact,,https://www.google.com/maps/search/?api=1&query=13.712420%2C109.220108,hotel:19a81c2e-6b6a-5e35-966d-ab17610adb3f
Căn hộ khách sạn FLC Quy Nhơn Beachfront (FLC Quy Nhon Beachfront Condotel),13.755523,109.214722,Khách sạn 5★,Quy Nhơn,"khách sạn · từ 429.879₫/đêm · 44 V Thị Yến, Thành phố biển, Quy Nhơn (Bình Định)",1,429879,true,5,https://www.agoda.com/vi-vn/rattank-flc-sea-tower/hotel/quy-nhon-binh-dinh-vn.html,https://pix8.agoda.net/hotelImages/22420717/-1/6b9de49532e79e9feb9a7ef84039304a.jpg?va=1&ce=0&s=1024x768,agoda.com,exact,,https://www.google.com/maps/search/?api=1&query=13.755523%2C109.214722,hotel:8b2ece45-107f-503e-a323-97f7985af27a
Casa Marina Resort,13.685678,109.231095,Khách sạn 4★,Quy Nhơn,"3 hạng phòng · từ 1.008.000₫/đêm · National Route 1D, Quarter 1, Gia Lai Province, Quy Nhơn, Việt Nam",4,1008000,true,4,https://www.booking.com/hotel/vn/casa-marina-resort.vi.html,https://cf.bstatic.com/xdata/images/hotel/max1024x768/219494123.jpg?k=8221aed5c060c10b688e26af721eecd5398a1689db8a1a3bfa0feb9778023e78&o=&hp=1,booking.com,exact,,https://www.google.com/maps/search/?api=1&query=13.685678%2C109.231095,hotel:e8d7a29a-e693-5c2d-80c4-0febb9c38071
Chill House,13.769125,109.232507,Khách sạn,Quy Nhơn,"2 hạng phòng · từ 360.000₫/đêm · 140 Xuân Diệu, Quy Nhơn, Việt Nam",3,360000,true,,https://www.booking.com/hotel/vn/chill-house-quy-nhon.vi.html,https://cf.bstatic.com/xdata/images/hotel/max1024x768/645799488.jpg?k=2a38b12c0abfa0932aeacac43fc61d8b8f5622a9bbfd7dbdcaef981e10074f7c&o=&hp=1,booking.com,exact,,https://www.google.com/maps/search/?api=1&query=13.769125%2C109.232507,hotel:be4f5fcf-4416-58d7-8cfe-60927b7fa715
Crown Retreat Quy Nhơn (Crown Retreat Quy Nhon),13.95518,109.241293,Khách sạn 4★,Quy Nhơn,"khách sạn · từ 1.403.880₫/đêm · Trung Luong village, 1 Provincial road 640, Cat Tien,Quy Nhon, Trung tâm thành phố Quy Nhơn, Quy Nhơn (Bình Định)",1,1403880,true,4,https://www.agoda.com/vi-vn/crown-retreat-quy-nhon/hotel/quy-nhon-binh-dinh-vn.html,https://pix6.agoda.net/hotelImages/3604202/-1/2618a2cfc7930b660bd6336fb6e54c5c.jpg?va=1&ce=0&s=1024x768,agoda.com,exact,,https://www.google.com/maps/search/?api=1&query=13.955180%2C109.241293,hotel:26c8df7e-2786-5ab4-8916-7ff13fcdfa4e
FLC Luxury Hotel Quy Nhon,13.879163,109.278817,Khách sạn 5★,Quy Nhơn,"3 hạng phòng · từ 1.212.915₫/đêm · Zone 4, Nhon Ly, Cat Tien Beach, Quy Nhơn, Việt Nam",4,1212915,true,5,https://www.booking.com/hotel/vn/flc-luxury-quy-nhon.vi.html,https://cf.bstatic.com/xdata/images/hotel/max1024x768/359475229.jpg?k=69127903ce6837bd2a269a76cb00853b0561e5d963721a14aa050b37c6450bae&o=&hp=1,booking.com,exact,,https://www.google.com/maps/search/?api=1&query=13.879163%2C109.278817,hotel:50ebe1db-d1ec-5bef-a0ea-b2c36db9422c
FLC Luxury Resort Quy Nhơn (FLC Luxury Resort Quy Nhon),13.88592,109.280342,Khách sạn 5★,Quy Nhơn,"khách sạn · từ 4.651.455₫/đêm · Zone 4, Nhon Ly - Cat Tien Beach, Nhon Ly Commune, Nhơn Lý, Quy Nhơn (Bình Định)",1,4651455,true,5,https://www.agoda.com/vi-vn/flc-luxury-resort-quy-nhon/hotel/quy-nhon-binh-dinh-vn.html,https://pix6.agoda.net/hotelImages/1602545/-1/97408899d4ef0c614321c9ab19130702.jpg?va=1&ce=0&s=1024x768,agoda.com,exact,,https://www.google.com/maps/search/?api=1&query=13.885920%2C109.280342,hotel:d87aa65d-f224-5ebf-be2a-3c161f91d20a
FLC Sea Tower Quy Nhon Apartment,13.754792,109.215653,Khách sạn 5★,Quy Nhơn,"3 hạng phòng · từ 378.250₫/đêm · 4 Nguyễn Trung Tín, Quy Nhơn, Việt Nam",4,378250,true,5,https://www.booking.com/hotel/vn/gia-quan-apartment-quy-nhon.vi.html,https://cf.bstatic.com/xdata/images/hotel/max1024x768/889252120.jpg?k=eb45d688d6d809a198e57831b3f8d794312c195ee0a0f93f638f18973c8b0743&o=&hp=1,booking.com,exact,,https://www.google.com/maps/search/?api=1&query=13.754792%2C109.215653,hotel:c718393d-9f55-5566-b78a-6599fcdc7769
FLC Sea Tower Quy Nhơn - View Biển,13.755419,109.214813,Khách sạn 5★,Quy Nhơn,"khách sạn · từ 376.916₫/đêm · 44 Võ Thị Yến, Thanh Pho Quy Nhon Binh Dinh, Thành phố biển, Quy Nhơn (Bình Định)",1,376916,true,5,https://www.agoda.com/vi-vn/flc-sea-tower-quy-nhon-view-bi-n/hotel/quy-nhon-binh-dinh-vn.html,https://pix6.agoda.net/hotelImages/44205914/0/652a0c03488d6341d68ff0eeb032227d.jpg?va=1&ce=0&s=1024x768,agoda.com,exact,,https://www.google.com/maps/search/?api=1&query=13.755419%2C109.214813,hotel:7fc27662-da2a-5350-b5a4-c3681b92cca6
Haven Boutique Hotel Quy Nhon,13.685725,109.231181,Khách sạn 3★,Quy Nhơn,"3 hạng phòng · từ 436.050₫/đêm · Tổ 2, Khu vực 1, Bãi Xép, Ghềnh Ráng, Quy Nhơn, Binh Định, Quy Nhơn, Việt Nam",4,436050,true,3,https://www.booking.com/hotel/vn/big-tree-backpackers-and-bistro.vi.html,https://cf.bstatic.com/xdata/images/hotel/max1024x768/738699661.jpg?k=43ae052cf48a5b6d198cf286b57ebc4a8d1ab8e50162507969a976c0dc895634&o=&hp=1,booking.com,exact,,https://www.google.com/maps/search/?api=1&query=13.685725%2C109.231181,hotel:0b5348a3-7d1b-5a8f-a9b0-66c3ac19ee4f
Homestay Nhà Muội,13.764365,109.224364,Khách sạn 3★,Quy Nhơn,"3 hạng phòng · từ 120.825₫/đêm · 11 Ngô Văn Sở, Quy Nhơn, Việt Nam",4,120825,true,3,https://www.booking.com/hotel/vn/homestay-nha-muoi-thanh-pho-qui-nhon1.vi.html,https://cf.bstatic.com/xdata/images/hotel/max1024x768/375126764.jpg?k=8653dd08b188cee8a7b3242501bd3bd3d8985db3a01ee7c8efd007cc8d63a175&o=&hp=1,booking.com,exact,,https://www.google.com/maps/search/?api=1&query=13.764365%2C109.224364,hotel:d9f9971a-09da-5823-bd4c-bd367ee5b51e
Hotel Vi-vu nhìn ra biển,13.771467,109.24097,Khách sạn,Quy Nhơn,"2 hạng phòng · từ 280.000₫/đêm · 108 Xuân Diệu, 590000 Quy Nhơn, Việt Nam",3,280000,true,,https://www.booking.com/hotel/vn/vi-vu-nhin-ra-bien.vi.html,https://cf.bstatic.com/xdata/images/hotel/max1024x768/862313283.jpg?k=0e1a0a6eea8e656a6074dee82404a3566077694cb4cd5baf0c27308f387d8f34&o=&hp=1,booking.com,exact,,https://www.google.com/maps/search/?api=1&query=13.771467%2C109.240970,hotel:e3e120c7-4a72-594b-9139-4984f9892e85
KHÁCH SẠN ATHENA QUY NHƠN (ATHENA HOTEL QUY NHON),13.762303,109.219968,Khách sạn 3★,Quy Nhơn,"khách sạn · từ 280.646₫/đêm · 08 Lê Lai, Phường Ngô Mây, Thành phố Quy Nhơn, Tỉnh Bình Định, Thành phố biển, Quy Nhơn (Bình Định)",1,280646,true,3,https://www.agoda.com/vi-vn/athena-hotel-quy-nhon/hotel/quy-nhon-binh-dinh-vn.html,https://pix8.agoda.net/hotelImages/16072744/0/26ecb88fbb871a4af001240d0b619546.jpg?va=1&ce=3&s=1024x768,agoda.com,exact,,https://www.google.com/maps/search/?api=1&query=13.762303%2C109.219968,hotel:8e25847b-2817-534b-ab84-4efd7ecacbdb
Khách sạn Canary Gold Quy Nhơn - Vị trí biểu tượng sát biển (Canary Gold Hotel Quy Nhon - Beachfront Iconic Location),13.771855,109.242455,Khách sạn 4★,Quy Nhơn,"khách sạn · từ 535.039₫/đêm · 94 Xuan Dieu, phuong Hai Cang, Thành phố biển, Quy Nhơn (Bình Định)",1,535039,true,4,https://www.agoda.com/vi-vn/canary-gold-hotel-quy-nhon/hotel/quy-nhon-binh-dinh-vn.html,https://pix8.agoda.net/hotelImages/30716305/0/a68a72200998b7378b085388ea4d7e0b.png?va=1&ce=3&s=1024x768,agoda.com,exact,,https://www.google.com/maps/search/?api=1&query=13.771855%2C109.242455,hotel:9bad07bb-5d44-5f3e-a709-e37df355d54e
Khách sạn Quy Nhơn Center - 08 Trần Độc,13.763814,109.223694,Khách sạn 2★,Quy Nhơn,"khách sạn · từ 237.333₫/đêm · 08 Tran Doc, Thành phố biển, Quy Nhơn (Bình Định)",1,237333,true,2,https://www.agoda.com/vi-vn/khach-s-n-quy-nhon-center-08-tr-n-d-c/hotel/quy-nhon-binh-dinh-vn.html,https://pix8.agoda.net/hotelImages/91471487/0/77c2579a98c61ce7fe87b6ffb5499781.png?va=1&ce=3&s=1024x768,agoda.com,exact,,https://www.google.com/maps/search/?api=1&query=13.763814%2C109.223694,hotel:72e99121-b6a7-5e25-a21d-5c9089ff0b67
Khách sạn trung tâm Quy Nhơn (Quy Nhon center hotel),13.769002,109.223258,Khách sạn 2★,Quy Nhơn,"khách sạn · từ 217.075₫/đêm · 51 Ho ng Diệu, phường Quy Nhơn, Trung tâm thành phố Quy Nhơn, Quy Nhơn (Bình Định)",1,217075,true,2,https://www.agoda.com/vi-vn/quy-nhon-center-hotel/hotel/quy-nhon-binh-dinh-vn.html,https://pix8.agoda.net/hotelImages/5663756/0/f75c1c750e49f3172e3cfbc7be9b9b03.jpg?va=1&ce=0&s=1024x768,agoda.com,exact,,https://www.google.com/maps/search/?api=1&query=13.769002%2C109.223258,hotel:ec5b4a31-a1b1-51a7-be37-23101c15b650
Khu Nghỉ Dưỡng Avani Quy Nhơn (Avani Quy Nhon Resort),13.681349,109.232769,Khách sạn 5★,Quy Nhơn,"khách sạn · từ 3.213.726₫/đêm · Khu vực Bai Dai, Phường Quy Nhơn Nam, Tỉnh Gia Lai, Việt Nam, Bãi Dài, Quy Nhơn (Bình Định)",1,3213726,true,5,https://www.agoda.com/vi-vn/avani-quy-nhon-resort/hotel/quy-nhon-binh-dinh-vn.html,https://pix6.agoda.net/hotelImages/43435/-1/831608d1dd0b72f1cb0699f578289449.jpg?va=1&ce=0&s=1024x768,agoda.com,exact,,https://www.google.com/maps/search/?api=1&query=13.681349%2C109.232769,hotel:4a850a8b-14f2-5afe-abdf-a65cf993736a
Luxury Apartment Altara,13.773454,109.240536,Khách sạn 4★,Quy Nhơn,"3 hạng phòng · từ 918.000₫/đêm · 76 Trần Hưng Đạo, Quy Nhơn, Việt Nam",4,918000,true,4,https://www.booking.com/hotel/vn/hp-apartment-quy-nhon.vi.html,https://cf.bstatic.com/xdata/images/hotel/max1024x768/542214054.jpg?k=1e0ab36c5cfe6f2e86c076e072075ed3ca078a0bece2d467e67760fd4b040328&o=&hp=1,booking.com,exact,,https://www.google.com/maps/search/?api=1&query=13.773454%2C109.240536,hotel:ba79f099-2122-5567-8d00-fc9a1ab35fd5
Mia Quy Nhon,13.929929,109.244341,Khách sạn 5★,Quy Nhơn,"3 hạng phòng · từ 3.910.000₫/đêm · No.1, Nhon Ly - Cat Tien Beach, Nhon Hoi Economic Zone, Cat Tien Ward, Phu Cat District, Binh Dinh Province, Quy Nhơn, Việt Nam",4,3910000,true,5,https://www.booking.com/hotel/vn/maia-resort-quy-nhon.vi.html,https://cf.bstatic.com/xdata/images/hotel/max1024x768/271813286.jpg?k=8c1fdcf3b4d751fffd2482706ec9f23b3cb5d13318ac8df94b41d3bf5cd4a0ed&o=&hp=1,booking.com,exact,,https://www.google.com/maps/search/?api=1&query=13.929929%2C109.244341,hotel:60aa9ec8-94ef-5281-8fd5-108e8d7fd269
Mộc An Thảo Hotel,13.755294,109.21653,Khách sạn,Quy Nhơn,"3 hạng phòng · từ 366.187₫/đêm · 06 Trần Văn Ơn, 55131 Quy Nhơn, Việt Nam",4,366187,true,,https://www.booking.com/hotel/vn/moc-an-thao.vi.html,https://cf.bstatic.com/xdata/images/hotel/max1024x768/898651895.jpg?k=88993dceafdab8be8b52c1b12d9d1b3ff1fc537d46fb4311b79559c1796406a7&o=&hp=1,booking.com,exact,,https://www.google.com/maps/search/?api=1&query=13.755294%2C109.216530,hotel:87079c15-420f-5254-badf-c05e7fa38678
Muong Thanh Quy Nhon Hotel,13.771993,109.239044,Khách sạn 4★,Quy Nhơn,"khách sạn · Số 02 Nguyễn Huệ, Thành phố biển, Quy Nhơn (Bình Định)",1,,false,4,https://www.agoda.com/vi-vn/muong-thanh-quy-nhon-hotel/hotel/quy-nhon-binh-dinh-vn.html,https://pix6.agoda.net/hotelImages/443153/0/35da4c8a3b6c4f13ba00868ad2767505.jpeg?va=1&ce=0&s=1024x768,agoda.com,exact,,https://www.google.com/maps/search/?api=1&query=13.771993%2C109.239044,hotel:e8bf5387-3be4-53b6-a210-19833da952be
Nhà nghỉ Sunrise,13.755356,109.216295,Khách sạn,Quy Nhơn,"2 hạng phòng · từ 230.000₫/đêm · 12 Trần Văn Ơn, Quy Nhơn, Việt Nam",3,230000,true,,https://www.booking.com/hotel/vn/nha-nghi-sunrise.vi.html,https://cf.bstatic.com/xdata/images/hotel/max1024x768/132135745.jpg?k=7f1c2fe5a3dcf40b496941a65bca1e692b4172fa19ef7363a1b55688423ca04d&o=&hp=1,booking.com,exact,,https://www.google.com/maps/search/?api=1&query=13.755356%2C109.216295,hotel:cb85e7eb-67f9-57b1-bb4a-5b693a04e755
Quy Nhon Pearl - FLC Sea Tower,13.754653,109.216553,Khách sạn 4★,Quy Nhơn,"2 hạng phòng · từ 447.745₫/đêm · 02 Nguyễn Trung Tín, Nguyễn Văn Cừ, Quy Nhơn, Việt Nam",3,447745,true,4,https://www.booking.com/hotel/vn/flc-sea-tower-thien-nhan-condotel.vi.html,https://cf.bstatic.com/xdata/images/hotel/max1024x768/426961939.jpg?k=dcb829dd15930546f78b83e4937f5d128014a972ecc4c5fc8f48ecd6b5de7a71&o=&hp=1,booking.com,exact,,https://www.google.com/maps/search/?api=1&query=13.754653%2C109.216553,hotel:42dd69a1-a42e-5834-a808-fdc4f13a87af
Royal Hotel And Healthcare Resort Quy Nhon,13.746118,109.214058,Khách sạn 4★,Quy Nhơn,"khách sạn · từ 999.788₫/đêm · 01 Hàn mạc tử, Thành phố biển, Quy Nhơn (Bình Định)",1,999788,true,4,https://www.agoda.com/vi-vn/royal-hotel-and-healthcare-resort-quy-nhon/hotel/quy-nhon-binh-dinh-vn.html,https://pix6.agoda.net/hotelImages/73281/0/9d21b1a49824f8186dbf95b818199228.jpeg?va=1&ce=0&s=1024x768,agoda.com,exact,,https://www.google.com/maps/search/?api=1&query=13.746118%2C109.214058,hotel:3ef3a158-99e5-593a-8809-c4002c22bd57
Royal Resort Bai Xep Quy Nhon,13.688928,109.225356,Khách sạn,Quy Nhơn,"3 hạng phòng · từ 594.000₫/đêm · Quốc lộ 1D, Quy Nhơn, Việt Nam",4,594000,true,,https://www.booking.com/hotel/vn/royal-resort-bai-xep-quy-nhon.vi.html,https://cf.bstatic.com/xdata/images/hotel/max1024x768/907215354.jpg?k=dcd6fdffd5cd2d779e7824143298c2c394ec5628b27b4a32ff98207617f13655&o=&hp=1,booking.com,exact,,https://www.google.com/maps/search/?api=1&query=13.688928%2C109.225356,hotel:c7c2cba0-92bf-575a-86f9-d2ba246423d3
Saigon Quy Nhon Hotel,13.770482,109.234453,Khách sạn 4★,Quy Nhơn,"khách sạn · từ 841.711₫/đêm · 24 Nguyễn Huệ, Thành phố biển, Quy Nhơn (Bình Định)",1,841711,true,4,https://www.agoda.com/vi-vn/saigon-quy-nhon-hotel/hotel/quy-nhon-binh-dinh-vn.html,https://pix6.agoda.net/hotelImages/73310/-1/f3f1a8ab7494466311f23c594a3662e7.jpg?va=1&ce=0&s=1024x768,agoda.com,exact,,https://www.google.com/maps/search/?api=1&query=13.770482%2C109.234453,hotel:7bad523d-e907-557a-a442-7d88b3e662dc
Sala Quy Nhon Beach Hotel,13.77218,109.237165,Khách sạn 4★,Quy Nhơn,"3 hạng phòng · từ 864.140₫/đêm · 124 Phan Chu Trinh, Phường Thị Nại,Quy Nhơn, Bình Định, Việt Nam , 55000 Quy Nhơn, Việt Nam",4,864140,true,4,https://www.booking.com/hotel/vn/sala-quynhon-beach.vi.html,https://cf.bstatic.com/xdata/images/hotel/max1024x768/668033933.jpg?k=23efec5ccad0a650d37c2295043ed58655881b90f0ca1fa97f45e0e9432d37b6&o=&hp=1,booking.com,exact,,https://www.google.com/maps/search/?api=1&query=13.772180%2C109.237165,hotel:29081cae-8c35-5d90-b28f-d2a29d61b3e6
Sandals Hoàng Yến,13.754729,109.217307,Khách sạn 4★,Quy Nhơn,"3 hạng phòng · từ 731.579₫/đêm · 5 An Duong Vuong, Quy Nhơn, Việt Nam",4,731579,true,4,https://www.booking.com/hotel/vn/kha-ch-sao-n-hoa-ng-yao-n.vi.html,https://cf.bstatic.com/xdata/images/hotel/max1024x768/850357733.jpg?k=50ac6683107c6a052a2a55affd3b8cec831fdc9ba0b2457e9dea9ff84a3f27b2&o=&hp=1,booking.com,exact,,https://www.google.com/maps/search/?api=1&query=13.754729%2C109.217307,hotel:75ff7aa3-c979-5939-9d8d-4b581e658f5e
Sea Flower Homestay,13.75775,109.215088,Khách sạn,Quy Nhơn,"1 hạng phòng · từ 550.000₫/đêm · 05 Trần Đăng Phong, phường Nguyễn Văn Cừ, Quy Nhơn, Việt Nam",2,550000,true,,https://www.booking.com/hotel/vn/sea-flower-homestay.vi.html,https://cf.bstatic.com/xdata/images/hotel/max1024x768/541285556.jpg?k=971fc2f59f1a577547aa19f622fb5c34532680462617704372a92b73bf0f73ec&o=&hp=1,booking.com,exact,,https://www.google.com/maps/search/?api=1&query=13.757750%2C109.215088,hotel:87be0ebf-55b3-5b0c-b71b-0acdc22e5e50
Seagull Hotel,13.756481,109.219118,Khách sạn 4★,Quy Nhơn,"khách sạn · từ 695.679₫/đêm · 489 An Dương Vương, Thành phố biển, Quy Nhơn (Bình Định)",1,695679,true,4,https://www.agoda.com/vi-vn/seagull-hotel/hotel/quy-nhon-binh-dinh-vn.html,https://pix6.agoda.net/hotelImages/433/43382/43382_15052914050028022303.jpg?va=1&ca=4&ce=1&s=1024x768,agoda.com,exact,,https://www.google.com/maps/search/?api=1&query=13.756481%2C109.219118,hotel:1b1cdb6f-214c-5c8d-ac6f-34a872e0930e
Seaside Boutique Resort Quy Nhon,13.670183,109.229134,Khách sạn 5★,Quy Nhơn,"3 hạng phòng · từ 976.933₫/đêm · Đường 1D Bãi Bàng 2, Xuân Hải, Xuân Cầu, Bai Dai Beach, Quy Nhon (Binh Dinh), Vietnam, Quy Nhơn, Việt Nam",4,976933,true,5,https://www.booking.com/hotel/vn/seaside-resort.vi.html,https://cf.bstatic.com/xdata/images/hotel/max1024x768/459510740.jpg?k=bbf56bbf955849a3e5a4df815fb8318739ea9025b72135bab92b268cd098aebf&o=&hp=1,booking.com,exact,,https://www.google.com/maps/search/?api=1&query=13.670183%2C109.229134,hotel:47dde225-1ba2-5d14-9f5b-4e1a74b9bbf3
The Golden Crest Hotel Quy Nhon,13.745283,109.212511,Khách sạn 4★,Quy Nhơn,"3 hạng phòng · từ 721.979₫/đêm · 66 Hàn Mặc Tử, 55100 Quy Nhơn, Việt Nam",4,721979,true,4,https://www.booking.com/hotel/vn/army-quy-nhon.vi.html,https://cf.bstatic.com/xdata/images/hotel/max1024x768/898378040.jpg?k=0b3e7fdb118a484d2d4e68525b12d3b3af45a1d7b44e6450fcc6f4c040b7f474&o=&hp=1,booking.com,exact,,https://www.google.com/maps/search/?api=1&query=13.745283%2C109.212511,hotel:238b675e-5305-5eac-8512-144c77deeda8
TMS Quy Nhon - Hupasearest Apartment SeaView,13.770096,109.232886,Khách sạn 4★,Quy Nhơn,"3 hạng phòng · từ 715.500₫/đêm · 28 Nguyễn Huệ, 55000 Quy Nhơn, Việt Nam",4,715500,true,4,https://www.booking.com/hotel/vn/tms-quy-nhon-hupaapartment-view-bien.vi.html,https://cf.bstatic.com/xdata/images/hotel/max1024x768/721261741.jpg?k=809043d65a2f1c1f7ea8c255d84e5267f1f57dbcf84ac97751c46bdda1da95ed&o=&hp=1,booking.com,exact,,https://www.google.com/maps/search/?api=1&query=13.770096%2C109.232886,hotel:1b4cabe8-364e-57e5-a51c-dedfd49b7c08
TMS Quy Nhơn - ROSHI Apartment Ocean View,13.770063,109.232895,Khách sạn 5★,Quy Nhơn,"khách sạn · từ 455.620₫/đêm · 28 Nguyễn Huệ, Thành phố biển, Quy Nhơn (Bình Định)",1,455620,true,5,https://www.agoda.com/vi-vn/roshi-apartment-homestay-tms-quy-nhon/hotel/quy-nhon-binh-dinh-vn.html,https://pix8.agoda.net/hotelImages/33801011/-1/9e229b720891322230ab6a8b840938fd.png?va=1&ce=0&s=1024x768,agoda.com,exact,,https://www.google.com/maps/search/?api=1&query=13.770063%2C109.232895,hotel:a528ce83-7086-5203-a3c9-c47563d4b183
Meliá Vinpearl Quang Binh,17.465727,106.626596,Khách sạn 5★,Quảng Bình,"3 hạng phòng · từ 1.419.405₫/đêm · Quach Xuan Ky Street Quach Xuan Ky Street, Ðồng Hới, Việt Nam",4,1419405,true,5,https://www.booking.com/hotel/vn/melia-vinpearl-quang-binh.vi.html,https://cf.bstatic.com/xdata/images/hotel/max1024x768/895728866.jpg?k=a83d90dcae37af89484f778b4bed950b4b6e3caa46bc898e920df93d5b0c5c47&o=&hp=1,booking.com,exact,,https://www.google.com/maps/search/?api=1&query=17.465727%2C106.626596,hotel:5ca43756-6c46-501a-bf7f-e66bc85d3364
Amazing Hotel Sapa,22.332862,103.842434,Khách sạn 4★,Sa Pa,"khách sạn · từ 1.555.556₫/đêm · Đường Đồng Lợi, thị trấn Sapa, Tình Lào Cai, Việt Nam, Trung tâm Sapa, Sapa",1,1555556,true,4,https://www.agoda.com/vi-vn/amazing-hotel-sapa/hotel/sapa-vn.html,https://pix6.agoda.net/hotelImages/833757/-1/f2f7a12485c57d5c5440ef38a93f9154.jpg?va=1&ca=7&ce=1&s=1024x768,agoda.com,exact,,https://www.google.com/maps/search/?api=1&query=22.332862%2C103.842434,hotel:7e2a26f9-8ccc-58d0-b906-a6643f78ad2d
B & M Homes,22.295904,103.90387,Khách sạn 3★,Sa Pa,"khách sạn · Lao Chải Tả Van, Sapa",1,,false,3,https://www.agoda.com/vi-vn/b-m-homes/hotel/sapa-vn.html,https://pix6.agoda.net/hotelImages/91316170/0/be76c26d491f3f680a74f71f47219ed8.jpg?va=1&ce=3&s=1024x768,agoda.com,exact,,https://www.google.com/maps/search/?api=1&query=22.295904%2C103.903870,hotel:be2dd9b0-6fac-57f7-ae8f-ad91cbffd615
Babeeni Family Hotel Sapa,22.332876,103.842281,Khách sạn 4★,Sa Pa,"3 hạng phòng · từ 954.322₫/đêm · số 24, phố Đồng Lợi, Sa Pa, Việt Nam",4,954322,true,4,https://www.booking.com/hotel/vn/babeeni-family-sapa.vi.html,https://cf.bstatic.com/xdata/images/hotel/max1024x768/864582416.jpg?k=fd0c12a6c0028a02e652b035378dfb777819e1f5db27b287febd7a70edfeebb8&o=&hp=1,booking.com,exact,,https://www.google.com/maps/search/?api=1&query=22.332876%2C103.842281,hotel:6448f1b6-35c1-54e2-98a0-772d2c655bc9
Bonjour Sa Pa Hotel,22.333398,103.840702,Khách sạn,Sa Pa,"3 hạng phòng · từ 400.000₫/đêm · 026 Fanxipang street, Sa Pa, Sa Pa, Việt Nam",4,400000,true,,https://www.booking.com/hotel/vn/bonjour-sa-pa.vi.html,https://cf.bstatic.com/xdata/images/hotel/max1024x768/215229964.jpg?k=1fa9b9169657ebf42e816e713d57fac0ca0bb6d27eb43a5040c88877a0c5e3e9&o=&hp=1,booking.com,exact,,https://www.google.com/maps/search/?api=1&query=22.333398%2C103.840702,hotel:e6d431a6-8bca-55d1-9f4d-9eb280b466b0
Brocade Backpacker,22.332745,103.836914,Khách sạn 2★,Sa Pa,"khách sạn · từ 127.467₫/đêm · 66 Fansipan, TT. Sa Pa, Trung tâm Sapa, Sapa",1,127467,true,2,https://www.agoda.com/vi-vn/brocade-backpacker/hotel/sapa-vn.html,https://pix8.agoda.net/hotelImages/71165203/1129702394/35d435676f876a0d554ac9ea7d4cadef.jpg?va=1&ce=2&s=1024x768,agoda.com,exact,,https://www.google.com/maps/search/?api=1&query=22.332745%2C103.836914,hotel:2b8e88d3-44a9-5d94-9364-5db693b8081f
Central Sapa July House,22.337555,103.84831,Khách sạn,Sa Pa,"khách sạn · từ 410.588₫/đêm · 2 Tô Vĩnh Diện, TT. Sa Pa, Trung tâm Sapa, Sapa",1,410588,true,,https://www.agoda.com/vi-vn/central-sapa-july-house/hotel/sapa-vn.html,https://pix8.agoda.net/hotelImages/73826022/0/f034577968bb2b83afad68fac345cba1.jpg?va=1&ce=2&s=1024x768,agoda.com,exact,,https://www.google.com/maps/search/?api=1&query=22.337555%2C103.848310,hotel:30f2ddf2-3ebd-5a6e-88e8-04268652d103
Cloud House Sapa,22.343291,103.857114,Khách sạn,Sa Pa,"2 hạng phòng · từ 415.000₫/đêm · 180 Dien Bien Phu Street, Sapa Town, Lao Cai Province, Sa Pa, Việt Nam",3,415000,true,,https://www.booking.com/hotel/vn/cloud-house.vi.html,https://cf.bstatic.com/xdata/images/hotel/max1024x768/193725489.jpg?k=ba3fbf5da238584709bc2a96f40cfa5458e594b22edde702cff49999109eaacd&o=&hp=1,booking.com,exact,,https://www.google.com/maps/search/?api=1&query=22.343291%2C103.857114,hotel:cd98f808-5a6c-5626-b241-d0394f142d9b
DH hotel Sapa,22.340607,103.845515,Khách sạn 3★,Sa Pa,"3 hạng phòng · từ 810.000₫/đêm · DH Sapa Hotel, Sa Pa, Việt Nam",4,810000,true,3,https://www.booking.com/hotel/vn/dh-sapa-sa-pa3.vi.html,https://cf.bstatic.com/xdata/images/hotel/max1024x768/915360845.jpg?k=ca26567bd7203daccdb0f6b4de46d1d0f8be3247a023f508ab9f735ce4e3fa0d&o=&hp=1,booking.com,exact,,https://www.google.com/maps/search/?api=1&query=22.340607%2C103.845515,hotel:c5bf1e85-8033-5a2b-b46f-7a5d3b3ee9be
Eco Palms House - Sapa Retreat,22.31455,103.882945,Khách sạn,Sa Pa,"3 hạng phòng · từ 2.495.000₫/đêm · Lao Chai Village, Sa Pa, Việt Nam",4,2495000,true,,https://www.booking.com/hotel/vn/eco-palms-house-sapa.vi.html,https://cf.bstatic.com/xdata/images/hotel/max1024x768/399323704.jpg?k=9dc541f5f345b446ae6c1549d6a447e269992c5c05837fd5c29f8f170458d698&o=&hp=1,booking.com,exact,,https://www.google.com/maps/search/?api=1&query=22.314550%2C103.882945,hotel:a5ef3c7b-edd1-55b4-8db1-b1378673219e
Eden Boutique Hotel & Spa,22.335858,103.839138,Khách sạn 4★,Sa Pa,"1 hạng phòng · từ 1.755.000₫/đêm · 3B Thac Bac Street, Sapa, Lao Cai, Sa Pa, Việt Nam",2,1755000,true,4,https://www.booking.com/hotel/vn/eden-boutique-sapa.vi.html,https://cf.bstatic.com/xdata/images/hotel/max1024x768/116846676.jpg?k=025898fa658854745e01947a106c9aa721ced5d4cadd5726e1d6557a716a182b&o=&hp=1,booking.com,exact,,https://www.google.com/maps/search/?api=1&query=22.335858%2C103.839138,hotel:e9a659cc-cde0-551e-a7ae-c3d6c159422c
Family Homestay SaPa,22.335094,103.83723,Khách sạn,Sa Pa,"3 hạng phòng · từ 360.000₫/đêm · 23 Đường Thác Bạc, 33000 Sa Pa, Việt Nam",4,360000,true,,https://www.booking.com/hotel/vn/family-homestay-sapa.vi.html,https://cf.bstatic.com/xdata/images/hotel/max1024x768/902874632.jpg?k=1e82ada41db5e1845fa669a71e08b99b3c94ae5aac260d25226cd719a5c7e838&o=&hp=1,booking.com,exact,,https://www.google.com/maps/search/?api=1&query=22.335094%2C103.837230,hotel:91e0b08e-e5b4-58e2-a74d-ce2bd533e697
FIRONA FLY HOTEL,22.333035,103.841899,Khách sạn,Sa Pa,"2 hạng phòng · từ 600.000₫/đêm · 14 Đường Đông Lợi, Sa Pa, Việt Nam",3,600000,true,,https://www.booking.com/hotel/vn/firona-fly.vi.html,https://cf.bstatic.com/xdata/images/hotel/max1024x768/683023183.jpg?k=be7fc6e000f668bcb4038de42877c2d44cc01eaa2b40fe1a1e17228708de4f7c&o=&hp=1,booking.com,exact,,https://www.google.com/maps/search/?api=1&query=22.333035%2C103.841899,hotel:b66ac6df-24d8-5a8e-a279-0a90952651d3
HeLLo Sapa Hotel,22.336697,103.846409,Khách sạn,Sa Pa,"3 hạng phòng · từ 580.000₫/đêm · 25 Le Van Tam Street, Sapa Town, Lao Cai, Sa Pa, Việt Nam",4,580000,true,,https://www.booking.com/hotel/vn/hello-sapa.vi.html,https://cf.bstatic.com/xdata/images/hotel/max1024x768/590106336.jpg?k=1ee04c21a5718bbaa88dfbd271ecc91350b88de1cf52e5c9bb9420b3c7f3aebc&o=&hp=1,booking.com,exact,,https://www.google.com/maps/search/?api=1&query=22.336697%2C103.846409,hotel:ceac2733-bf34-54d2-a460-6ab84af3cfb1
Homestay Violet Sapa (Violet Sapa Homestay),22.332235,103.841896,Khách sạn 3★,Sa Pa,"khách sạn · từ 554.167₫/đêm · 45 Violet, Trung tâm Sapa, Sapa",1,554167,true,3,https://www.agoda.com/vi-vn/violet-sapa-homestay/hotel/sapa-vn.html,https://pix6.agoda.net/hotelImages/92428405/0/e43d093f9a7576d565922bd6296f04e6.jpg?va=1&ce=3&s=1024x768,agoda.com,exact,,https://www.google.com/maps/search/?api=1&query=22.332235%2C103.841896,hotel:91763661-4bca-5b9f-968f-8494763a163d
Hotel de la Coupole - MGallery,22.334686,103.840433,Khách sạn 5★,Sa Pa,"3 hạng phòng · từ 3.435.000₫/đêm · 1,Hoang Lien Street, Sapa District, Lao Cai Province, 33000 Sa Pa, Việt Nam",4,3435000,true,5,https://www.booking.com/hotel/vn/de-la-coupole-mgallery-by-sofitel.vi.html,https://cf.bstatic.com/xdata/images/hotel/max1024x768/918451127.jpg?k=135b0f10b24365374a9689d1e95519a3a18d6669340f5da1f4e5fe10c80ac9b2&o=&hp=1,booking.com,exact,,https://www.google.com/maps/search/?api=1&query=22.334686%2C103.840433,hotel:3bcc9588-2162-5c74-92a6-9bd09e5b0c11
Khách sạn Canvas Sapa Legend (Canvas Sapa Legend Hotel),22.336536,103.844429,Khách sạn 3.5★,Sa Pa,"khách sạn · từ 1.058.201₫/đêm · Số 1, phố Thủ Dầu Một, Trung tâm Sapa, Sapa",1,1058201,true,3.5,https://www.agoda.com/vi-vn/sapa-legend-hotel-spa/hotel/sapa-vn.html,https://pix6.agoda.net/hotelImages/1187717/0/cd3bbddb3785309345c85aedaf70bbc2.png?va=1&ce=3&s=1024x768,agoda.com,exact,,https://www.google.com/maps/search/?api=1&query=22.336536%2C103.844429,hotel:430b5376-eef5-507f-8542-9a9f1eb5de22
Khách sạn Freesia (Sapa Freesia Hotel),22.339865,103.848579,Khách sạn 4★,Sa Pa,"khách sạn · từ 749.559₫/đêm · 6A Vườn treo, , Sapa Town, Lao Cai Pro, Trung tâm Sapa, Sapa",1,749559,true,4,https://www.agoda.com/vi-vn/sapa-freesia-hotel/hotel/sapa-vn.html,https://pix6.agoda.net/hotelImages/1989676/-1/73ff4af8570c2c4fbf2274a425cf6770.jpg?va=1&ca=16&ce=1&s=1024x768,agoda.com,exact,,https://www.google.com/maps/search/?api=1&query=22.339865%2C103.848579,hotel:2d7bb870-641e-50f3-be60-d2ad161ff0ab
Khách sạn Palette H&T Central Sapa Luxury (Palette H&T Central Sapa Luxury Hotel),22.336311,103.844559,Khách sạn 3★,Sa Pa,"khách sạn · từ 1.362.209₫/đêm · No. 12 Thu Dau Mot Street, Sapa Ward, Sapa Town, Lao Cai Province, Vietnam, Trung tâm Sapa, Sapa",1,1362209,true,3,https://www.agoda.com/vi-vn/h-t-luxury-hotel/hotel/sapa-vn.html,https://pix8.agoda.net/hotelImages/47266922/0/ca41cb008e0c2eda4c166dc251f6bc68.png?va=1&ce=3&s=1024x768,agoda.com,exact,,https://www.google.com/maps/search/?api=1&query=22.336311%2C103.844559,hotel:51ee202d-184a-5af5-8509-4ab5cddced48
Khách sạn Sapa Garden (Sapa Garden Hotel.),22.335766,103.839455,Khách sạn 3★,Sa Pa,"khách sạn · từ 767.196₫/đêm · Street, Trung tâm Sapa, Sapa",1,767196,true,3,https://www.agoda.com/vi-vn/sapa-garden-hotel_2/hotel/sapa-vn.html,https://pix6.agoda.net/hotelImages/2266879/-1/73dbadbfcc81b1a754ddd5fd114e98d1.jpg?va=1&ca=24&ce=0&s=1024x768,agoda.com,exact,,https://www.google.com/maps/search/?api=1&query=22.335766%2C103.839455,hotel:b9c64033-d6ff-5873-ac4e-a802b73e395f
Khách sạn Sapa Global (Sapa Global Hotel),22.337776,103.850479,Khách sạn 3★,Sa Pa,"khách sạn · từ 417.273₫/đêm · 036 Lương Định Của, TT. Sa Pa 036 Lương Định Của, Trung tâm Sapa, Sapa",1,417273,true,3,https://www.agoda.com/vi-vn/sapa-global-hotel-h81955311/hotel/sapa-vn.html,https://pix8.agoda.net/hotelImages/82056267/0/9feef0dfec1cff7766488cd113b4ebbf.jpg?va=1&ce=3&s=1024x768,agoda.com,exact,,https://www.google.com/maps/search/?api=1&query=22.337776%2C103.850479,hotel:409f29b9-d2b5-53ae-81e5-2cfc14d1ef08
Khách sạn Sapa Horizon & Skybar (Sapa Horizon Hotel & Skybar ),22.334247,103.842412,Khách sạn 5★,Sa Pa,"khách sạn · từ 2.523.519₫/đêm · 018 Phạm Xuân Huân, Tổ 7C, Trung tâm Sapa, Sapa",1,2523519,true,5,https://www.agoda.com/vi-vn/sapa-horizon-hotel/hotel/sapa-vn.html,https://pix6.agoda.net/hotelImages/462128/0/a29d2647b2a56d445be344e2c763f416.jpg?va=1&ce=3&s=1024x768,agoda.com,exact,,https://www.google.com/maps/search/?api=1&query=22.334247%2C103.842412,hotel:9f9ebb5d-4aaa-5312-af88-227e9ddc763d
Khách sạn Tiger Sapa (Tiger Sapa Hotel),22.33176,103.844063,Khách sạn 3★,Sa Pa,"khách sạn · từ 730.590₫/đêm · 022a Mường Hoa, Trung tâm Sapa, Sapa",1,730590,true,3,https://www.agoda.com/vi-vn/tiger-sapa-hotel/hotel/sapa-vn.html,https://pix8.agoda.net/hotelImages/40560157/0/907735c3adb205ddda20febe141b6edf.jpg?va=1&ce=3&s=1024x768,agoda.com,exact,,https://www.google.com/maps/search/?api=1&query=22.331760%2C103.844063,hotel:46c2946c-bfd9-5fa9-a48b-feb3885380d8
KHÁCH SẠN VÀ SPA BOUTIQUE ALIANA (ALIANA BOUTIQUE SAPA HOTEL & SPA),22.334003,103.836501,Khách sạn 4.5★,Sa Pa,"khách sạn · từ 3.715.211₫/đêm · 30 Hoàng Liên, Trung tâm Sapa, Sapa",1,3715211,true,4.5,https://www.agoda.com/vi-vn/aira-boutique-sapa-hotel-spa/hotel/sapa-vn.html,https://pix6.agoda.net/hotelImages/1994627/-1/189159ce017718174a4ba48b377cb813.jpg?va=1&ce=0&s=1024x768,agoda.com,exact,,https://www.google.com/maps/search/?api=1&query=22.334003%2C103.836501,hotel:0e7390fb-2a5d-5f2b-8559-61a950b4b58e
Madame View Homestay,22.30078,103.883019,Khách sạn,Sa Pa,"1 hạng phòng · từ 950.000₫/đêm · Mường Hoa, Sa Pa, Việt Nam",2,950000,true,,https://www.booking.com/hotel/vn/madame-view-homestay-sa-pa.vi.html,https://cf.bstatic.com/xdata/images/hotel/max1024x768/714835092.jpg?k=8a25ba144acf26e92bf6c29b659a9614a60a4a2a03f07cd520e4558bc2720c53&o=&hp=1,booking.com,exact,,https://www.google.com/maps/search/?api=1&query=22.300780%2C103.883019,hotel:b7eee425-6a65-5852-93f3-08e574367bf2
Nhà nghỉ Camellia (Camellia Guest House),22.334841,103.840927,Khách sạn,Sa Pa,"khách sạn · từ 352.734₫/đêm · 3 Fansipan, Sapa, Lao Cai, Trung tâm Sapa, Sapa",1,352734,true,,https://www.agoda.com/vi-vn/camellia-guest-house/hotel/sapa-vn.html,https://pix6.agoda.net/hotelImages/14695573/-1/908d9d68a7f56e7ac3a231069c193f6c.jpg?va=1&ca=11&ce=1&s=1024x768,agoda.com,exact,,https://www.google.com/maps/search/?api=1&query=22.334841%2C103.840927,hotel:73ae5b2a-e2b8-5d50-82fb-7b0d4c3431cf
Nhật's Sapa Central Hostel,22.332825,103.842428,Khách sạn 2★,Sa Pa,"khách sạn · từ 291.005₫/đêm · 33 Phố Đồng Lợi, Trung tâm Sapa, Sapa",1,291005,true,2,https://www.agoda.com/vi-vn/nh-t-s-sapa-central-hostel/hotel/sapa-vn.html,https://pix8.agoda.net/hotelImages/56865839/0/6af752c36e78672b549e1f17857bf5eb.jpg?va=1&ce=2&s=1024x768,agoda.com,exact,,https://www.google.com/maps/search/?api=1&query=22.332825%2C103.842428,hotel:5f59f8f4-7595-5d53-9077-1962a79eeef6
Pao's Sapa Leisure Hotel,22.327371,103.846772,Khách sạn,Sa Pa,"khách sạn · từ 1.790.123₫/đêm · Sa Pa Ward, Trung tâm Sapa, Sapa",1,1790123,true,,https://www.agoda.com/vi-vn/pao-s-sapa-leisure-hotel/hotel/sapa-vn.html,https://pix6.agoda.net/hotelImages/2607925/0/1b6959d7ef9ece7b9eb32de069a11d64.png?va=1&ce=3&s=1024x768,agoda.com,exact,,https://www.google.com/maps/search/?api=1&query=22.327371%2C103.846772,hotel:dadb2e15-92aa-5d95-93c5-1c89524d355e
Phuong Nam Hotel,22.333284,103.840727,Khách sạn 2★,Sa Pa,"1 hạng phòng · từ 650.000₫/đêm · 033 Fanxipang Street, Sa Pa, Sa Pa, Việt Nam",2,650000,true,2,https://www.booking.com/hotel/vn/phuong-nam-sapa.vi.html,https://cf.bstatic.com/xdata/images/hotel/max1024x768/159923927.jpg?k=d1417a7a24ae4a1b42ded4228ee89e08143708cd7cc489c43a1a872593b23b50&o=&hp=1,booking.com,exact,,https://www.google.com/maps/search/?api=1&query=22.333284%2C103.840727,hotel:64fd486c-5c95-5907-87c9-e368369fd90f
Sapa Diamond Hotel,22.331603,103.844297,Khách sạn 3.5★,Sa Pa,"khách sạn · từ 1.185.185₫/đêm · Số 28 A đường Mường Hoa, Sapa, Lào Cai, Trung tâm Sapa, Sapa",1,1185185,true,3.5,https://www.agoda.com/vi-vn/sapa-diamond-hotel/hotel/sapa-vn.html,https://pix6.agoda.net/hotelImages/1603014/-1/b9e4ed7038a3e9f2c300e26f51ddc46f.jpg?va=1&ce=0&s=1024x768,agoda.com,exact,,https://www.google.com/maps/search/?api=1&query=22.331603%2C103.844297,hotel:5057d432-c180-548d-be4f-6fb409ca4bfc
Sapa Fansipan View House,22.332517,103.839042,Khách sạn 3★,Sa Pa,"3 hạng phòng · từ 600.000₫/đêm · 64 Fan Si Făng, 31100 Sa Pa, Việt Nam",4,600000,true,3,https://www.booking.com/hotel/vn/sapa-fansipan-view-homestay.vi.html,https://cf.bstatic.com/xdata/images/hotel/max1024x768/691397557.jpg?k=caba481e4e672b1bf49943fc8219315ba89bc95351e0a099a5d0f648a2d12cab&o=&hp=1,booking.com,exact,,https://www.google.com/maps/search/?api=1&query=22.332517%2C103.839042,hotel:2b25d9d2-c1bd-5c49-b283-49b07d0592b2
Sapa Highland Resort & Spa,22.335806,103.839043,Khách sạn 4★,Sa Pa,"khách sạn · 07 Thac Bac, Trung tâm Sapa, Sapa",1,,false,4,https://www.agoda.com/vi-vn/sapa-highland-resort-spa_3/hotel/sapa-vn.html,https://pix6.agoda.net/hotelImages/209/2094254/2094254_17092515370056786509.jpg?va=1&ca=6&ce=1&s=1024x768,agoda.com,exact,,https://www.google.com/maps/search/?api=1&query=22.335806%2C103.839043,hotel:0ccb2ff2-fcb5-55df-abab-dd8db542236d
SAPA HUB hostel,22.340083,103.839889,Khách sạn,Sa Pa,"3 hạng phòng · từ 200.000₫/đêm · 762 Đường Điện Biên Phủ, 60000 Sa Pa, Việt Nam",4,200000,true,,https://www.booking.com/hotel/vn/sapa-hub-hostel.vi.html,https://cf.bstatic.com/xdata/images/hotel/max1024x768/717262747.jpg?k=39e7ee70c5e8e35f10224cfc8a5ca096a790f78427f70df63a47fbdec4e37c9c&o=&hp=1,booking.com,exact,,https://www.google.com/maps/search/?api=1&query=22.340083%2C103.839889,hotel:7e4494a6-c8c3-577e-85a3-addd953b6b3a
Sapa May Ecolodge,22.334425,103.835271,Khách sạn 4★,Sa Pa,"1 hạng phòng · từ 733.414₫/đêm · 36 Hoàng Liên, 330000 Sa Pa, Việt Nam",2,733414,true,4,https://www.booking.com/hotel/vn/sapa-may-ecolodge.vi.html,https://cf.bstatic.com/xdata/images/hotel/max1024x768/849909856.jpg?k=768e3cd2fad3509dc138ef115840c934157acf2894b9b450594a5531b9c92b86&o=&hp=1,booking.com,exact,,https://www.google.com/maps/search/?api=1&query=22.334425%2C103.835271,hotel:d93571bc-31ce-5e0d-a292-a4652b220eb0
Sapa Sweet Time Hotel,22.337042,103.842619,Khách sạn 3★,Sa Pa,"3 hạng phòng · từ 486.000₫/đêm · 6 Hoàng Diệu, 330000 Sa Pa, Việt Nam",4,486000,true,3,https://www.booking.com/hotel/vn/sweettime.vi.html,https://cf.bstatic.com/xdata/images/hotel/max1024x768/701480917.jpg?k=2927ad4662e39dd77493420155f7a49f45fffdb4e3169848521dcc3965cfd948&o=&hp=1,booking.com,exact,,https://www.google.com/maps/search/?api=1&query=22.337042%2C103.842619,hotel:54e2dfa4-ad1f-57b8-8778-532e9dc650b7
Silk Path Grand Sapa Resort & Spa,22.337983,103.837387,Khách sạn 5★,Sa Pa,"3 hạng phòng · từ 2.308.098₫/đêm · Doi Quan 6, Group 10, Sapa, Lao Cai, Sa Pa, Việt Nam",4,2308098,true,5,https://www.booking.com/hotel/vn/silk-path-grand-resort-amp-spa-sapa.vi.html,https://cf.bstatic.com/xdata/images/hotel/max1024x768/879273518.jpg?k=3ce38f9b24b8af16f61576700a8b8f26fa3bec074084100673cfae200820eca7&o=&hp=1,booking.com,exact,,https://www.google.com/maps/search/?api=1&query=22.337983%2C103.837387,hotel:463718f6-f32f-5639-a2ce-16523e4d63aa
Surelee Homestay & Sapa Trekking Tours by Local Path,22.306933,103.896201,Khách sạn,Sa Pa,"3 hạng phòng · từ 145.946₫/đêm · Ban Pho Hamlet, Hau Thao Commune, Sapa, Lao Cai, Sa Pa, Việt Nam",4,145946,true,,https://www.booking.com/hotel/vn/surelee-homestay.vi.html,https://cf.bstatic.com/xdata/images/hotel/max1024x768/805675363.jpg?k=bf622b41317cf81dc9ed66b01919bcd21bd5d2fee2092bf22af0c0695b083d15&o=&hp=1,booking.com,exact,,https://www.google.com/maps/search/?api=1&query=22.306933%2C103.896201,hotel:942c5816-527f-5498-b092-8a5a5927755f
The Mysteri Sapa,22.334635,103.840065,Khách sạn 3★,Sa Pa,"3 hạng phòng · từ 1.495.575₫/đêm · 10 Hoàng Liên, 330000 Sa Pa, Việt Nam",4,1495575,true,3,https://www.booking.com/hotel/vn/the-mysteri-sapa.vi.html,https://cf.bstatic.com/xdata/images/hotel/max1024x768/893676295.jpg?k=5a23d10a267fc7f80738b53584d8ab0edb5b7abb85031d74a261164f8e8747e5&o=&hp=1,booking.com,exact,,https://www.google.com/maps/search/?api=1&query=22.334635%2C103.840065,hotel:589f15b2-b70a-5406-8c40-f51a84091079
Topas Ecolodge,22.276215,103.967049,Khách sạn 5★,Sa Pa,"khách sạn · từ 7.727.300₫/đêm · Bản Thanh Kim - Sapa - Laocai, Lao Chải Tả Van, Sapa",1,7727300,true,5,https://www.agoda.com/vi-vn/topas-ecolodge/hotel/sapa-vn.html,https://pix6.agoda.net/hotelImages/445/445774/445774_17082911190055798013.jpg?va=1&ca=6&ce=1&s=1024x768,agoda.com,exact,,https://www.google.com/maps/search/?api=1&query=22.276215%2C103.967049,hotel:df45dd94-184c-567e-a942-538acace6d0e
Vista Hotel Sapa,22.332719,103.837529,Khách sạn 3★,Sa Pa,"3 hạng phòng · từ 664.583₫/đêm · Sapa Vista Hotel, 330000 Sa Pa, Việt Nam",4,664583,true,3,https://www.booking.com/hotel/vn/kusta-sapa.vi.html,https://cf.bstatic.com/xdata/images/hotel/max1024x768/913604722.jpg?k=5b7faab63d7767679b331d90419f40901a678c60dcc2ca9c8a923380a2f20ff2&o=&hp=1,booking.com,exact,,https://www.google.com/maps/search/?api=1&query=22.332719%2C103.837529,hotel:eebfcc53-6149-55dd-b2ac-fbc6fd3e6878
9 Hostel and Suites,10.770159,106.693634,Khách sạn 3★,TP. Hồ Chí Minh,"khách sạn · từ 535.227₫/đêm · 90 Lê Lai, Quận 1, Hồ Chí Minh",1,535227,true,3,https://www.agoda.com/vi-vn/9-hostel-and-suites/hotel/ho-chi-minh-city-vn.html,https://pix8.agoda.net/hotelImages/34480840/0/32b2aa146f3add3d9a736265816c205d.jpg?va=1&ce=0&s=1024x768,agoda.com,exact,,https://www.google.com/maps/search/?api=1&query=10.770159%2C106.693634,hotel:1c43579a-7a7a-5b90-803a-984af5c3ce45
A&Em Art Hotel,10.771704,106.695152,Khách sạn 4★,TP. Hồ Chí Minh,"khách sạn · từ 1.798.942₫/đêm · 31 -35 L Anh Xu n, Phường Bến Th nh, Th nh phố Hồ Ch Minh, Quận 1, Hồ Chí Minh",1,1798942,true,4,https://www.agoda.com/vi-vn/a-em-art-hotel/hotel/ho-chi-minh-city-vn.html,https://pix6.agoda.net/hotelImages/2801837/0/69f8bb98f5b55f48fa0065d6c7301ad6.jpg?va=1&ce=2&s=1024x768,agoda.com,exact,,https://www.google.com/maps/search/?api=1&query=10.771704%2C106.695152,hotel:79364e44-f85e-5513-b84f-3f152e2e5aae
Ann Arbor Hotel,10.792786,106.668445,Khách sạn 2★,TP. Hồ Chí Minh,"3 hạng phòng · từ 545.000₫/đêm · 81 Đường Đặng Văn Ngữ, 70000 TP. Hồ Chí Minh, Việt Nam",4,545000,true,2,https://www.booking.com/hotel/vn/ann-arbor.vi.html,https://cf.bstatic.com/xdata/images/hotel/max1024x768/894276629.jpg?k=797b535cba1a72091d9fd684b87e8fd78e993607659a1ce61ec512c61badc83d&o=&hp=1,booking.com,exact,,https://www.google.com/maps/search/?api=1&query=10.792786%2C106.668445,hotel:518e099d-f0bf-5931-8b94-c22d48738971
"Avo Saigon Homestay- Pasteur Street, District 3",10.78624,106.68974,Khách sạn,TP. Hồ Chí Minh,"3 hạng phòng · từ 480.194₫/đêm · 248/10a Pasteur, 700000 TP. Hồ Chí Minh, Việt Nam",4,480194,true,,https://www.booking.com/hotel/vn/avo-saigon-homestay-pasteur-street-district-3.vi.html,https://cf.bstatic.com/xdata/images/hotel/max1024x768/911881486.jpg?k=19dd8b560b915cebae437cb1c96ea737e461eb4ff2724a93d4a73f58ef366249&o=&hp=1,booking.com,exact,,https://www.google.com/maps/search/?api=1&query=10.786240%2C106.689740,hotel:db12b275-6ed9-5333-805e-5650ecac0db7
California Saigon Hotel & Rooftop Pool,10.774687,106.696629,Khách sạn 3★,TP. Hồ Chí Minh,"3 hạng phòng · từ 1.247.740₫/đêm · 52-54 Thủ Khoa Huân, Quận 1, TP. Hồ Chí Minh, Việt Nam",4,1247740,true,3,https://www.booking.com/hotel/vn/california-saigon-quan-1.vi.html,https://cf.bstatic.com/xdata/images/hotel/max1024x768/731755501.jpg?k=0164b0f959caf74ea5f44ae6af6db5e8de8fe91613eba203a091c1fd3476c219&o=&hp=1,booking.com,exact,,https://www.google.com/maps/search/?api=1&query=10.774687%2C106.696629,hotel:a103cf8f-a661-52ed-ac13-9d488124361a
Caravelle Saigon Hotel,10.776302,106.703651,Khách sạn 5★,TP. Hồ Chí Minh,"khách sạn · từ 5.847.826₫/đêm · 19-23 Công Trường Lam Sơn, Quận 1, Quận 1, Hồ Chí Minh",1,5847826,true,5,https://www.agoda.com/vi-vn/caravelle-saigon-hotel/hotel/ho-chi-minh-city-vn.html,https://pix6.agoda.net/hotelImages/6249915/0/68c8741d9375c89028c791827346e44c.jpg?va=1&ca=9&ce=1&s=1024x768,agoda.com,exact,,https://www.google.com/maps/search/?api=1&query=10.776302%2C106.703651,hotel:9db1a1b2-1dd6-5380-8951-15f953184e68
Chinchu Luxury Hotel,10.803588,106.728488,Khách sạn,TP. Hồ Chí Minh,"2 hạng phòng · từ 779.389₫/đêm · 46 Đ. Nguyễn Cừ, TP. Hồ Chí Minh, Việt Nam",3,779389,true,,https://www.booking.com/hotel/vn/chinchu-stay-2-thanh-pho-ho-chi-minh.vi.html,https://cf.bstatic.com/xdata/images/hotel/max1024x768/892004662.jpg?k=e5a4b032e6cadbf85cd459fcadf65df57ca60ef8132a385b5b1fd0804cf21053&o=&hp=1,booking.com,exact,,https://www.google.com/maps/search/?api=1&query=10.803588%2C106.728488,hotel:8a0eeec6-743f-5035-99ce-d491d52c717c
Cozy Apartment at Vinhomes Central Park,10.795178,106.720794,Khách sạn 4★,TP. Hồ Chí Minh,"3 hạng phòng · từ 1.362.007₫/đêm · Landmark 5 Vinhomes Central Park L2-29.06, 700000 TP. Hồ Chí Minh, Việt Nam",4,1362007,true,4,https://www.booking.com/hotel/vn/cozy-apartment-at-vinhomes-central-park.vi.html,https://cf.bstatic.com/xdata/images/hotel/max1024x768/917974022.jpg?k=e895e8daa1b6b7df6996bf2a4656c2ddc7fbf01b220fded06d72b70fdf256b25&o=&hp=1,booking.com,exact,,https://www.google.com/maps/search/?api=1&query=10.795178%2C106.720794,hotel:e701edd6-a701-5170-9693-690a438e455a
Cubicity Ba Huyen Thanh Quan,10.78134,106.682443,Khách sạn 3★,TP. Hồ Chí Minh,"2 hạng phòng · từ 683.255₫/đêm · 78C Ba Huyen Thanh Quan, 70000 TP. Hồ Chí Minh, Việt Nam",3,683255,true,3,https://www.booking.com/hotel/vn/cubicity-ba-huyen-thanh-quan.vi.html,https://cf.bstatic.com/xdata/images/hotel/max1024x768/910975704.jpg?k=9cf3359ffdede20e41f91f0b5aa91df6cc54aa25e41fe90e83a3fac267ae6cdb&o=&hp=1,booking.com,exact,,https://www.google.com/maps/search/?api=1&query=10.781340%2C106.682443,hotel:22425913-526a-5356-9b09-3e70c77fe9b2
Gemini Saigon LUXURY,10.767666,106.694491,Khách sạn 3★,TP. Hồ Chí Minh,"3 hạng phòng · từ 1.067.850₫/đêm · 40 Bui Vien Pham Ngu Lao District 1, Quận 1, TP. Hồ Chí Minh, Việt Nam",4,1067850,true,3,https://www.booking.com/hotel/vn/gemini-saigon-luxury.vi.html,https://cf.bstatic.com/xdata/images/hotel/max1024x768/886050320.jpg?k=53fbc47ccbed2d8ad7af0bfa3244101edb1d3561c83e937d60c11b4f39995ca2&o=&hp=1,booking.com,exact,,https://www.google.com/maps/search/?api=1&query=10.767666%2C106.694491,hotel:961c4d65-1587-581f-bdda-e9affbadf8f2
Gia Hải Hotel - 嘉海酒店,10.747358,106.61589,Khách sạn 3★,TP. Hồ Chí Minh,"3 hạng phòng · từ 972.000₫/đêm · 139-141 Đường số 16, 700000 TP. Hồ Chí Minh, Việt Nam",4,972000,true,3,https://www.booking.com/hotel/vn/gia-hai-jia-hai-jiu-dian.vi.html,https://cf.bstatic.com/xdata/images/hotel/max1024x768/916373006.jpg?k=bac34bfb209cc8fd535757d24dd4b4398786bf5189c34e8b8b801f1905665bf4&o=&hp=1,booking.com,exact,,https://www.google.com/maps/search/?api=1&query=10.747358%2C106.615890,hotel:9d73e3fd-49bd-540d-8964-0d4a0f7b8b9a
GRAND HOTEL du LAC Boutique Saigon,10.77324,106.698515,Khách sạn 5★,TP. Hồ Chí Minh,"3 hạng phòng · từ 4.860.000₫/đêm · 40-42 Đường Phan Bội Châu 9, Quận 1, TP. Hồ Chí Minh, Việt Nam",4,4860000,true,5,https://www.booking.com/hotel/vn/grand-du-lac-boutique-saigon-quan-11.vi.html,https://cf.bstatic.com/xdata/images/hotel/max1024x768/709222466.jpg?k=3288e4bf4569adaab15756b38059c396779e1290d6bc92de50c9c6a49a026d57&o=&hp=1,booking.com,exact,,https://www.google.com/maps/search/?api=1&query=10.773240%2C106.698515,hotel:b9e54c9e-6429-5f23-9583-f6f7336ee5e2
"Grand Signature by M Village Lê Thánh Tôn, a brand of Modern Village Lifestyle",10.780452,106.704345,Khách sạn 5★,TP. Hồ Chí Minh,"3 hạng phòng · từ 4.404.645₫/đêm · 24 Đường Lê Thánh Tôn, phường Bến Nghé, Quận 1, Quận 1, TP. Hồ Chí Minh, Việt Nam",4,4404645,true,5,https://www.booking.com/hotel/vn/signature-by-m-village-le-thanh-ton-quan-1.vi.html,https://cf.bstatic.com/xdata/images/hotel/max1024x768/832279186.jpg?k=38754984ce00c918fd146bc2af26350abefb9836609089149680a74bd979829d&o=&hp=1,booking.com,exact,,https://www.google.com/maps/search/?api=1&query=10.780452%2C106.704345,hotel:e58b9894-2902-5698-abe2-4281da8a5224
Grandma Lu's Saigon Japan Town,10.780079,106.7039,Khách sạn 1★,TP. Hồ Chí Minh,"khách sạn · từ 555.556₫/đêm · 18 Thái Văn Lung, Quận 1, Hồ Chí Minh",1,555556,true,1,https://www.agoda.com/vi-vn/grandma-lu-h36209150/hotel/ho-chi-minh-city-vn.html,https://pix6.agoda.net/hotelImages/37272417/0/2643bf9986dbb49d699b1ce0ac938a15.png?va=1&ce=3&s=1024x768,agoda.com,exact,,https://www.google.com/maps/search/?api=1&query=10.780079%2C106.703900,hotel:279abc1d-d5f6-519a-bfea-8793966d412d
Grandma Lu's Saigon Signature,10.76966,106.699959,Khách sạn 1★,TP. Hồ Chí Minh,"khách sạn · từ 242.192₫/đêm · No. 50, Nguyen Thai Binh Street, Nguyen Thai Binh Ward, Vietnam, Quận 1, Hồ Chí Minh",1,242192,true,1,https://www.agoda.com/vi-vn/grandma-lu-saigon-ben-thanh-market/hotel/ho-chi-minh-city-vn.html,https://pix8.agoda.net/hotelImages/55765781/0/3428c8ba86fb1f0599ddd93809255f8c.png?va=1&ce=3&s=1024x768,agoda.com,exact,,https://www.google.com/maps/search/?api=1&query=10.769660%2C106.699959,hotel:08f81921-0758-5999-8098-73590caea9b2
Home Park Hotel Ho Chi Minh,10.796755,106.706333,Khách sạn,TP. Hồ Chí Minh,"3 hạng phòng · từ 912.000₫/đêm · 46/24 Đường Nguyễn Cửu Vân, 70000 TP. Hồ Chí Minh, Việt Nam",4,912000,true,,https://www.booking.com/hotel/vn/home-park-ho-chi-minh.vi.html,https://cf.bstatic.com/xdata/images/hotel/max1024x768/892073609.jpg?k=5d8b2904ad05c31e82a6a3b191c81d1ad85098a02f2866c4881c7ba5a9b841dd&o=&hp=1,booking.com,exact,,https://www.google.com/maps/search/?api=1&query=10.796755%2C106.706333,hotel:d964da2b-a0d0-516f-8a4c-72262a87be7c
Hotel Nikko Saigon,10.764677,106.683052,Khách sạn 5★,TP. Hồ Chí Minh,"khách sạn · từ 4.931.668₫/đêm · 235 Nguyễn Văn Cừ, Quận 1, Quận 1, Hồ Chí Minh",1,4931668,true,5,https://www.agoda.com/vi-vn/hotel-nikko-saigon/hotel/ho-chi-minh-city-vn.html,https://pix6.agoda.net/hotelImages/286608/-1/f211a2a6778374c2ee8bf5cec5fa0435.jpg?va=1&ce=0&s=1024x768,agoda.com,exact,,https://www.google.com/maps/search/?api=1&query=10.764677%2C106.683052,hotel:6799da0d-e6dd-5f8f-9b82-9c11198386cb
Ibis Saigon Airport,10.81315,106.666047,Khách sạn 4★,TP. Hồ Chí Minh,"3 hạng phòng · từ 1.538.500₫/đêm · 2 Hong Ha , Tan Son Hoa Ward, Quận Tân Bình, TP. Hồ Chí Minh, Việt Nam",4,1538500,true,4,https://www.booking.com/hotel/vn/ibis-saigon-airport.vi.html,https://cf.bstatic.com/xdata/images/hotel/max1024x768/882879280.jpg?k=d18fa7e2b6ebdd1d4790dbc15a1c123b585aae8ba578d537c6ce7a40990a77f1&o=&hp=1,booking.com,exact,,https://www.google.com/maps/search/?api=1&query=10.813150%2C106.666047,hotel:daf88937-dab1-596d-b4da-e85e77cf7554
Jan Hostel,10.766237,106.693276,Khách sạn 3★,TP. Hồ Chí Minh,"3 hạng phòng · từ 594.000₫/đêm · 100/2A3 Đường Trần Hưng Đạo 15, Quận 1, 70000 TP. Hồ Chí Minh, Việt Nam",4,594000,true,3,https://www.booking.com/hotel/vn/jan-hostel-quan-1.vi.html,https://cf.bstatic.com/xdata/images/hotel/max1024x768/682809178.jpg?k=42ab72f05b2db12f770115d675b14a1dfb72fd842718965bbb1f88714d3fa24c&o=&hp=1,booking.com,exact,,https://www.google.com/maps/search/?api=1&query=10.766237%2C106.693276,hotel:7db298f1-a53e-53db-a546-311669d6c90b
Khách sạn Amory Royal (Amory Royal Hotel),10.775669,106.675644,Khách sạn 4★,TP. Hồ Chí Minh,"khách sạn · từ 410.163₫/đêm · 252/43–45 Cao Thang Street, Ward 12, Quận 10, Hồ Chí Minh",1,410163,true,4,https://www.agoda.com/vi-vn/amory-royal-hotel/hotel/ho-chi-minh-city-vn.html,https://pix8.agoda.net/hotelImages/93006841/0/671acba08792ac819080ccf66100ab74.png?va=1&ce=3&s=1024x768,agoda.com,exact,,https://www.google.com/maps/search/?api=1&query=10.775669%2C106.675644,hotel:743511ad-fe3a-54c1-bb15-a75323f4a982
Khách sạn Cochin Zen (Cochin Zen Hotel),10.774519,106.696716,Khách sạn 4★,TP. Hồ Chí Minh,"khách sạn · từ 2.590.079₫/đêm · 46-46 bis Thủ Khoa Huân, Phường Bến Thành, Quận 1, Hồ Chí Minh",1,2590079,true,4,https://www.agoda.com/vi-vn/alagon-zen-hotel-spa/hotel/ho-chi-minh-city-vn.html,https://pix6.agoda.net/hotelImages/159186/0/7683cc12d6c7a1db5681f40d3aa364cd.jpg?va=1&ce=0&s=1024x768,agoda.com,exact,,https://www.google.com/maps/search/?api=1&query=10.774519%2C106.696716,hotel:565f67f2-5c1f-537f-be4d-72040a1c8508
Khách sạn Collection O Hoa Tràng An - Gần sân bay (Collection O Hoa Trang An Hotel - Near Airport),10.800963,106.651054,Khách sạn 3★,TP. Hồ Chí Minh,"khách sạn · từ 388.992₫/đêm · 17 Street C18,Ward 12, Tân Bình, Hồ Chí Minh",1,388992,true,3,https://www.agoda.com/vi-vn/collection-o-hoa-trang-an-hotel-near-airport/hotel/ho-chi-minh-city-vn.html,https://pix6.agoda.net/hotelImages/2170853/0/4a8cf9979b9ee4575b4a6adae6a19177.jpg?va=1&ce=3&s=1024x768,agoda.com,exact,,https://www.google.com/maps/search/?api=1&query=10.800963%2C106.651054,hotel:f7fb91ba-7b4f-557a-b7f0-61bd4c8fc0ad
Khách sạn Collection O Long Phụng (Collection O Long Phung Hotel),10.746661,106.63321,Khách sạn 3★,TP. Hồ Chí Minh,"khách sạn · từ 358.808₫/đêm · 52 Đường số 5, Phường 11, Quận 6, Hồ Chí Minh",1,358808,true,3,https://www.agoda.com/vi-vn/collection-o-long-phung-hotel/hotel/ho-chi-minh-city-vn.html,https://pix6.agoda.net/hotelImages/85154030/0/4a1fb0527a44351ab445d39bf9058342.png?va=1&ce=3&s=1024x768,agoda.com,exact,,https://www.google.com/maps/search/?api=1&query=10.746661%2C106.633210,hotel:262677bd-3dd4-5ba8-ae17-704a4fffe72d
Khách sạn Palette Amura (Palette Amura Hotel - Near Gigamall),10.824762,106.719307,Khách sạn 2★,TP. Hồ Chí Minh,"khách sạn · từ 429.217₫/đêm · 18 Hiep Binh Chanh Ward, Thủ Đức, Hồ Chí Minh",1,429217,true,2,https://www.agoda.com/vi-vn/amura-hotel-th-d-c/hotel/ho-chi-minh-city-vn.html,https://pix8.agoda.net/hotelImages/35417217/0/74c9734e52e4b43d7144913c20e48cae.png?va=1&ce=3&s=1024x768,agoda.com,exact,,https://www.google.com/maps/search/?api=1&query=10.824762%2C106.719307,hotel:4afd80ac-9f08-5327-bd5f-56b4789df88a
Khách sạn Roseland Centa (Roseland Centa Hotel & Spa),10.780877,106.705101,Khách sạn 4★,TP. Hồ Chí Minh,"khách sạn · 15/1A+15A/57 Le Thanh Ton St, Ben Nghe Ward, Dist 01, Quận 1, Hồ Chí Minh",1,,false,4,https://www.agoda.com/vi-vn/roseland-centa-hotel-spa/hotel/ho-chi-minh-city-vn.html,https://pix6.agoda.net/hotelImages/176/1766398/1766398_17021511150051036706.jpg?va=1&ca=6&ce=1&s=1024x768,agoda.com,exact,,https://www.google.com/maps/search/?api=1&query=10.780877%2C106.705101,hotel:6edfea4f-6eb9-5d28-9ddf-76b4c72eac45
Khách sạn Tala Sài Gòn (TalaSaiGon Hotel),10.812156,106.66848,Khách sạn 3★,TP. Hồ Chí Minh,"khách sạn · từ 401.668₫/đêm · 36/1A Yen The, Tân Bình, Hồ Chí Minh",1,401668,true,3,https://www.agoda.com/vi-vn/talasaigon-hotel/hotel/ho-chi-minh-city-vn.html,https://pix8.agoda.net/hotelImages/65513469/1021359968/1086b5dd6f3231ea2bae7ecce9ad4f70.jpg?va=1&ce=0&s=1024x768,agoda.com,exact,,https://www.google.com/maps/search/?api=1&query=10.812156%2C106.668480,hotel:e03b41bd-874d-52ed-baa5-fff88b97a136
Khách sạn The Reverie Saigon – The Leading s of the World (The Reverie Saigon – The Leading Hotels of the World),10.773604,106.704519,Khách sạn 5★,TP. Hồ Chí Minh,"khách sạn · từ 6.525.000₫/đêm · 22 - 36 Nguyễn Huệ, Phường Bến Nghé, Quận 1, Thành phố Hồ Chí Minh, Quận 1, Hồ Chí Minh",1,6525000,true,5,https://www.agoda.com/vi-vn/the-reverie-saigon/hotel/ho-chi-minh-city-vn.html,https://pix6.agoda.net/hotelImages/788728/0/c0cbe19e96e8726be5c8e817543aff95.jpg?va=1&ce=3&s=1024x768,agoda.com,exact,,https://www.google.com/maps/search/?api=1&query=10.773604%2C106.704519,hotel:98932e99-3fed-55b9-bc32-51d161cc16be
Khách sạn và Căn hộ Cherry (Cherry Hotel and Apartment),10.802714,106.643929,Khách sạn 4★,TP. Hồ Chí Minh,"khách sạn · từ 448.604₫/đêm · 406/14 Cong Hoa Street, Ward 13, Tan Binh District, Ho Chi Minh City, Tân Bình, Hồ Chí Minh",1,448604,true,4,https://www.agoda.com/vi-vn/reddoorz-premium-near-etown-3/hotel/ho-chi-minh-city-vn.html,https://pix8.agoda.net/hotelImages/6988262/-1/dfbc31510d70e5adf8bf321849e39447.jpg?va=1&ca=13&ce=1&s=1024x768,agoda.com,exact,,https://www.google.com/maps/search/?api=1&query=10.802714%2C106.643929,hotel:6c1a727c-ba1b-5886-8ca9-475d33903c22
La Vela Saigon Hotel,10.788561,106.685473,Khách sạn 5★,TP. Hồ Chí Minh,"3 hạng phòng · từ 3.261.901₫/đêm · 280 Nam Ky Khoi Nghia, Ward 8, District 3, Quận 3, TP. Hồ Chí Minh, Việt Nam",4,3261901,true,5,https://www.booking.com/hotel/vn/la-vela-saigon.vi.html,https://cf.bstatic.com/xdata/images/hotel/max1024x768/464640824.jpg?k=2ce1467d833309a6d9e4f1e5d35ba87454a50bcf620cc5926b410aca8148c219&o=&hp=1,booking.com,exact,,https://www.google.com/maps/search/?api=1&query=10.788561%2C106.685473,hotel:f201ba3c-06a0-53b5-8d26-4db47eea9d63
Liberty Central Saigon Citypoint Hotel,10.774496,106.700821,Khách sạn 4★,TP. Hồ Chí Minh,"khách sạn · từ 3.014.815₫/đêm · 59-61 Đường Pasteur, Quận 1, Quận 1, Hồ Chí Minh",1,3014815,true,4,https://www.agoda.com/vi-vn/liberty-central-saigon-citypoint-hotel/hotel/ho-chi-minh-city-vn.html,https://pix6.agoda.net/hotelImages/666232/-1/1e91480a2dcf52ea1dce0cac4bcc57ba.jpg?va=1&ca=10&ce=1&s=1024x768,agoda.com,exact,,https://www.google.com/maps/search/?api=1&query=10.774496%2C106.700821,hotel:1d06444b-7a7b-5133-bf48-48ef5c30e549
Panorama View Riverside,10.719051,106.727242,Khách sạn 4★,TP. Hồ Chí Minh,"1 hạng phòng · từ 1.368.000₫/đêm · Riverside residence Apartment đường nguyễn lương bằng B10.05, 700000 TP. Hồ Chí Minh, Việt Nam",2,1368000,true,4,https://www.booking.com/hotel/vn/panorama-view-riverside.vi.html,https://cf.bstatic.com/xdata/images/hotel/max1024x768/916489068.jpg?k=ba897791c953193e0871d8466ca2dda05360bf41d894b9d0ee587579e20a193f&o=&hp=1,booking.com,exact,,https://www.google.com/maps/search/?api=1&query=10.719051%2C106.727242,hotel:2b1bbd7f-c571-5ce3-bb06-d73c2fbf2e8f
PINhome - PIN Boutique Stays,10.786712,106.692395,Khách sạn,TP. Hồ Chí Minh,"3 hạng phòng · từ 992.250₫/đêm · 5b Trương Quyền, Phường Võ Thị Sáu, Quận 3, HCM, Quận 3, 72400 TP. Hồ Chí Minh, Việt Nam",4,992250,true,,https://www.booking.com/hotel/vn/pinhome.vi.html,https://cf.bstatic.com/xdata/images/hotel/max1024x768/794260703.jpg?k=9ba60990d6485146c97759fcae4f6130efcc3e7a165e3c6be87099bddc301c08&o=&hp=1,booking.com,exact,,https://www.google.com/maps/search/?api=1&query=10.786712%2C106.692395,hotel:07c9add7-c4ac-5b3d-b1c6-af691821a3e5
Rex Hotel Saigon,10.775428,106.701594,Khách sạn 5★,TP. Hồ Chí Minh,"khách sạn · từ 2.884.089₫/đêm · 141 Đại lộ Nguyễn Huệ, Quận 1, Quận 1, Hồ Chí Minh",1,2884089,true,5,https://www.agoda.com/vi-vn/rex-hotel-saigon/hotel/ho-chi-minh-city-vn.html,https://pix6.agoda.net/hotelImages/10989/-1/e81a72f0cd6e3a51bdb06194290826ef.jpg?va=1&ca=9&ce=1&s=1024x768,agoda.com,exact,,https://www.google.com/maps/search/?api=1&query=10.775428%2C106.701594,hotel:5d78e619-22e5-53f2-8e12-498e4b701b39
RuRi HG Homestay - The apartment is near the airport,10.807709,106.663141,Khách sạn 4★,TP. Hồ Chí Minh,"3 hạng phòng · từ 688.500₫/đêm · 25/4 Hậu Giang, TP. Hồ Chí Minh, Việt Nam",4,688500,true,4,https://www.booking.com/hotel/vn/ruri-hg-homestay-the-apartment-is-near-the-airport.vi.html,https://cf.bstatic.com/xdata/images/hotel/max1024x768/897289425.jpg?k=a5568fd4b864601abccf9d762c8ab477d19875508c66b77a8d99aa7da9ee3499&o=&hp=1,booking.com,exact,,https://www.google.com/maps/search/?api=1&query=10.807709%2C106.663141,hotel:4cdb5172-ef2f-5001-85f4-84522fc43fa9
Song Tú Hotel,10.775711,106.671879,Khách sạn 3★,TP. Hồ Chí Minh,"3 hạng phòng · từ 600.000₫/đêm · 23 Hoàng Dư Khương, Phường 12, Quận 10, 70000 TP. Hồ Chí Minh, Việt Nam",4,600000,true,3,https://www.booking.com/hotel/vn/song-tu.vi.html,https://cf.bstatic.com/xdata/images/hotel/max1024x768/912583748.jpg?k=ea9dc1f1efa411fcd7367ef807480ce4ab1d35a305784c784ffe6974c1a62f3e&o=&hp=1,booking.com,exact,,https://www.google.com/maps/search/?api=1&query=10.775711%2C106.671879,hotel:9cb8c209-b409-5685-9073-1e6cfb07b41e
The Myst Dong Khoi,10.774358,106.705162,Khách sạn 5★,TP. Hồ Chí Minh,"khách sạn · từ 5.477.778₫/đêm · 6-8 Đường Hồ Huấn Nghiệp, Phường Bến Nghé, Quận 1, Hồ Chí Minh",1,5477778,true,5,https://www.agoda.com/vi-vn/the-myst-dong-khoi/hotel/ho-chi-minh-city-vn.html,https://pix6.agoda.net/hotelImages/1623147/0/ef9c96fbcea624f7a68c604a3e456363.png?va=1&ce=3&s=1024x768,agoda.com,exact,,https://www.google.com/maps/search/?api=1&query=10.774358%2C106.705162,hotel:69f695bd-bccc-5baa-8a35-a3fbeaa34930
The Signature Boutique Hotel Saigon,10.776585,106.69072,Khách sạn 4★,TP. Hồ Chí Minh,"3 hạng phòng · từ 2.197.385₫/đêm · 47 - 49 Truong Dinh Street, Xuan Hoa Ward, 700000 TP. Hồ Chí Minh, Việt Nam",4,2197385,true,4,https://www.booking.com/hotel/vn/the-signature-boutique-saigon-thanh-pho-ho-chi-minh.vi.html,https://cf.bstatic.com/xdata/images/hotel/max1024x768/873871875.jpg?k=0973744363459065c3b5346f53525cd167b79852d432a633a03a03d74bb2c049&o=&hp=1,booking.com,exact,,https://www.google.com/maps/search/?api=1&query=10.776585%2C106.690720,hotel:97135f1d-01c6-5a91-849c-e4df77ecfc61
"Vinpearl Landmark 81, Autograph Collection",10.794888,106.721694,Khách sạn 5★,TP. Hồ Chí Minh,"3 hạng phòng · từ 6.300.000₫/đêm · 720A Dien Bien Phu, Thanh My Tay ward, Quận Bình Thạnh, TP. Hồ Chí Minh, Việt Nam",4,6300000,true,5,https://www.booking.com/hotel/vn/vinpearl-landmark-81-autograph-collection.vi.html,https://cf.bstatic.com/xdata/images/hotel/max1024x768/643515360.jpg?k=08ac18833281ce3e4aae6fd9bfd63382abadea5998c6b66c0d13fb22d8a4a164&o=&hp=1,booking.com,exact,,https://www.google.com/maps/search/?api=1&query=10.794888%2C106.721694,hotel:a1df5d89-0df5-5d76-b094-2790eb04b3e3
VY DA CENTRAL MARKET HOSTEL,10.772572,106.697032,Khách sạn,TP. Hồ Chí Minh,"3 hạng phòng · từ 195.000₫/đêm · 47 Phan Chu Trinh, Quận 1, TP. Hồ Chí Minh, Việt Nam",4,195000,true,,https://www.booking.com/hotel/vn/vy-da-central-market-hostel.vi.html,https://cf.bstatic.com/xdata/images/hotel/max1024x768/448949343.jpg?k=3061c9fd39cc3923a0b3b170ca5628d36125da7bc9ffc7679299e96818579c2e&o=&hp=1,booking.com,exact,,https://www.google.com/maps/search/?api=1&query=10.772572%2C106.697032,hotel:591c4a12-1ae2-522e-a827-29ae35ddb789
Vy Da Hostel (VyDa Backpacker Hostel),10.775046,106.697701,Khách sạn,TP. Hồ Chí Minh,"khách sạn · từ 293.333₫/đêm · 64 Ly Tu Trong, Phuong Ben Thanh, Quan 1, Quận 1, Hồ Chí Minh",1,293333,true,,https://www.agoda.com/vi-vn/vyda-backpacker-hostel/hotel/ho-chi-minh-city-vn.html,https://pix8.agoda.net/hotelImages/2235563/-1/438665a8cc94618dbce5d2cc860ffec7.jpg?va=1&ce=0&s=1024x768,agoda.com,exact,,https://www.google.com/maps/search/?api=1&query=10.775046%2C106.697701,hotel:bebb752b-a983-58da-b224-f6de6ed925ca
Meliá Vinpearl Thanh Hoa,19.809401,105.777482,Khách sạn 5★,Thanh Hóa,"3 hạng phòng · từ 1.069.195₫/đêm · No. 27 Tran Phu Street, Hac Thanh Ward, Thanh Hoa Province, Thanh Hóa, Việt Nam",4,1069195,true,5,https://www.booking.com/hotel/vn/vinpearl-thanh-hoa.vi.html,https://cf.bstatic.com/xdata/images/hotel/max1024x768/887701583.jpg?k=5dda9d67178f13b57c1f46f43ab3408ad4397abbf8b78210841efcdd7367063f&o=&hp=1,booking.com,exact,,https://www.google.com/maps/search/?api=1&query=19.809401%2C105.777482,hotel:53a326e3-cd41-5db4-aeda-69b71cbc3e2a
Meliá Vinpearl Tay Ninh,11.317551,106.103836,Khách sạn 5★,Tây Ninh,"3 hạng phòng · từ 1.716.026₫/đêm · No 90 Le Duan Street, Ward 3, Tay Ninh City, Tay Ninh Province, Tây Ninh, Việt Nam",4,1716026,true,5,https://www.booking.com/hotel/vn/vinpearl-tay-ninh.vi.html,https://cf.bstatic.com/xdata/images/hotel/max1024x768/902305994.jpg?k=fe8aaeb0a3d641e72adad4643ee38fb01eb9d4aa738fe68406b0e0b34c90ff92&o=&hp=1,booking.com,exact,,https://www.google.com/maps/search/?api=1&query=11.317551%2C106.103836,hotel:77a6fc00-430f-5575-85d3-5ff8c35d1eb5
1 House,11.940481,108.432915,Khách sạn 3★,Đà Lạt,"3 hạng phòng · từ 230.000₫/đêm · 53 Đường Thủ Khoa Huân, Đà Lạt, Việt Nam",4,230000,true,3,https://www.booking.com/hotel/vn/1-house.vi.html,https://cf.bstatic.com/xdata/images/hotel/max1024x768/602419876.jpg?k=2dd1d3e29c45eb514e8cca261e24ef5b5fb70388c5015f9505bd25d9878972b8&o=&hp=1,booking.com,exact,,https://www.google.com/maps/search/?api=1&query=11.940481%2C108.432915,hotel:2ba9ada8-48ef-5c87-a58c-70f374bb6946
1 House 2,11.943255,108.429922,Khách sạn,Đà Lạt,"3 hạng phòng · từ 239.000₫/đêm · 1 HOUSE CN2, 670000 Đà Lạt, Việt Nam",4,239000,true,,https://www.booking.com/hotel/vn/1-house-cn2.vi.html,https://cf.bstatic.com/xdata/images/hotel/max1024x768/891605447.jpg?k=5d3ff6a5ef2ab4aa1c83391239098a5d20f80c76ef109c4ece34cebcc037708b&o=&hp=1,booking.com,exact,,https://www.google.com/maps/search/?api=1&query=11.943255%2C108.429922,hotel:f6cc29bf-4c36-5930-a6db-6c4a02fc95c1
AuraLite Hotel - Panorama View Đà Lạt,11.945796,108.481782,Khách sạn 3★,Đà Lạt,"3 hạng phòng · từ 330.000₫/đêm · Auralite Villa 20, 670000 Đà Lạt, Việt Nam",4,330000,true,3,https://www.booking.com/hotel/vn/auralite-panorama-view-da-lat.vi.html,https://cf.bstatic.com/xdata/images/hotel/max1024x768/904387667.jpg?k=21f113de8aefea584978837a7774eeea5d0963a169fd045bfd0b79ec2fba4aa8&o=&hp=1,booking.com,exact,,https://www.google.com/maps/search/?api=1&query=11.945796%2C108.481782,hotel:a9f2a952-259f-5cf7-85b8-6244ed009f8c
Begonia Central Da Lat Hotel,11.941268,108.435778,Khách sạn 2★,Đà Lạt,"3 hạng phòng · từ 295.650₫/đêm · 4 Phan Như Thạch, 66100 Đà Lạt, Việt Nam",4,295650,true,2,https://www.booking.com/hotel/vn/begonia-central-dalat.vi.html,https://cf.bstatic.com/xdata/images/hotel/max1024x768/907432978.jpg?k=b59ee1744a1ef815c2247af2d493e4390d0c7ba8370641e72e84c6f929e8ec06&o=&hp=1,booking.com,exact,,https://www.google.com/maps/search/?api=1&query=11.941268%2C108.435778,hotel:b6ffd739-3373-5f02-8e3b-2ab859b0fe60
BIKA Farmstay and Camping,11.943169,108.473507,Khách sạn,Đà Lạt,"3 hạng phòng · từ 189.000₫/đêm · 127 Trần Thái Tông, 66000 Đà Lạt, Việt Nam",4,189000,true,,https://www.booking.com/hotel/vn/bika-farmstay-and-camping.vi.html,https://cf.bstatic.com/xdata/images/hotel/max1024x768/895914871.jpg?k=350651cfa9860d6609823e68ffd1924b59102345916514f0a9e0a1a633ad0d18&o=&hp=1,booking.com,exact,,https://www.google.com/maps/search/?api=1&query=11.943169%2C108.473507,hotel:0c05efa7-53e5-56aa-8c57-4964bef6ba5b
Căn hộ Khách sạn La Fleur Premium Central (La Fleur Premium Central Apartment Hotel),11.9368,108.439738,Khách sạn 4★,Đà Lạt,"khách sạn · từ 1.084.965₫/đêm · 5-7A Tran Phu, w.3, Dalat, Lam Dong, Vietnam, Trung tâm Thành phố Đà Lạt, Đà Lạt",1,1084965,true,4,https://www.agoda.com/vi-vn/the-la-fleur-apartment-dalat/hotel/dalat-vn.html,https://pix8.agoda.net/hotelImages/18066378/0/8a42f0866a5e6bb5d45fff1b0340fda1.jpg?va=1&ce=3&s=1024x768,agoda.com,exact,,https://www.google.com/maps/search/?api=1&query=11.936800%2C108.439738,hotel:88ea5a8f-e015-5940-9c1b-ff740b0abd73
Centro Hotel Da Lat,11.943764,108.438718,Khách sạn 2★,Đà Lạt,"3 hạng phòng · từ 370.000₫/đêm · 103A Phan Bội Châu Phường 1, Đà Lạt, Việt Nam",4,370000,true,2,https://www.booking.com/hotel/vn/centro-da-lat.vi.html,https://cf.bstatic.com/xdata/images/hotel/max1024x768/336852501.jpg?k=fa1824f993deb7ad1bff90ab7d3a243efd3e91dd3036e98efff6ac5050540e5a&o=&hp=1,booking.com,exact,,https://www.google.com/maps/search/?api=1&query=11.943764%2C108.438718,hotel:18836457-3a2b-57b5-9aaf-f1918b27ff97
Chu Mansion Đà Lạt - Chill & Grill and Pickeball (Chu Mansion Dalat - Chill & Grill and Pickeball),11.969697,108.441952,Khách sạn 3★,Đà Lạt,"khách sạn · từ 424.383₫/đêm · 231 Đường P. Đ Thi n Vương, Thung lũng Tình yêu, Đà Lạt",1,424383,true,3,https://www.agoda.com/vi-vn/chu-mansion-chill-grill-and-pickeball/hotel/dalat-vn.html,https://pix6.agoda.net/hotelImages/80006452/0/c9dd6ec6bf71b55c7b2b2e42827b6880.png?va=1&ce=3&s=1024x768,agoda.com,exact,,https://www.google.com/maps/search/?api=1&query=11.969697%2C108.441952,hotel:c7112086-4f21-54d8-8124-cfa4db772690
CICILIA Rouge Đà Lạt (CICILIA Rouge Dalat),11.930763,108.446651,Khách sạn 4★,Đà Lạt,"khách sạn · từ 748.867₫/đêm · Số 15 đường 3/4, Trung tâm Thành phố Đà Lạt, Đà Lạt",1,748867,true,4,https://www.agoda.com/vi-vn/cicilia-rouge-dalat/hotel/dalat-vn.html,https://pix8.agoda.net/hotelImages/84540017/1320485301/944d88405bce59c9cfbc1cf7c67aa5a9.jpg?va=1&ce=3&s=1024x768,agoda.com,exact,,https://www.google.com/maps/search/?api=1&query=11.930763%2C108.446651,hotel:5b031914-9fc0-5e15-971a-df226c0be9a9
Dalat Edensee Lake Resort & Spa,11.890717,108.437157,Khách sạn 5★,Đà Lạt,"khách sạn · từ 1.314.594₫/đêm · Zone VII.2, Tuyen Lam Lake, Xuan Huong Ward - Dalat city, Lam Dong, Vietnam, Hồ Tuyền Lâm, Đà Lạt",1,1314594,true,5,https://www.agoda.com/vi-vn/dalat-edensee-lake-resort-spa/hotel/dalat-vn.html,https://pix6.agoda.net/hotelImages/267272/0/b8c10657c7f3f6e8a9ed9d6120426740.jpg?va=1&ce=3&s=1024x768,agoda.com,exact,,https://www.google.com/maps/search/?api=1&query=11.890717%2C108.437157,hotel:f5ca34f5-cd60-500c-96a7-e6c9899e7bf4
De Luna House Dalat - Homestay giá rẻ,11.948795,108.43566,Khách sạn 2★,Đà Lạt,"3 hạng phòng · từ 245.640₫/đêm · 202/53 Phan Đình Phùng, Phường 2, Đà Lạt, Lâm Đồng, 670000 Đà Lạt, Việt Nam",4,245640,true,2,https://www.booking.com/hotel/vn/de-luna-house-dalat-homestay-gia-re.vi.html,https://cf.bstatic.com/xdata/images/hotel/max1024x768/685063802.jpg?k=4ef853d6dfaf006952ceaf2ada29ebf2a4b32e30215896603c42dd0276292442&o=&hp=1,booking.com,exact,,https://www.google.com/maps/search/?api=1&query=11.948795%2C108.435660,hotel:f77166e5-8cb9-590d-b01d-c75ed5ee2aa9
Eluna Lilly Da Lat Hotel,11.941287,108.433363,Khách sạn 3★,Đà Lạt,"3 hạng phòng · từ 198.000₫/đêm · 35 Đ. Thủ Khoa Huân, 670000 Đà Lạt, Việt Nam",4,198000,true,3,https://www.booking.com/hotel/vn/eluna-lilly-da-lat.vi.html,https://cf.bstatic.com/xdata/images/hotel/max1024x768/890817793.jpg?k=05f29d96d4158d916237211481675af2fcb6dfcded1e2e004b09d45b3dfeeec8&o=&hp=1,booking.com,exact,,https://www.google.com/maps/search/?api=1&query=11.941287%2C108.433363,hotel:1e034e04-47fe-5858-ba62-103d3717bd0c
HAKU Boutique Hotel Da Lat - Ly Tu Trong,11.946236,108.438374,Khách sạn,Đà Lạt,"3 hạng phòng · từ 686.140₫/đêm · 88 Đường Lý Tự Trọng, 670000 Đà Lạt, Việt Nam",4,686140,true,,https://www.booking.com/hotel/vn/haku-boutique-da-lat-ly-tu-trong-xuan-huong-da-lat2.vi.html,https://cf.bstatic.com/xdata/images/hotel/max1024x768/910442130.jpg?k=de072552d5a0fe2e9cb189a616f9b197f08226a228095e19684a5e8875e9bee0&o=&hp=1,booking.com,exact,,https://www.google.com/maps/search/?api=1&query=11.946236%2C108.438374,hotel:c1fbe1a3-8737-5cc6-8c64-ee982b3e2f1e
Happy Life Hotel DaLat,11.952391,108.441668,Khách sạn,Đà Lạt,"2 hạng phòng · từ 720.000₫/đêm · P2 Cư Xá Hoả Xa, Phường 10, Xuân Hương - Đà Lạt, Lâm Đồng, Việt Nam, 66117 Đà Lạt, Việt Nam",3,720000,true,,https://www.booking.com/hotel/vn/happy-life-dalat.vi.html,https://cf.bstatic.com/xdata/images/hotel/max1024x768/849722829.jpg?k=b197db1185818a4c63eaaf71159f0c1415626903f381b5189bdc98aaeffb4370&o=&hp=1,booking.com,exact,,https://www.google.com/maps/search/?api=1&query=11.952391%2C108.441668,hotel:ee43aec9-a715-5a97-8deb-d4084adaae7b
Hello Dalat Hostel,11.942315,108.433422,Khách sạn,Đà Lạt,"3 hạng phòng · từ 300.600₫/đêm · 33/18/2 Phan Đình Phùng, Lâm Đồng, Đà Lạt, Việt Nam",4,300600,true,,https://www.booking.com/hotel/vn/hello-dalat-hostel.vi.html,https://cf.bstatic.com/xdata/images/hotel/max1024x768/793018887.jpg?k=444d57cf90986f4f9f7cbaefb63b465a5a1781b7eded2977901062923fcd5271&o=&hp=1,booking.com,exact,,https://www.google.com/maps/search/?api=1&query=11.942315%2C108.433422,hotel:54647cee-00ab-5905-8129-47446093c5b5
"Imperial Dalat Hotel, BW Premier Collection",11.950357,108.468219,Khách sạn 5★,Đà Lạt,"3 hạng phòng · từ 1.765.964₫/đêm · 57-59, Hung Vuong Street Lam Vien - Da Lat Ward, 66000 Đà Lạt, Việt Nam",4,1765964,true,5,https://www.booking.com/hotel/vn/imperial-dalat-bw-premier-collection.vi.html,https://cf.bstatic.com/xdata/images/hotel/max1024x768/845068890.jpg?k=65dd2706610edf5d90af03c96a6aeed0467ad817c64f782d5dc5445a144b3af1&o=&hp=1,booking.com,exact,,https://www.google.com/maps/search/?api=1&query=11.950357%2C108.468219,hotel:b1a317fb-9d2b-5f88-9bd8-ccdbdcd97f14
Khách sạn Đà Lạt Palace Heritage (Dalat Palace Heritage Hotel),11.937287,108.440453,Khách sạn 5★,Đà Lạt,"khách sạn · từ 2.525.712₫/đêm · 02 Trần Phú, Trung tâm Thành phố Đà Lạt, Đà Lạt",1,2525712,true,5,https://www.agoda.com/vi-vn/dalat-palace-heritage-hotel/hotel/dalat-vn.html,https://pix6.agoda.net/hotelImages/10949/-1/15503e9cdd499475dece586d5749effe.jpg?va=1&ca=10&ce=1&s=1024x768,agoda.com,exact,,https://www.google.com/maps/search/?api=1&query=11.937287%2C108.440453,hotel:65466b8d-d547-5afe-a57a-714a476ca9fd
Khách Sạn Đồi Mây Đà Lạt,11.940759,108.434613,Khách sạn 3★,Đà Lạt,"3 hạng phòng · từ 200.000₫/đêm · 16/10 Nam Kỳ Khởi Nghĩa, Đà Lạt, Việt Nam",4,200000,true,3,https://www.booking.com/hotel/vn/khach-san-doi-may-da-lat.vi.html,https://cf.bstatic.com/xdata/images/hotel/max1024x768/876397411.jpg?k=96bd3e12698fe0ffac5627a4e51f32afcb785f4d71fa9a96ae23581d1d8f4e30&o=&hp=1,booking.com,exact,,https://www.google.com/maps/search/?api=1&query=11.940759%2C108.434613,hotel:d8abd232-472c-5c33-8f5c-21b18fab07d0
Khách sạn Du Parc Đà Lạt (Du Parc Hotel Dalat),11.936538,108.438934,Khách sạn 4★,Đà Lạt,"khách sạn · từ 1.234.344₫/đêm · 15 Trần Phú, Trung tâm Thành phố Đà Lạt, Đà Lạt",1,1234344,true,4,https://www.agoda.com/vi-vn/du-parc-hotel-dalat/hotel/dalat-vn.html,https://pix6.agoda.net/hotelImages/10950/-1/43ad668547fea9e0d10c349908f6f1f0.jpg?va=1&ca=10&ce=1&s=1024x768,agoda.com,exact,,https://www.google.com/maps/search/?api=1&query=11.936538%2C108.438934,hotel:f2d472b8-0d33-5b21-a5f2-8c95e770a8d6
Khách sạn Le Récit Boutique Đà Lạt (Le Recit Boutique Hotel de Dalat),11.947445,108.440002,Khách sạn 4★,Đà Lạt,"khách sạn · từ 861.133₫/đêm · 117 Bui Thi Xuan, Phuong 2, Trung tâm Thành phố Đà Lạt, Đà Lạt",1,861133,true,4,https://www.agoda.com/vi-vn/le-recit-boutique-hotel-de-dalat/hotel/dalat-vn.html,https://pix8.agoda.net/hotelImages/24333225/-1/113062a475bb0154ff39e81e6541fe17.jpg?va=1&ca=28&ce=0&s=1024x768,agoda.com,exact,,https://www.google.com/maps/search/?api=1&query=11.947445%2C108.440002,hotel:393d3bb6-0672-5d6c-8a67-d0893afe44a0
Khách sạn Liên's 2 Đà Lạt (Liên's 2 Hotel Đà Lạt),11.94567,108.438965,Khách sạn 2★,Đà Lạt,"khách sạn · từ 294.358₫/đêm · 72 Đường L Tự Trọng, Trung tâm Thành phố Đà Lạt, Đà Lạt",1,294358,true,2,https://www.agoda.com/vi-vn/lien-s-2-hotel-da-l-t/hotel/dalat-vn.html,https://pix8.agoda.net/hotelImages/78727952/0/89954a9c76fb10dafda03450177695a8.png?va=1&ce=3&s=1024x768,agoda.com,exact,,https://www.google.com/maps/search/?api=1&query=11.945670%2C108.438965,hotel:eebfcf3b-ddb5-52a8-884a-14480288a262
Khách sạn Mai Diamond (Mai Diamond Hotel),11.967557,108.427277,Khách sạn 3★,Đà Lạt,"khách sạn · từ 278.968₫/đêm · No. 38, Dinh Cong Trang Street, Ward 7, Thung lũng Tình yêu, Đà Lạt",1,278968,true,3,https://www.agoda.com/vi-vn/mai-diamond-hotel/hotel/dalat-vn.html,https://pix6.agoda.net/hotelImages/46867196/-1/dcba7c2c5c4e260a898cbf87eada9c30.jpg?va=1&ce=0&s=1024x768,agoda.com,exact,,https://www.google.com/maps/search/?api=1&query=11.967557%2C108.427277,hotel:cb748b90-7a61-57fe-bb9e-3fa1a9eb2954
Khách sạn Sweet Lavender - Ngay Chợ Đêm Đà Lạt (Sweet Lavender Hotel - Near Dalat Night Market),11.941669,108.431816,Khách sạn 3★,Đà Lạt,"khách sạn · từ 347.158₫/đêm · 04 Hải Thượng, Phường 1, Đà Lạt, Lâm Đồng, Trung tâm Thành phố Đà Lạt, Đà Lạt",1,347158,true,3,https://www.agoda.com/vi-vn/sweet-lavender-mini-house/hotel/dalat-vn.html,https://pix8.agoda.net/hotelImages/9746196/0/9aea0d2b7195462540221d891a97faa9.jpg?va=1&ce=3&s=1024x768,agoda.com,exact,,https://www.google.com/maps/search/?api=1&query=11.941669%2C108.431816,hotel:fab8e1b9-c182-5986-ad3e-aeb848a4b1f2
Khách sạn Tala Đà Lạt (Tala Dalat Hotel),11.93722,108.453117,Khách sạn 3★,Đà Lạt,"khách sạn · từ 350.750₫/đêm · No. 14, Khởi Nghĩa Bac Son Street, Ga Đà Lạt, Đà Lạt",1,350750,true,3,https://www.agoda.com/vi-vn/taladalat/hotel/dalat-vn.html,https://pix6.agoda.net/hotelImages/32680041/-1/3e7206a4b2268a2eadef0c1c51b47a68.jpg?va=1&ce=0&s=1024x768,agoda.com,exact,,https://www.google.com/maps/search/?api=1&query=11.937220%2C108.453117,hotel:57fdb0bd-1355-5bc9-ae09-f0e4a418739e
Khách Sạn TTC Ngọc Lan (TTC Hotel Ngoc Lan),11.940785,108.436531,Khách sạn 4.5★,Đà Lạt,"khách sạn · từ 1.287.478₫/đêm · 42 Nguyen Chi Thanh, Xuan Huong Ward, Trung tâm Thành phố Đà Lạt, Đà Lạt",1,1287478,true,4.5,https://www.agoda.com/vi-vn/ttc-hotel-premium-ngoc-lan_5/hotel/dalat-vn.html,https://pix6.agoda.net/hotelImages/179080/0/5a7a7a86e9778347b560b5e0d7a9cf82.jpg?va=1&ce=3&s=1024x768,agoda.com,exact,,https://www.google.com/maps/search/?api=1&query=11.940785%2C108.436531,hotel:96874c42-0ee0-5f93-949f-e3033f4ebacb
Khu nghỉ dưỡng và Spa Ana Mandara Villas Đà Lạt (Ana Mandara Villas Dalat Resort & Spa),11.944744,108.424286,Khách sạn 5★,Đà Lạt,"khách sạn · từ 2.387.566₫/đêm · L Lai, Phường 5, Trung tâm Thành phố Đà Lạt, Đà Lạt",1,2387566,true,5,https://www.agoda.com/vi-vn/ana-mandara-villas-dalat-resort-spa/hotel/dalat-vn.html,https://pix6.agoda.net/hotelImages/734/73497/73497_14052310330019543360.jpg?va=1&ca=2&ce=1&s=1024x768,agoda.com,exact,,https://www.google.com/maps/search/?api=1&query=11.944744%2C108.424286,hotel:6d6f19a8-a020-55b9-9053-6dc017a9474c
Kiều An Mỹ Hotel - Đà Lạt,11.941553,108.432428,Khách sạn 3★,Đà Lạt,"3 hạng phòng · từ 846.000₫/đêm · 118 Ba Tháng Hai, 66000 Đà Lạt, Việt Nam",4,846000,true,3,https://www.booking.com/hotel/vn/khach-san-kieu-an-my-xuan-huong-da-lat.vi.html,https://cf.bstatic.com/xdata/images/hotel/max1024x768/880328099.jpg?k=e73fcb1e89db3d5f8712b772f5c9016961933d3eed84c74f27cff42e9682d8f1&o=&hp=1,booking.com,exact,,https://www.google.com/maps/search/?api=1&query=11.941553%2C108.432428,hotel:6f07aab0-0def-533b-b963-98bdb1a6658c
L'amie Hotel & Studio,11.937973,108.432409,Khách sạn,Đà Lạt,"3 hạng phòng · từ 305.900₫/đêm · 38/5 Tran Phu, Ward 4, Đà Lạt, Việt Nam",4,305900,true,,https://www.booking.com/hotel/vn/l-39-amie-amp-studio.vi.html,https://cf.bstatic.com/xdata/images/hotel/max1024x768/256013128.jpg?k=f474d90b72ba48963b5ef44f805b91f5037b0d2664ba808618ad149cd590e3c3&o=&hp=1,booking.com,exact,,https://www.google.com/maps/search/?api=1&query=11.937973%2C108.432409,hotel:b6462561-8ff7-5ea1-b70c-ab8918a3d0de
Lê Vy Hotel Đà Lạt,11.93554,108.437166,Khách sạn 2★,Đà Lạt,"1 hạng phòng · từ 324.000₫/đêm · Đường Trần Phú Hẻm kế bên nhà thờ con gà, 063 Đà Lạt, Việt Nam",2,324000,true,2,https://www.booking.com/hotel/vn/le-vy-thanh-pho-da-lat.vi.html,https://cf.bstatic.com/xdata/images/hotel/max1024x768/875805712.jpg?k=4f11e9ce023d5cd0c49fb573341faace70d4cc37506d2debbc1dc0d310645677&o=&hp=1,booking.com,exact,,https://www.google.com/maps/search/?api=1&query=11.935540%2C108.437166,hotel:fe0e3ca8-3cb8-52f2-8986-db7115ad13cf
Saffron Boutique Hotel,11.96493,108.445399,Khách sạn 3★,Đà Lạt,"3 hạng phòng · từ 292.500₫/đêm · 132 Đường Vạn Hạnh, 67000 Đà Lạt, Việt Nam",4,292500,true,3,https://www.booking.com/hotel/vn/s-boutique.vi.html,https://cf.bstatic.com/xdata/images/hotel/max1024x768/898561570.jpg?k=1b14ca36911f7fdef7a135eaa65c2758097f1f477ddd1f5693f51512251cb183&o=&hp=1,booking.com,exact,,https://www.google.com/maps/search/?api=1&query=11.964930%2C108.445399,hotel:28862dc5-12a4-55b5-a184-3f551141c610
Sam Tuyền Lâm Resort (Sam Tuyen Lam Resort),11.88643,108.430576,Khách sạn 4★,Đà Lạt,"khách sạn · Zone 7 và 8, Hồ Tuyền Lâm, Đà Lạt",1,,false,4,https://www.agoda.com/vi-vn/sam-tuyen-lam-resort_2/hotel/dalat-vn.html,https://pix6.agoda.net/hotelImages/551989/-1/008f8ba5c4756cfeeae9b8ef50064af2.jpg?va=1&ca=27&ce=0&s=1024x768,agoda.com,exact,,https://www.google.com/maps/search/?api=1&query=11.886430%2C108.430576,hotel:067ee65f-76ae-50ac-aa86-c4a672039b11
Saphir Dalat Hotel,11.941887,108.434685,Khách sạn 4★,Đà Lạt,"khách sạn · từ 788.139₫/đêm · 22-24 Phan Như Thạch, Trung tâm Thành phố Đà Lạt, Đà Lạt",1,788139,true,4,https://www.agoda.com/vi-vn/saphir-dalat-hotel/hotel/dalat-vn.html,https://pix6.agoda.net/hotelImages/263080/0/1ea327ecdb3d063db238b84b7dd55922.jpg?va=1&ce=2&s=1024x768,agoda.com,exact,,https://www.google.com/maps/search/?api=1&query=11.941887%2C108.434685,hotel:5f6d74c9-4c1a-5f72-b52e-65a372f2afeb
Scenery Boutique Dalat - Lake View,11.950368,108.453775,Khách sạn 2★,Đà Lạt,"3 hạng phòng · từ 340.198₫/đêm · 9 Đường Sương Nguyệt Anh, 670000 Đà Lạt, Việt Nam",4,340198,true,2,https://www.booking.com/hotel/vn/scenery-dalat-thanh-pho-da-lat.vi.html,https://cf.bstatic.com/xdata/images/hotel/max1024x768/734084018.jpg?k=e6e604dfc737f9505cd4fe30af2d3586650c43d8f483f3f5e290f00a4e3f44e3&o=&hp=1,booking.com,exact,,https://www.google.com/maps/search/?api=1&query=11.950368%2C108.453775,hotel:ac0645f1-9127-54c1-8899-d38c147027b3
"Signature by M Village The Central Da Lat, a brand of Modern Village Lifestyle",11.941132,108.435499,Khách sạn 5★,Đà Lạt,"3 hạng phòng · từ 1.073.280₫/đêm · 11 Phan Như Thạch, 66000 Đà Lạt, Việt Nam",4,1073280,true,5,https://www.booking.com/hotel/vn/signature-by-m-village-the-central-da-lat.vi.html,https://cf.bstatic.com/xdata/images/hotel/max1024x768/903668154.jpg?k=648602acfd597eda5236bdef49d469e4f66fd44b9efe088222315982492e45fe&o=&hp=1,booking.com,exact,,https://www.google.com/maps/search/?api=1&query=11.941132%2C108.435499,hotel:2be12353-5d18-552f-a892-a9a9f83c76fa
Swiss-Belresort Tuyen Lam Dalat,11.882716,108.451581,Khách sạn 4★,Đà Lạt,"khách sạn · từ 1.089.325₫/đêm · Phan Khu Chuc năng 7-8, Khu du lịch hồ Tuyền Lam, Phường Xuan Hương - Đa Lạt, Tỉnh Lam Đồng, Hồ Tuyền Lâm, Đà Lạt",1,1089325,true,4,https://www.agoda.com/vi-vn/swiss-belresort-tuyen-lam-dalat/hotel/dalat-vn.html,https://pix6.agoda.net/hotelImages/1134714/0/11bc9a7e6532f165361718f0dfc9c6b2.png?va=1&ce=3&s=1024x768,agoda.com,exact,,https://www.google.com/maps/search/?api=1&query=11.882716%2C108.451581,hotel:bbf85228-91fa-5404-bc97-08fc4be49114
Terracotta Hotel and Resort Dalat,11.894785,108.43811,Khách sạn 4.5★,Đà Lạt,"khách sạn · từ 1.346.032₫/đêm · Ph n Khu Chức Năng 7.9, KDL Hồ Tuyền L m, P. Xu n Hương-Đ Lạt, L m Đồng, Việt Nam, Hồ Tuyền Lâm, Đà Lạt",1,1346032,true,4.5,https://www.agoda.com/vi-vn/terracotta-hotel-and-resort-dalat/hotel/dalat-vn.html,https://pix6.agoda.net/hotelImages/836781/0/20ffbed3b98f0e245659e8aae15ed813.jpg?va=1&ce=3&s=1024x768,agoda.com,exact,,https://www.google.com/maps/search/?api=1&query=11.894785%2C108.438110,hotel:f413926d-f775-5b22-9be4-74d68c307af0
Thanh Thanh Station View,11.929387,108.44338,Khách sạn 3★,Đà Lạt,"khách sạn · từ 191.610₫/đêm · 126 Đường Tô Hiến Thành, Phường 3, Trung tâm Thành phố Đà Lạt, Đà Lạt",1,191610,true,3,https://www.agoda.com/vi-vn/thanh-thanh-station-view/hotel/dalat-vn.html,https://pix8.agoda.net/hotelImages/78972371/0/0f473586072d8cb59d8ea4f925e9b05f.jpg?va=1&ce=2&s=1024x768,agoda.com,exact,,https://www.google.com/maps/search/?api=1&query=11.929387%2C108.443380,hotel:5fcbe9ec-4647-5595-a47c-26ee4cf632f0
The Luxe Hotel Da Lat,11.932524,108.445418,Khách sạn 3★,Đà Lạt,"khách sạn · từ 514.109₫/đêm · Số 17, Đường 3/4, Phường Xu n Hương, Đ Lạt, Trung tâm Thành phố Đà Lạt, Đà Lạt",1,514109,true,3,https://www.agoda.com/vi-vn/the-luxe-hotel-da-lat/hotel/dalat-vn.html,https://pix6.agoda.net/hotelImages/4942635/0/e933c051ea5b8f2fd5ce83f6fca338ea.jpg?va=1&ce=0&s=1024x768,agoda.com,exact,,https://www.google.com/maps/search/?api=1&query=11.932524%2C108.445418,hotel:315b2fb7-68b3-5493-8aed-b95736f4fe06
Together is home,11.940306,108.434105,Khách sạn 3★,Đà Lạt,"khách sạn · từ 106.023₫/đêm · 50 Đ. Thủ Khoa Huân, Phường 1, Trung tâm Thành phố Đà Lạt, Đà Lạt",1,106023,true,3,https://www.agoda.com/vi-vn/together-is-home-h86319765/hotel/dalat-vn.html,https://pix8.agoda.net/hotelImages/86319765/0/916da38885da5e377a41ad77e7b957a9.jpg?va=1&ce=3&s=1024x768,agoda.com,exact,,https://www.google.com/maps/search/?api=1&query=11.940306%2C108.434105,hotel:3d0b527b-f723-550a-a649-f8682d63533c
TTR Studio Apart' Hotel Dalat,11.943907,108.422541,Khách sạn 3★,Đà Lạt,"3 hạng phòng · từ 623.333₫/đêm · 16 Đường Nguyễn Khuyến 5, Đà Lạt, Việt Nam",4,623333,true,3,https://www.booking.com/hotel/vn/apart.vi.html,https://cf.bstatic.com/xdata/images/hotel/max1024x768/810886880.jpg?k=955d9ba237962535a3288732f3f3d999bd8cf0123b4d16be7827eb571feccdf1&o=&hp=1,booking.com,exact,,https://www.google.com/maps/search/?api=1&query=11.943907%2C108.422541,hotel:e1b57ca8-ca63-5ce9-a9e0-cb460620954d
A La Carte Da Nang Beach Hotel,16.068808,108.245125,Khách sạn 4.5★,Đà Nẵng,"khách sạn · từ 1.434.622₫/đêm · 200 Vo Nguyen Giap, An Hai Ward, Da Nang City, Vietnam 550000, Phước Mỹ, Đà Nẵng",1,1434622,true,4.5,https://www.agoda.com/vi-vn/a-la-carte-da-nang-beach-hotel/hotel/da-nang-vn.html,https://pix6.agoda.net/hotelImages/569663/0/3eaf2c7318eca3c0f6600ca62d0e534a.jpg?va=1&ce=2&s=1024x768,agoda.com,exact,,https://www.google.com/maps/search/?api=1&query=16.068808%2C108.245125,hotel:c9ff60e9-c8e1-5aa5-a29b-515093c926f3
Altara Suites Đà Nẵng by AHG (Altara Suites Danang by AHG),16.077543,108.245529,Khách sạn 5★,Đà Nẵng,"khách sạn · từ 2.259.524₫/đêm · 120 Vo Nguyen Giap Street, Phuoc My Ward, Son Tra District, Phước Mỹ, Đà Nẵng",1,2259524,true,5,https://www.agoda.com/vi-vn/altara-suites-by-ri-yaz/hotel/da-nang-vn.html,https://pix6.agoda.net/hotelImages/2662781/-1/019d58c57bf9c7c17662fe69576203a1.jpg?va=1&ca=12&ce=1&s=1024x768,agoda.com,exact,,https://www.google.com/maps/search/?api=1&query=16.077543%2C108.245529,hotel:df39f791-e7c6-5e52-b9e0-40d690c15eb9
Amanda Boutique Hotel,16.039926,108.21215,Khách sạn 3★,Đà Nẵng,"3 hạng phòng · từ 550.000₫/đêm · Lô A2-A2B, đường 30 Tháng 4 Phường Hoà Cường Bắc, Quận Hải Châu, Đà Nẵng, Đà Nẵng, Việt Nam",4,550000,true,3,https://www.booking.com/hotel/vn/amanda-da-nang.vi.html,https://cf.bstatic.com/xdata/images/hotel/max1024x768/677506420.jpg?k=687263764699d5dd9421f2b1ae5eba2848d8910f7708abdb7c0e59454471a0e9&o=&hp=1,booking.com,exact,,https://www.google.com/maps/search/?api=1&query=16.039926%2C108.212150,hotel:f2bb0f65-da11-54f4-b6d5-45e228b6abc1
BRIO Urbano Apartment,16.047419,108.242146,Khách sạn 3★,Đà Nẵng,"3 hạng phòng · từ 657.000₫/đêm · 20 An Thượng 14, 55000 Đà Nẵng, Việt Nam",4,657000,true,3,https://www.booking.com/hotel/vn/brio-urbano-apartment.vi.html,https://cf.bstatic.com/xdata/images/hotel/max1024x768/733805119.jpg?k=6b4ec3789a08ec24534f7942a7a53e050a4b06cc7906fbb8ab80474c52397e3b&o=&hp=1,booking.com,exact,,https://www.google.com/maps/search/?api=1&query=16.047419%2C108.242146,hotel:8247bab8-922f-5a6e-9def-97dbbef5074c
Căn hộ cao cấp Mường Thanh- Đà Nẵng,16.053552,108.247375,Khách sạn,Đà Nẵng,"1 hạng phòng · từ 880.000₫/đêm · 51 Đường Trần Bạch Đằng, 550000 Đà Nẵng, Việt Nam",2,880000,true,,https://www.booking.com/hotel/vn/can-ho-cao-cap-muong-thanh-da-nang-ngu-hanh-son1.vi.html,https://cf.bstatic.com/xdata/images/hotel/max1024x768/870389923.jpg?k=f5230cf21a809620b8d5d5547382b4537470b126e714464359992747ba16225e&o=&hp=1,booking.com,exact,,https://www.google.com/maps/search/?api=1&query=16.053552%2C108.247375,hotel:4e1c3cf4-54a5-55b5-9467-e5353919ab3a
Canvas Danang Beach Hotel,16.066113,108.245171,Khách sạn 4★,Đà Nẵng,"khách sạn · từ 1.183.785₫/đêm · 234 Vo Nguyen Giap Street, Phuoc My Ward, Son Tra District, Da Nang, Viet Nam, Phước Mỹ, Đà Nẵng",1,1183785,true,4,https://www.agoda.com/vi-vn/canvas-danang-beach-hotel/hotel/da-nang-vn.html,https://pix8.agoda.net/hotelImages/15949242/0/4fccec77965dc55ac5f54da4b2de8980.jpg?va=1&ce=2&s=1024x768,agoda.com,exact,,https://www.google.com/maps/search/?api=1&query=16.066113%2C108.245171,hotel:153555b2-bade-5aa8-bb1e-728b10272d50
Chani Home,16.072427,108.213071,Khách sạn,Đà Nẵng,"2 hạng phòng · từ 270.000₫/đêm · 58/16 Ông Ích Khiêm, 550000 Đà Nẵng, Việt Nam",3,270000,true,,https://www.booking.com/hotel/vn/chani-home.vi.html,https://cf.bstatic.com/xdata/images/hotel/max1024x768/681386168.jpg?k=862ff92b07e5b978246d865ebf6be4963642a9c24e1022b64da8037e81e5ceb8&o=&hp=1,booking.com,exact,,https://www.google.com/maps/search/?api=1&query=16.072427%2C108.213071,hotel:2014c069-5577-58c2-b1c1-e8bde00785ee
Cỏ Lá Homestay,16.057392,108.219706,Khách sạn,Đà Nẵng,"2 hạng phòng · từ 440.000₫/đêm · 168/20 Trưng Nữ Vương, 550000 Đà Nẵng, Việt Nam",3,440000,true,,https://www.booking.com/hotel/vn/co-la-homestay.vi.html,https://cf.bstatic.com/xdata/images/hotel/max1024x768/880151845.jpg?k=a9572918df3428931df60f75a131f63de99da292772bb4014eaf8b42a6b54168&o=&hp=1,booking.com,exact,,https://www.google.com/maps/search/?api=1&query=16.057392%2C108.219706,hotel:9cde8b86-e824-5f1c-8de2-4de27eb6b392
DAO NGOC Hotel and Apartment Da Nang,16.089916,108.24212,Khách sạn 3★,Đà Nẵng,"3 hạng phòng · từ 563.333₫/đêm · 306 Ng. Quyền, Đà Nẵng, Việt Nam",4,563333,true,3,https://www.booking.com/hotel/vn/dao-ngoc-boutique-da-nang.vi.html,https://cf.bstatic.com/xdata/images/hotel/max1024x768/916825767.jpg?k=63c50754d129967df5dbe20b543b44e9bdc90c86e2790571c615ebc19e0998aa&o=&hp=1,booking.com,exact,,https://www.google.com/maps/search/?api=1&query=16.089916%2C108.242120,hotel:3ab0113f-e42d-5089-8b4b-5e7055a3a863
Eleva Apartment,16.049212,108.241315,Khách sạn 3★,Đà Nẵng,"2 hạng phòng · từ 1.440.000₫/đêm · 50 An Thượng 17, 550000 Đà Nẵng, Việt Nam",3,1440000,true,3,https://www.booking.com/hotel/vn/eleva-apartment.vi.html,https://cf.bstatic.com/xdata/images/hotel/max1024x768/672445239.jpg?k=5088be479de7b7c7742058c6d70ed94c039d76a9a702764fadfd5d9676fd1ec4&o=&hp=1,booking.com,exact,,https://www.google.com/maps/search/?api=1&query=16.049212%2C108.241315,hotel:955ebe12-a764-5db9-a577-273746c10db1
Furama Resort Danang,16.040144,108.249839,Khách sạn 5★,Đà Nẵng,"khách sạn · từ 5.445.326₫/đêm · Số 103, Đường V Nguy n Gi p, Phường Ngũ H nh Sơn, Đ Nẵng, Hòa Hải, Đà Nẵng",1,5445326,true,5,https://www.agoda.com/vi-vn/furama-resort-danang/hotel/da-nang-vn.html,https://pix6.agoda.net/hotelImages/109/10953/10953_16030216470040397599.jpg?va=1&ca=6&ce=1&s=1024x768,agoda.com,exact,,https://www.google.com/maps/search/?api=1&query=16.040144%2C108.249839,hotel:9f9e2f02-7c74-53df-a0dd-ed600db6d2a0
Golden Lotus Grand Đà Nẵng (Golden Lotus Grand Da Nang),16.049944,108.24532,Khách sạn 4★,Đà Nẵng,"khách sạn · từ 1.156.116₫/đêm · 86 Le Quang Dao, My An ward, Ngu Hanh Son district, Danang city, Phước Mỹ, Đà Nẵng",1,1156116,true,4,https://www.agoda.com/vi-vn/golden-lotus-grand-da-nang/hotel/da-nang-vn.html,https://pix8.agoda.net/hotelImages/33985059/-1/046fb3afd075d77cb4fb7e67b930c96f.jpg?va=1&ce=0&s=1024x768,agoda.com,exact,,https://www.google.com/maps/search/?api=1&query=16.049944%2C108.245320,hotel:12829ab5-0f91-5efd-8ff6-036e4506e02a
HAIAN Beach Hotel & Spa,16.053532,108.247927,Khách sạn 4★,Đà Nẵng,"3 hạng phòng · từ 1.390.161₫/đêm · 278 Vo Nguyen Giap, Đà Nẵng, Việt Nam",4,1390161,true,4,https://www.booking.com/hotel/vn/hai-an-beach-amp-spa.vi.html,https://cf.bstatic.com/xdata/images/hotel/max1024x768/381614796.jpg?k=e321c3d77f5edc704aabc2d7c27eca79d4a4d2b95d917fcf0b2610fb4b5276bc&o=&hp=1,booking.com,exact,,https://www.google.com/maps/search/?api=1&query=16.053532%2C108.247927,hotel:df5086e5-d1a5-5c08-8bf0-e0b8188a8b84
Hilton Garden Inn Da Nang,16.080069,108.246422,Khách sạn 4★,Đà Nẵng,"3 hạng phòng · từ 1.777.545₫/đêm · 96 Vo Nguyen Giap Street, 550000 Đà Nẵng, Việt Nam",4,1777545,true,4,https://www.booking.com/hotel/vn/hilton-garden-inn-danang.vi.html,https://cf.bstatic.com/xdata/images/hotel/max1024x768/498851164.jpg?k=84c48574c49208be9366c0dbe034357f40c6c08e00666f50ade84f4ee67a5cd9&o=&hp=1,booking.com,exact,,https://www.google.com/maps/search/?api=1&query=16.080069%2C108.246422,hotel:2bc05ff2-98ec-50fe-9029-6a25e3f35218
Hyatt Regency Danang Resort and Spa,16.01329,108.263901,Khách sạn 5★,Đà Nẵng,"3 hạng phòng · từ 3.700.000₫/đêm · Hoa Hai Ward, Ngu Hanh Son, Đà Nẵng, Việt Nam",4,3700000,true,5,https://www.booking.com/hotel/vn/hyatt-regency-danang-resort-and-spa.vi.html,https://cf.bstatic.com/xdata/images/hotel/max1024x768/675791164.jpg?k=24603131717d4755971fc5480b1281dd3e43395c58d8ec2cbe1a7cfa5c43ee8d&o=&hp=1,booking.com,exact,,https://www.google.com/maps/search/?api=1&query=16.013290%2C108.263901,hotel:e213ea12-20f7-5e2a-9640-2a22281b23b6
JBAY Riverfront Boutique Hotel,16.071933,108.23214,Khách sạn,Đà Nẵng,"3 hạng phòng · từ 734.974₫/đêm · 05 Đường An Nhơn 12, 550000 Đà Nẵng, Việt Nam",4,734974,true,,https://www.booking.com/hotel/vn/jbay-luxury-boutique.vi.html,https://cf.bstatic.com/xdata/images/hotel/max1024x768/916435163.jpg?k=fba5f0eaaeb046ed093b4599600001c8098613e9aaa5a1c5e55ab4dd6094ac07&o=&hp=1,booking.com,exact,,https://www.google.com/maps/search/?api=1&query=16.071933%2C108.232140,hotel:2e7a1917-e36c-5235-8bf6-23796063b6e8
Khách sạn Dylan Đà Nẵng (Dylan Hotel Danang),16.067753,108.244339,Khách sạn 4★,Đà Nẵng,"khách sạn · từ 352.734₫/đêm · 93, 95 Ha Bong, Phước Mỹ, Đà Nẵng",1,352734,true,4,https://www.agoda.com/vi-vn/dylan-hotel-danang_2/hotel/da-nang-vn.html,https://pix6.agoda.net/hotelImages/2401246/-1/2513c37cc5b16dcd022b68de3082de91.jpg?va=1&ce=0&s=1024x768,agoda.com,exact,,https://www.google.com/maps/search/?api=1&query=16.067753%2C108.244339,hotel:73ee6b7b-9009-598e-b7d2-d346ad434d87
Khách sạn Haya Đà Nẵng (Haya Hotel Danang),16.054789,108.245504,Khách sạn 3★,Đà Nẵng,"khách sạn · từ 336.818₫/đêm · 48 Phan Liem, My An, Ngu Hanh Son, Phước Mỹ, Đà Nẵng",1,336818,true,3,https://www.agoda.com/vi-vn/haya-hotel-beach/hotel/da-nang-vn.html,https://pix8.agoda.net/hotelImages/58826821/-1/dfd15dbad9fe312f854dc8a664647bdb.png?va=1&ce=0&s=1024x768,agoda.com,exact,,https://www.google.com/maps/search/?api=1&query=16.054789%2C108.245504,hotel:b31f6375-6bb8-5eae-aa11-6cbf140fe58d
Khách sạn Kim Ngân (Kim Ngan Hotel),16.051409,108.24556,Khách sạn 3★,Đà Nẵng,"khách sạn · từ 454.338₫/đêm · 53 Đỗ Bá st , Đà Nẵng, Phước Mỹ, Đà Nẵng",1,454338,true,3,https://www.agoda.com/vi-vn/kim-ngan-hotel/hotel/da-nang-vn.html,https://pix8.agoda.net/hotelImages/87725408/0/99f5a7d2196f19f8d190db573dc2da46.jpg?va=1&ce=3&s=1024x768,agoda.com,exact,,https://www.google.com/maps/search/?api=1&query=16.051409%2C108.245560,hotel:da88daac-c8e4-5def-bb0b-f55030c23031
Khách sạn Lucia Beach (Lucia Beach Hotel),16.068731,108.243568,Khách sạn 3★,Đà Nẵng,"khách sạn · 35 D. Đình Nghệ, Phước Mỹ, Đà Nẵng",1,,false,3,https://www.agoda.com/vi-vn/lucia-hotel/hotel/da-nang-vn.html,https://pix6.agoda.net/hotelImages/47008910/-1/119b53e9a46ece6eb202847258b3a55e.jpg?va=1&ce=0&s=1024x768,agoda.com,exact,,https://www.google.com/maps/search/?api=1&query=16.068731%2C108.243568,hotel:922fa3b5-eb30-5c09-b9c1-8bd59c06065d
Khách sạn Moonlight Đà Nẵng - gần Cầu Rồng (Moonlight Hotel Da Nang - Near Dragon Bridge),16.063917,108.21977,Khách sạn 3★,Đà Nẵng,"khách sạn · từ 191.270₫/đêm · 136-138-140 Phan Châu Trinh, phường Hải Châu, thành phố Đà Nẵng, Hải Châu, Đà Nẵng",1,191270,true,3,https://www.agoda.com/vi-vn/moonlight-hotel-da-nang/hotel/da-nang-vn.html,https://pix6.agoda.net/hotelImages/533079/0/57a40cd6688db9c5b76552a6ddce8b87.png?va=1&ce=3&s=1024x768,agoda.com,exact,,https://www.google.com/maps/search/?api=1&query=16.063917%2C108.219770,hotel:a768e583-2be3-55ea-84c3-75c42d499253
Khách sạn Mường Thanh Luxury Đà Nẵng (Muong Thanh Luxury Da Nang hotel),16.053949,108.247406,Khách sạn 5★,Đà Nẵng,"khách sạn · từ 1.219.841₫/đêm · 270 V Nguy n Gi p, Phường Ngũ H nh Sơn, Th nh Phố Đ Nẵng, Phước Mỹ, Đà Nẵng",1,1219841,true,5,https://www.agoda.com/vi-vn/muong-thanh-luxury-da-nang-hotel/hotel/da-nang-vn.html,https://pix6.agoda.net/hotelImages/219/2190907/2190907_17080417080054905485.jpg?va=1&ca=6&ce=1&s=1024x768,agoda.com,exact,,https://www.google.com/maps/search/?api=1&query=16.053949%2C108.247406,hotel:a6e9e34a-5a3a-56b6-8942-5ef4acb5e50e
Khách sạn New Orient Đà Nẵng (New Orient Hotel Da Nang),16.08247,108.221397,Khách sạn 4.5★,Đà Nẵng,"khách sạn · từ 1.116.918₫/đêm · 20 Đống Đa, Hải Châu, Đà Nẵng",1,1116918,true,4.5,https://www.agoda.com/vi-vn/new-orient-hotel-da-nang/hotel/da-nang-vn.html,https://pix8.agoda.net/hotelImages/2911802/0/cdf34542c16dadcf33c0e67e04c9dde0.jpg?va=1&ce=2&s=1024x768,agoda.com,exact,,https://www.google.com/maps/search/?api=1&query=16.082470%2C108.221397,hotel:f92be952-e0dc-5c59-a427-aba30c80a178
Khách sạn Orange Trung tâm Thành phố Đà Nẵng - Gần Chợ Hàn & Cầu Rồng (Orange City Center Hotel Da Nang - Near Han Market & Dragon Brigde),16.065006,108.21949,Khách sạn 3★,Đà Nẵng,"khách sạn · từ 258.187₫/đêm · 29 Hoang Dieu, Phuoc Ninh, Hai Chau, Hải Châu, Đà Nẵng",1,258187,true,3,https://www.agoda.com/vi-vn/orange-hotel/hotel/da-nang-vn.html,https://pix8.agoda.net/hotelImages/517713/0/43c1e92b116cc983461abb7b07396306.png?va=1&ce=3&s=1024x768,agoda.com,exact,,https://www.google.com/maps/search/?api=1&query=16.065006%2C108.219490,hotel:91fb6f80-3416-563a-981b-7f5dcb1309c8
Khách sạn Sunrise Riverview (Sunrise Riverview Hotel),16.080788,108.22353,Khách sạn 4★,Đà Nẵng,"khách sạn · từ 462.037₫/đêm · 8 Bạch Đằng, Hải Châu, Đà Nẵng",1,462037,true,4,https://www.agoda.com/vi-vn/the-t26-riverside-hotel-amazing-river-view-city-center-location/hotel/da-nang-vn.html,https://pix8.agoda.net/hotelImages/92135492/0/0b789842800f84433521eec90f6247dc.png?va=1&ce=3&s=1024x768,agoda.com,exact,,https://www.google.com/maps/search/?api=1&query=16.080788%2C108.223530,hotel:c5fa9af6-2b87-5c4d-b287-3ad32e6b5b09
Khu Nghỉ Dưỡng Risemount Premier Đà Nẵng (Risemount Premier Resort Danang),16.054743,108.241753,Khách sạn 5★,Đà Nẵng,"khách sạn · từ 1.565.432₫/đêm · 120 Nguyễn Văn Thoại, Phường Ngũ H nh Sơn, Phước Mỹ, Đà Nẵng",1,1565432,true,5,https://www.agoda.com/vi-vn/risemount-resort-danang/hotel/da-nang-vn.html,https://pix6.agoda.net/hotelImages/1603126/0/854748ceaab9539f47e42e34973f00f1.jpg?va=1&ce=3&s=1024x768,agoda.com,exact,,https://www.google.com/maps/search/?api=1&query=16.054743%2C108.241753,hotel:baba8618-507f-57ee-8133-90a51c78664d
Khu nghỉ dưỡng TIA Wellness - Bao gồm spa (TIA Wellness Resort - Spa Inclusive),16.03111,108.255243,Khách sạn 5★,Đà Nẵng,"khách sạn · từ 12.603.252₫/đêm · 109 đường V Nguy n Gi p, Phường Ngũ H nh Sơn, Th nh phố Đ Nẵng, Việt Nam, Hòa Hải, Đà Nẵng",1,12603252,true,5,https://www.agoda.com/vi-vn/fusion-maia-resort-all-spa-inclusive/hotel/da-nang-vn.html,https://pix6.agoda.net/hotelImages/237529/0/c92c36c7a2be8471d79e1f5c489188f9.jpg?va=1&ce=3&s=1024x768,agoda.com,exact,,https://www.google.com/maps/search/?api=1&query=16.031110%2C108.255243,hotel:78ccdc46-cf93-59e1-9265-3a064901e4bb
La Palma Boutique Hotel Da Nang,16.073348,108.242058,Khách sạn 3★,Đà Nẵng,"3 hạng phòng · từ 780.000₫/đêm · 64 Đường Loseby, 550000 Đà Nẵng, Việt Nam",4,780000,true,3,https://www.booking.com/hotel/vn/la-palma-beach-da-nang.vi.html,https://cf.bstatic.com/xdata/images/hotel/max1024x768/865932483.jpg?k=8a93830f4b0b9a1bec0cebc2c66a9f4a421d1ccf6b6054b0fe257a05306933c7&o=&hp=1,booking.com,exact,,https://www.google.com/maps/search/?api=1&query=16.073348%2C108.242058,hotel:fa7c5163-3d21-52c4-8e77-4240391db988
Lumina Star Hotel,16.073725,108.241582,Khách sạn 3★,Đà Nẵng,"3 hạng phòng · từ 405.000₫/đêm · 53 Loseby, 550000 Đà Nẵng, Việt Nam",4,405000,true,3,https://www.booking.com/hotel/vn/lumina-star.vi.html,https://cf.bstatic.com/xdata/images/hotel/max1024x768/850371012.jpg?k=800f62b36ad45875cf35d026e153a90675a467592dbbcf9cc0af729c5e359b06&o=&hp=1,booking.com,exact,,https://www.google.com/maps/search/?api=1&query=16.073725%2C108.241582,hotel:5b07dc9d-eb20-55cc-a479-eef2cb3e1576
M Hotel Danang,16.05229,108.248164,Khách sạn 5★,Đà Nẵng,"3 hạng phòng · từ 2.901.951₫/đêm · 286 Vo Nguyen Giap, Đà Nẵng, Việt Nam",4,2901951,true,5,https://www.booking.com/hotel/vn/m-danang.vi.html,https://cf.bstatic.com/xdata/images/hotel/max1024x768/587384552.jpg?k=e067cbd12937507a499b127b6f7c5b0a4463160638ff76518b07a520aa3f1c62&o=&hp=1,booking.com,exact,,https://www.google.com/maps/search/?api=1&query=16.052290%2C108.248164,hotel:9db4fcfc-476d-5e46-9ca5-253d0b20ecda
Meliá Danang Beach Resort,15.999683,108.269735,Khách sạn 5★,Đà Nẵng,"3 hạng phòng · từ 3.704.335₫/đêm · 19 Truong Sa, Hoa Hai Ward, Ngu Hanh Son, Đà Nẵng, Việt Nam",4,3704335,true,5,https://www.booking.com/hotel/vn/melia-danang.vi.html,https://cf.bstatic.com/xdata/images/hotel/max1024x768/523527836.jpg?k=84c0fe4792795dad9bd854bba3ef92532edeb3e2c93966b24e599aa4a7b7a518&o=&hp=1,booking.com,exact,,https://www.google.com/maps/search/?api=1&query=15.999683%2C108.269735,hotel:7ead1c48-b048-548c-b3c0-672c1fda5890
Meliá Vinpearl Danang Riverfront,16.071164,108.229441,Khách sạn 5★,Đà Nẵng,"3 hạng phòng · từ 2.072.896₫/đêm · 341 Tran Hung Dao Street, An Hai Bac Ward, Son Tra Ward, Đà Nẵng, Việt Nam",4,2072896,true,5,https://www.booking.com/hotel/vn/melia-vinpearl-danang-riverfont.vi.html,https://cf.bstatic.com/xdata/images/hotel/max1024x768/893024149.jpg?k=8205d2b43744f5cf2f2af8b868cd693577639cf0e9d27a579af943af21044643&o=&hp=1,booking.com,exact,,https://www.google.com/maps/search/?api=1&query=16.071164%2C108.229441,hotel:cd8e4033-19d2-5fb1-9dea-20e003ba61ac
Mercure Danang French Village Bana Hills,15.992437,108.000326,Khách sạn 4★,Đà Nẵng,"3 hạng phòng · từ 2.982.786₫/đêm · An Son Hamlet, Hoa Ninh Commune, Hoa Vang Dist, Đà Nẵng, Việt Nam",4,2982786,true,4,https://www.booking.com/hotel/vn/french-village-ba-na-hills-mountain-resort.vi.html,https://cf.bstatic.com/xdata/images/hotel/max1024x768/875068084.jpg?k=49384355b09fcf743d653fc7913f4024bb6f048c9d05ce07b518b65af14c1b27&o=&hp=1,booking.com,exact,,https://www.google.com/maps/search/?api=1&query=15.992437%2C108.000326,hotel:e31d0ac0-dd9e-5925-93bc-64e5f5bb56aa
My Khe Ocean View Apartment,16.053552,108.246794,Khách sạn,Đà Nẵng,"1 hạng phòng · từ 1.425.000₫/đêm · 51 Đường Trần Bạch Đằng, 550000 Đà Nẵng, Việt Nam",2,1425000,true,,https://www.booking.com/hotel/vn/my-khe-seaside-apartment-stv-home.vi.html,https://cf.bstatic.com/xdata/images/hotel/max1024x768/915831873.jpg?k=07cd0c47255c21a6a2255b79bc50d0cc02ddb62b343c5769c626720775aef614&o=&hp=1,booking.com,exact,,https://www.google.com/maps/search/?api=1&query=16.053552%2C108.246794,hotel:1c0ff952-7521-5541-ae9b-8b5659b36cd8
Naman Retreat Resort,15.973105,108.284065,Khách sạn 5★,Đà Nẵng,"khách sạn · từ 3.350.970₫/đêm · Đường Trường Sa, Hòa Hải, Đà Nẵng",1,3350970,true,5,https://www.agoda.com/vi-vn/naman-retreat-resort/hotel/da-nang-vn.html,https://pix6.agoda.net/hotelImages/761550/0/c03f74cb0f3e24a1cf9dfb698126b6ae.jpg?va=1&ce=2&s=1024x768,agoda.com,exact,,https://www.google.com/maps/search/?api=1&query=15.973105%2C108.284065,hotel:6c78dffb-1b6f-5356-85fb-8f4eade27a3f
Nesta Celia Danang Hotel,16.061105,108.246172,Khách sạn 5★,Đà Nẵng,"3 hạng phòng · từ 2.348.400₫/đêm · 254 Võ Nguyên Giáp, 550000 Đà Nẵng, Việt Nam",4,2348400,true,5,https://www.booking.com/hotel/vn/nesta-celia-danang.vi.html,https://cf.bstatic.com/xdata/images/hotel/max1024x768/785706434.jpg?k=877c7f26c5051c53d1f37e8db585a44bc07530e3f32c35e9963847dd608c9b8f&o=&hp=1,booking.com,exact,,https://www.google.com/maps/search/?api=1&query=16.061105%2C108.246172,hotel:d051fa7f-f2d6-5d55-8c50-925a46caa9fa
Peninsula Hotel Danang,16.081597,108.247171,Khách sạn 5★,Đà Nẵng,"3 hạng phòng · từ 2.188.344₫/đêm · 84 Vo Nguyen Giap, Man Thai Ward, Son Tra District, Đà Nẵng, Việt Nam",4,2188344,true,5,https://www.booking.com/hotel/vn/peninsula-danang.vi.html,https://cf.bstatic.com/xdata/images/hotel/max1024x768/783362766.jpg?k=b5fd08b63399a74abd675d252653af0042c69f5d271c2a0f5d2479f328ad677a&o=&hp=1,booking.com,exact,,https://www.google.com/maps/search/?api=1&query=16.081597%2C108.247171,hotel:72cb077a-c2e4-5554-8cca-1ee32bca3e93
Phu My Hai Hotel,16.084476,108.213942,Khách sạn 2★,Đà Nẵng,"3 hạng phòng · từ 396.000₫/đêm · 79 Nguyễn Tất Thành, Đà Nẵng, Việt Nam",4,396000,true,2,https://www.booking.com/hotel/vn/phu-my-hai.vi.html,https://cf.bstatic.com/xdata/images/hotel/max1024x768/524217049.jpg?k=381dff7c9042bdc62911e2c46c18f114e8165f86cf7db87309ff2daa158dbfbf&o=&hp=1,booking.com,exact,,https://www.google.com/maps/search/?api=1&query=16.084476%2C108.213942,hotel:e5de63de-0962-53dd-9de1-5c1cea255e73
Premier Village Danang Resort,16.040974,108.251724,Khách sạn 5★,Đà Nẵng,"khách sạn · 101 Vo Nguyen Giap, Ngu Hanh Son, Hòa Hải, Đà Nẵng",1,,false,5,https://www.agoda.com/vi-vn/premier-village-danang-resort-managed-by-accor-hotels/hotel/da-nang-vn.html,https://pix6.agoda.net/hotelImages/621308/-1/ef5aeb19f0b362b252e1f7b77e1db978.jpg?va=1&ce=0&s=1024x768,agoda.com,exact,,https://www.google.com/maps/search/?api=1&query=16.040974%2C108.251724,hotel:e48dc20e-d9ff-516a-b2d8-73f65dd9b82b
Vedana Lagoon Wellness Resort & Spa,16.287516,107.859573,Khách sạn 5★,Đà Nẵng,"khách sạn · từ 2.846.615₫/đêm · 41/23 Doan Trong Truyen, thi tran Phu Loc, huyen Phu Loc, Lăng Cô, Đà Nẵng",1,2846615,true,5,https://www.agoda.com/vi-vn/vedana-lagoon-wellness-resort-spa/hotel/hue-vn.html,https://pix6.agoda.net/hotelImages/174466/0/3206e257d361ba488abb509dd151c65a.jpg?va=1&ce=3&s=1024x768,agoda.com,exact,cách tâm Đà Nẵng 45 km,https://www.google.com/maps/search/?api=1&query=16.287516%2C107.859573,hotel:91541a3b-9df4-50f1-be36-bd81b163b1ae
