name,latitude,longitude,category,destination,description,products,priceFromVnd,available,starRating,url,imageUrl,locationSource,locationPrecision,warning,googleMapsUrl,placeKey
Chùa Thiên Mụ,16.453178,107.544833,Vui chơi,Huế,"mở cửa 07:00–17:30 · Chùa Thiên Mụ. Loại hình: Thắng cảnh lịch sử. Địa chỉ: Kim Long, Huế 532761, Việt Nam. Giờ mở cửa: 07:00–17:30. Thời gian tham quan đề xuất: 1–2 tiếng đồng hồ",1,,false,,https://vn.trip.com/travel-guide/attraction/hue/thien-mu-pagoda-84581/,https://ak-d.tripcdn.com/images/0104i12000p3j3abbD741.jpg,trip.com,exact,,https://www.google.com/maps/search/?api=1&query=16.453178%2C107.544833,product:df24a0a0-cb00-5584-bc65-51eeb13cbc19
Chùa Từ Hiếu,16.438878,107.572025,Vui chơi,Huế,"mở cửa Mở cửa cả ngày · Chùa Từ Hiếu. Loại hình: Thắng cảnh lịch sử. Địa chỉ: CHP9+HVR Duong Xuan Thuong III village, Thủy Xuân, Huế, Việt Nam. Giờ mở cửa: Mở cửa cả ngày",1,,false,,https://vn.trip.com/travel-guide/attraction/hue/tu-hieu-pagoda-58312533/,https://ak-d.tripcdn.com/images/0ww0112000colcq9i92FE.jpg,trip.com,exact,,https://www.google.com/maps/search/?api=1&query=16.438878%2C107.572025,product:076a3d89-66a1-5098-8b61-18017ab52d74
Cung An Định,16.456656,107.598282,Vui chơi,Huế,"mở cửa 07:00–17:00 · Cung An Định. Loại hình: Thắng cảnh lịch sử. Địa chỉ: 179 Phan Đình Phùng, Thuận Hóa, Huế, Việt Nam. Giờ mở cửa: 07:00–17:00",1,,false,,https://vn.trip.com/travel-guide/attraction/hue/an-dinh-palace-55804020/,https://ak-d.tripcdn.com/images/0ww0112000cref2uj4860.jpg,trip.com,exact,,https://www.google.com/maps/search/?api=1&query=16.456656%2C107.598282,product:82077a1c-86bd-5efc-bb46-aa43131a8537
Đầm Lập An,16.221422,108.061563,Vui chơi,Huế,"mở cửa Mở cửa cả ngày · Đầm Lập An. Loại hình: Phong cảnh thiên nhiên. Địa chỉ: Chân Mây - Lăng Cô, Huế 49000, Việt Nam. Giờ mở cửa: Mở cửa cả ngày. Thời gian tham quan đề xuất: 1–2 tiếng đồng hồ",1,,false,,https://vn.trip.com/travel-guide/attraction/hue/lap-an-lagoon-136699028/,https://ak-d.tripcdn.com/images/0HJ7212000h0fs0f76376.jpg,trip.com,exact,,https://www.google.com/maps/search/?api=1&query=16.221422%2C108.061563,product:823df944-b568-5748-a375-f13a58e07686
Đèo Hải Vân,16.2,108.133333,Vui chơi,Huế,"mở cửa 04:00–18:00 · Đèo Hải Vân. Loại hình: Leo núi. Địa chỉ: Chân Mây - Lăng Cô, Tp. Huế, Huế, Việt Nam. Giờ mở cửa: 04:00–18:00. Thời gian tham quan đề xuất: 1–2 ngày",1,,false,,https://vn.trip.com/travel-guide/attraction/hue/hai-van-mountain-96727/,https://ak-d.tripcdn.com/images/10010z000000nvlzj7E35.jpg,trip.com,exact,cách tâm Huế 65 km,https://www.google.com/maps/search/?api=1&query=16.200000%2C108.133333,product:5bee6eea-f510-5539-8d2e-f121b101a683
Đồi Vọng Cảnh,16.427217,107.564939,Vui chơi,Huế,"mở cửa Mở cửa cả ngày · Đồi Vọng Cảnh. Địa chỉ: 102 Huyền Trân Công Chúa, Thủy Xuân, Huế, Việt Nam. Giờ mở cửa: Mở cửa cả ngày",1,,false,,https://vn.trip.com/travel-guide/attraction/hue/vong-canh-hill-50555709/,https://ak-d.tripcdn.com/images/0HJ0k12000h0356058FE1.jpg,trip.com,exact,,https://www.google.com/maps/search/?api=1&query=16.427217%2C107.564939,product:e4470476-ee38-58ed-b997-5638411e65c2
Đường đi bộ Huế,16.468639,107.595327,Vui chơi,Huế,"mở cửa 18 tháng 9 18:00–02:00 · Đường đi bộ Huế. Loại hình: Cảnh đêm. Địa chỉ: Chu Văn An/Phạm Ngũ Lão Võ Thị Sáu, Thuận Hóa, Huế 49126, Việt Nam. Giờ mở cửa: 18 tháng 9 18:00–02:00. Thời gian tham quan đề xuất: 1–3 tiếng đồng hồ",1,,false,,https://vn.trip.com/travel-guide/attraction/hue/hue-walking-street-136953053/,https://ak-d.tripcdn.com/images/0102a12000red5cjh34D2.png,trip.com,exact,,https://www.google.com/maps/search/?api=1&query=16.468639%2C107.595327,product:2caba6f7-6113-59cb-96e1-d8411b7debd4
Hải Vân Quan,16.187738,108.131294,Vui chơi,Huế,"mở cửa 07:00–17:30 · Hải Vân Quan. Loại hình: Thắng cảnh lịch sử. Địa chỉ: Chân Mây - Lăng Cô, Huế, Việt Nam. Giờ mở cửa: 07:00–17:30",1,,false,,https://vn.trip.com/travel-guide/attraction/hue/hi-vn-quan-137069029/,https://ak-d.tripcdn.com/images/0HJ4j12000gmnxlix4388.jpg,trip.com,exact,cách tâm Huế 66 km,https://www.google.com/maps/search/?api=1&query=16.187738%2C108.131294,product:00a9190f-b52f-5d5f-a769-313434d6727e
Hiếu Lăng - lăng mộ Hoàng đế Minh Mạng,16.387539,107.570247,Vui chơi,Huế,"từ 165.000₫ · mở cửa 07:30–17:00 · Đây là một trong những lăng tẩm nổi tiếng trong lịch sử Việt Nam, đồng thời cũng là một công trình kiến trúc tráng lệ. Nó được xây dựng để tưởng nhớ Minh Mạng - vị hoàng đế thứ hai của triều Nguyễn. L",1,165000,true,,https://vn.trip.com/travel-guide/attraction/hue/mausoleum-of-emperor-minh-mang-142341970/,https://ak-d.tripcdn.com/images/0101g120008jny7ub3BB5.jpg,trip.com,exact,,https://www.google.com/maps/search/?api=1&query=16.387539%2C107.570247,product:0bd5ed53-b7c6-53fd-b3af-e492f359be70
Hồ Thuỷ Tiên,16.407873,107.57859,Vui chơi,Huế,"mở cửa Mở cửa cả ngày · Hồ Thuỷ Tiên. Địa chỉ: Thủy Xuân, Huế, Việt Nam. Giờ mở cửa: Mở cửa cả ngày",1,,false,,https://vn.trip.com/travel-guide/attraction/hue/thuy-tien-lake-abandoned-water-park-61885483/,https://ak-d.tripcdn.com/images/0ww3s12000cf35sewC65B.jpg,trip.com,exact,,https://www.google.com/maps/search/?api=1&query=16.407873%2C107.578590,product:f5448636-6dfc-5ddf-a4ae-711ae8127f26
Hoàng Thành Huế,16.469527,107.577432,Vui chơi,Huế,"mở cửa 07:00–17:30 · Hoàng Thành Huế. Loại hình: Thắng cảnh lịch sử. Địa chỉ: Huế, Việt Nam. Giờ mở cửa: 07:00–17:30. Thời gian tham quan đề xuất: 3–5 tiếng đồng hồ",1,,false,,https://vn.trip.com/travel-guide/attraction/hue/hue-imperial-city-136817447/,https://ak-d.tripcdn.com/images/1me17224x8yvjbxvh7034.jpg,trip.com,exact,,https://www.google.com/maps/search/?api=1&query=16.469527%2C107.577432,product:92bb090d-75e3-5e8e-850e-7303e4714efc
Kinh thành Huế,16.47694,107.573959,Vui chơi,Huế,"từ 218.000₫ · mở cửa 06:30–18:00 · Kinh thành Huế có hình vuông, mỗi cạnh dài khoảng 2,5 km, được bao quanh bởi hào nước. Tường thành cao 8 mét và dày 20 mét, tất cả đều được xây bằng gạch. Có tổng cộng 10 cổng thành, mỗi cổng cao khoả",1,218000,true,,https://vn.trip.com/travel-guide/attraction/hue/hue-imperial-city-81459/,https://ak-d.tripcdn.com/images/100b0z000000nqpzlEC32.jpg,trip.com,exact,,https://www.google.com/maps/search/?api=1&query=16.476940%2C107.573959,product:46455cbc-d565-5de0-8e11-e4ca49681a75
Lăng Dục Ðức,16.452403,107.592814,Vui chơi,Huế,"từ 165.000₫ · mở cửa 07:30–17:00 · Lăng tẩm hoàng gia triều Nguyễn nằm ở phía nam thành Huế, bao gồm Gia Long Lăng, Minh Mạng Lăng, Thiệu Trị Lăng, Tự Đức Lăng, Kiến Phúc Lăng, Đồng Khánh Lăng và Khải Định Lăng... Hầu hết các hoàng lăn",1,165000,true,,https://vn.trip.com/travel-guide/attraction/hue/tomb-of-dc-c-20905678/,https://ak-d.tripcdn.com/images/0104e12000f6rfd5oB090.jpg,trip.com,exact,,https://www.google.com/maps/search/?api=1&query=16.452403%2C107.592814,product:017fcc50-65ec-5b70-bd41-b1ddd50ae751
Lăng Khải Định,16.398954,107.590296,Vui chơi,Huế,"từ 165.000₫ · mở cửa 07:00–17:30 · Công trình này có ngoại thất lộng lẫy và tráng lệ, được xây dựng từ những khối đá lớn và gạch kính màu sẫm. Nội thất được trang trí tinh xảo với nhiều vật liệu quý giá như gạch men, kính màu, vỏ sò và",1,165000,true,,https://vn.trip.com/travel-guide/attraction/hue/mausoleum-of-emperor-khai-dinh-136679423/,https://ak-d.tripcdn.com/images/0ww2m12000qszampf0900.jpg,trip.com,exact,,https://www.google.com/maps/search/?api=1&query=16.398954%2C107.590296,product:6d0d352c-5b1f-594d-a502-ce7e9e741a98
Lăng Tự Đức,16.433005,107.566432,Vui chơi,Huế,"từ 165.000₫ · mở cửa 07:00–17:30 · Vua Tự Đức, người giỏi thơ phú, đã chọn một nơi xứng đáng với mình, thể hiện ý nguyện cá nhân uyên bác và lãng mạn trong số các vị vua triều Nguyễn. Khi đó, để tránh nội loạn ngoại xâm, vua Tự Đức đã ",1,165000,true,,https://vn.trip.com/travel-guide/attraction/hue/mausoleum-of-emperor-tu-duc-84578/,https://ak-d.tripcdn.com/images/0100o12000f6t3lq7FFDE.jpg,trip.com,exact,,https://www.google.com/maps/search/?api=1&query=16.433005%2C107.566432,product:843749a7-f0bd-5e70-a865-2f34bbbb9160
Ngọ Môn,16.467693,107.579174,Vui chơi,Huế,"mở cửa 07:00–17:00 · Ngọ Môn. Loại hình: Thắng cảnh lịch sử. Địa chỉ: FH9H+3MF, Phú Xuân, Huế, Việt Nam. Giờ mở cửa: 07:00–17:00. Thời gian tham quan đề xuất: 15–20 phút",1,,false,,https://vn.trip.com/travel-guide/attraction/hue/meridian-gate-142915263/,https://ak-d.tripcdn.com/images/1007060000001qpnl8C81.jpg,trip.com,exact,,https://www.google.com/maps/search/?api=1&query=16.467693%2C107.579174,product:616cf4b7-9539-5798-9c74-99469d77adb4
Nhà Thờ Chính Tòa Phủ Cam,16.452563,107.587815,Vui chơi,Huế,"mở cửa Vui lòng liên hệ với điểm tham quan để xác nhận giờ mở cửa cụ thể · Nhà Thờ Chính Tòa Phủ Cam. Loại hình: Thắng cảnh lịch sử. Địa chỉ: 1 Đoàn Hữu Trưng, Thuận Hóa, Huế, Việt Nam. Giờ mở cửa: Vui lòng liên hệ với điểm tham quan để xác nhận giờ mở cửa cụ thể. Thời gian ",1,,false,,https://vn.trip.com/travel-guide/attraction/hue/phu-cam-cathedral-38738026/,https://ak-d.tripcdn.com/images/0HJ3612000h031uer82EF.jpg,trip.com,exact,,https://www.google.com/maps/search/?api=1&query=16.452563%2C107.587815,product:ac48b67f-6803-5771-9a8c-119c4a7da463
36 Phố Phường Hà Nội,21.034059,105.85015,Vui chơi,Hà Nội,"mở cửa 07:00–21:00 · 36 Phố Phường Hà Nội. Loại hình: Cảnh đêm. Địa chỉ: 2A P. Hàng Bồ, Phố cổ Hà Nội, Hoàn Kiếm, Hà Nội, Việt Nam. Giờ mở cửa: 07:00–21:00. Thời gian tham quan đề xuất: 3–5 tiếng đồng hồ",1,,false,,https://vn.trip.com/travel-guide/attraction/hanoi/36-pho-phuong-23895665/,https://ak-d.tripcdn.com/images/0100312000g25wgeo268A.jpg,trip.com,exact,,https://www.google.com/maps/search/?api=1&query=21.034059%2C105.850150,product:0b5a7308-6f3a-5d48-8492-20684978f2d4
Aquafield Ocean City,20.951601,105.975044,"Vui chơi, Combo",Hà Nội,11 vé/combo · từ 420.000₫ · vd. [FLASH SALE -30%] - Vé xông hơi Jjimjilbang tiêu chuẩn; [Combo Tâm tĩnh An nhiên] - Xông hơi Jjimjilbang chuẩn Hàn & Trị liệu Thiền chuông; [Combo Thư giãn sâu] - Xông hơi Jjimjilbang & Tẩy tế bào chết Sesin chuẩn Hàn,11,420000,true,,https://booking.vinpearl.com/vi-VND/tour/copy-aquafield-ocean-city-nu-ve-xong-hoi-jjimjilbang-tieu-chuan-vw02450,https://booking-static.vinpearl.com/tours/40fc72547fe242f8b6bbbbc428885848_065A8735_aquafield-nha-trang.jpg,osm,venue,,https://www.google.com/maps/search/?api=1&query=20.951601%2C105.975044,"venue:aquafield ocean city@20.95160,105.97504"
Đài Quan Sát LOTTE Hanoi Sky,21.032102,105.812671,Vui chơi,Hà Nội,"từ 210.000₫ · mở cửa 09:30–22:30 (Thời gian nhận khách kết thúc vào 22:00) · Khám phá Hà Nội sẽ không trọn vẹn nếu bỏ qua chuyến thăm LOTTE Hanoi Sky - đài quan sát LOTTE, nằm trên tầng 65 của tòa nhà LOTTE Center, một trong những tòa nhà cao nhất khu vực với tầm nhìn tuyệt vờ",1,210000,true,,https://vn.trip.com/travel-guide/attraction/hanoi/hanoi-sky-lotte-observation-deck-129757553/,https://ak-d.tripcdn.com/images/1lo3y12000dbenmfiB3BA.jpg,trip.com,exact,,https://www.google.com/maps/search/?api=1&query=21.032102%2C105.812671,product:68652f45-058a-5633-908e-4d84bcf3abe2
Hanoi Sightseeing Bus,21.032085,105.851915,Vui chơi,Hà Nội,"từ 150.000₫ · mở cửa 09:15–20:15 · Hà Nội là điểm đến của những danh lam thắng cảnh nổi tiếng Việt Nam và là trung tâm văn hóa, kinh tế, giáo dục và chính trị của Việt Nam; du lịch tại thành phố Hà Nội này sẽ mang đến cho bạn một bữa t",1,150000,true,,https://vn.trip.com/travel-guide/attraction/hanoi/hanoi-sightseeing-bus-97676475/,https://ak-d.tripcdn.com/images/1lo4212000rmqtv1dC186.jpg,trip.com,exact,,https://www.google.com/maps/search/?api=1&query=21.032085%2C105.851915,product:b8bc7bb1-1a3b-5bbe-a4d9-cfba48511230
Hồ Hoàn Kiếm,21.028667,105.852148,Vui chơi,Hà Nội,"mở cửa Mở cửa cả ngày · Hồ Hoàn Kiếm. Loại hình: Phong cảnh thiên nhiên, Cảnh đêm. Địa chỉ: Hoàn Kiếm, Hà Nội, Việt Nam. Giờ mở cửa: Mở cửa cả ngày. Thời gian tham quan đề xuất: 1–2 tiếng đồng hồ",1,,false,,https://vn.trip.com/travel-guide/attraction/hanoi/hoan-kiem-lake-78921/,https://ak-d.tripcdn.com/images/0105q12000etgnixc91A8.jpg,trip.com,exact,,https://www.google.com/maps/search/?api=1&query=21.028667%2C105.852148,product:e3cdb42b-a97c-500c-9d0a-ea3564b70e1d
Hồ Tây,21.053238,105.826094,Vui chơi,Hà Nội,"mở cửa Mở cửa cả ngày · Hồ Tây. Loại hình: Phong cảnh thiên nhiên, Tour đi thuyền, Cảnh đêm. Địa chỉ: Tây Hồ, Hà Nội, Việt Nam. Giờ mở cửa: Mở cửa cả ngày. Thời gian tham quan đề xuất: 1–3 tiếng đồng hồ",1,,false,,https://vn.trip.com/travel-guide/attraction/hanoi/west-lake-78974/,https://ak-d.tripcdn.com/images/0103y12000o2dhg3hE5EE.jpg,trip.com,exact,,https://www.google.com/maps/search/?api=1&query=21.053238%2C105.826094,product:dc72bc29-67ea-5e36-a1bc-2bff368468ea
Hoàng Thành Thăng Long,21.035223,105.840259,Vui chơi,Hà Nội,"mở cửa 08:00–17:00 · Tọa lạc tại Hà Nội, thủ đô của Việt Nam, trong 1.000 năm qua, nơi đây đã là một địa điểm vô cùng độc đáo nơi hội tụ các giá trị văn hóa nhân văn, nghệ thuật điêu khắc, nghệ thuật kiến trúc, công nghệ ",1,,false,,https://vn.trip.com/travel-guide/attraction/hanoi/imperial-citadel-of-thang-long-94155/,https://ak-d.tripcdn.com/images/0100412000lb0mcrw011A.jpg,trip.com,exact,,https://www.google.com/maps/search/?api=1&query=21.035223%2C105.840259,product:7b80f570-d640-590c-b8a7-ef397c2d8d89
Khu Phố Cổ Hà Nội,21.034059,105.850637,Vui chơi,Hà Nội,"mở cửa Mở cửa cả ngày · Khu Phố Cổ Hà Nội. Loại hình: Cảnh đêm. Địa chỉ: P. Hàng Ngang, Hàng Đào, Hoàn Kiếm, Hà Nội 100000, Việt Nam. Giờ mở cửa: Mở cửa cả ngày. Thời gian tham quan đề xuất: 3–5 tiếng đồng hồ",1,,false,,https://vn.trip.com/travel-guide/attraction/hanoi/hanoi-old-quarter-10521705/,https://ak-d.tripcdn.com/images/0101812000f0rhedv1C7B.jpg,trip.com,exact,,https://www.google.com/maps/search/?api=1&query=21.034059%2C105.850637,product:7861a267-5fc8-5ddc-9f47-592de0d7d49e
Lăng Chủ tịch Hồ Chí Minh,21.036897,105.834667,Vui chơi,Hà Nội,"mở cửa 08:00–11:00 (Thời gian nhận khách kết thúc vào 10:15) · Lăng Chủ tịch Hồ Chí Minh. Loại hình: Thắng cảnh lịch sử. Địa chỉ: 1 Hùng Vương, Điện Biên, Ba Đình, Hà Nội, Việt Nam. Giờ mở cửa: 08:00–11:00 (Thời gian nhận khách kết thúc vào 10:15). Thời gian tham",1,,false,,https://vn.trip.com/travel-guide/attraction/hanoi/ho-chi-minh-s-mausoleum-78968/,https://ak-d.tripcdn.com/images/100q0700000028ixuBCED.jpg,trip.com,exact,,https://www.google.com/maps/search/?api=1&query=21.036897%2C105.834667,product:a75c1f08-246c-5681-8ad7-991780fb5473
Lotte World Aquarium Hà Nội,21.075978,105.812913,Vui chơi,Hà Nội,"từ 252.000₫ · mở cửa 09:30–22:00 (Thời gian nhận khách kết thúc vào 21:00) · - Lấy cảm hứng vô tận từ sự diệu kỳ của đại dương xanh thẳm cùng những nét văn hóa đặc trưng của mảnh đất hình chữ S, Thủy cung được thiết kế mang đậm dấu ấn văn hóa dân gian Việt Nam, dựa theo những ",1,252000,true,,https://vn.trip.com/travel-guide/attraction/hanoi/lotte-world-aquarium-hanoi-140982850/,https://ak-d.tripcdn.com/images/1lo4r12000sx7pyq9132B.jpg,trip.com,exact,,https://www.google.com/maps/search/?api=1&query=21.075978%2C105.812913,product:a01082a3-5e3c-5249-a115-a8826c8f3c0a
Mega Grand World Hà Nội,20.955442,105.979967,"Vui chơi, Combo",Hà Nội,6 vé/combo · từ 50.000₫ · vd. Vé Thuyền Gondola | 2 chiều (Kèm Chụp Ảnh); Vé Thuyền Gondola | 1 chiều (Kèm Chụp Ảnh); Combo chèo thuyền Gondola (2 chiều) & Xông hơi Jjimjilbang tiêu chuẩn tại Aquafield Ocean City,6,50000,true,,https://booking.vinpearl.com/vi-VND/tour/copy-ve-thuyen-gondola-2-chieu-vw02706,https://booking-static.vinpearl.com/tours/929af91ba0db40429246beac2e9d7751_A2-4-jpeg-2640-1687438608_grandworld.jpg,osm,venue,,https://www.google.com/maps/search/?api=1&query=20.955442%2C105.979967,"venue:mega grand world ha noi@20.95544,105.97997"
Nhà Hát Múa Rối Thăng Long,21.031683,105.853347,Vui chơi,Hà Nội,"từ 122.341₫ · mở cửa 09:00–22:00 · Nhà hát Múa rối nước Thăng Long là một đoàn múa rối nổi tiếng tại Việt Nam. Đây là một loại hình biểu diễn văn học truyền thống của Việt Nam. Cách biểu diễn là dựng sân khấu trên mặt nước, các nghệ sĩ",1,122341,true,,https://vn.trip.com/travel-guide/attraction/hanoi/thang-long-water-puppet-theatre-98738/,https://ak-d.tripcdn.com/images/0104012000f6t4wpqD291.jpg,trip.com,exact,,https://www.google.com/maps/search/?api=1&query=21.031683%2C105.853347,product:af2403d3-9059-54c6-84d6-ebcc77a0de43
Nhà Thờ Lớn Hà Nội,21.028596,105.848861,Vui chơi,Hà Nội,"mở cửa 08:00–11:00, 14:00–17:00 · Nhà Thờ Lớn Hà Nội. Loại hình: Thắng cảnh lịch sử, Cảnh đêm. Địa chỉ: 1 P. Nhà Thờ, Phường, Hoàn Kiếm, Hà Nội 100000, Việt Nam. Giờ mở cửa: 08:00–11:00, 14:00–17:00. Thời gian tham quan đề xuất: 1–2 t",1,,false,,https://vn.trip.com/travel-guide/attraction/hanoi/st-joseph-cathedral-90605/,https://ak-d.tripcdn.com/images/1A0u1b000001a1jcg96FA.jpg,trip.com,exact,,https://www.google.com/maps/search/?api=1&query=21.028596%2C105.848861,product:52b74dc8-4ae0-56ea-92d1-8f646ed2a032
Phố Đường Tàu Hà Nội,21.030066,105.844128,Vui chơi,Hà Nội,"mở cửa Mở cửa cả ngày · Phố Đường Tàu Hà Nội. Loại hình: Cảnh đêm. Địa chỉ: 3 Trần Phú, Hoàn Kiếm, Hà Nội 100000, Việt Nam. Giờ mở cửa: Mở cửa cả ngày. Thời gian tham quan đề xuất: 1–2 tiếng đồng hồ",1,,false,,https://vn.trip.com/travel-guide/attraction/hanoi/hanoi-train-street-136209687/,https://ak-d.tripcdn.com/images/0104412000ma9wnh3CBB6.jpg,trip.com,exact,,https://www.google.com/maps/search/?api=1&query=21.030066%2C105.844128,product:ec7c2f6d-0a10-5d21-95b3-e9b7a42eccf4
Quảng trường Ba Đình,21.036897,105.834667,Vui chơi,Hà Nội,"mở cửa Mở cửa cả ngày · Quảng trường Ba Đình. Loại hình: Thắng cảnh lịch sử, Cảnh đêm. Địa chỉ: Hùng Vương, Ba Đình, Hà Nội 10020, Việt Nam. Giờ mở cửa: Mở cửa cả ngày. Thời gian tham quan đề xuất: 1–3 tiếng đồng hồ",1,,false,,https://vn.trip.com/travel-guide/attraction/hanoi/ba-dinh-square-78920/,https://ak-d.tripcdn.com/images/10011f000001h395wFCBC.jpg,trip.com,exact,,https://www.google.com/maps/search/?api=1&query=21.036897%2C105.834667,product:fbb5cdde-2e3e-57ba-a433-7ca13a5bc5ef
"Show ""Đất nước thiên hùng ca""",20.951816,105.974535,"Vui chơi, Combo",Hà Nội,28 vé/combo · từ 400.000₫ · vd. Vé Hạng Văn Lang & 01 Hộp Bánh Trung thu Vinpearl cao cấp; Vé Hạng Lạc Hồng & 01 Hộp Bánh Trung thu Vinpearl cao cấp; [COMBO ĐI 4 TẶNG 1] Vé Hạng Cổ Loa,28,400000,true,,https://booking.vinpearl.com/vi-VND/tour/copy-ve-hang-lac-hong-01-hop-banh-trung-thu-vinpearl-cao-cap-vw02891,https://booking-static.vinpearl.com/tours/ccc85d233ec64c1fbe47620c331ac8c5_Screenshot_2_07092024_8wonder.png,manual,venue,,https://www.google.com/maps/search/?api=1&query=20.951816%2C105.974535,"venue:show dat nuoc thien hung ca@20.95182,105.97453"
Trung tâm Múa rối nước Bông Sen,21.028566,105.85107,Vui chơi,Hà Nội,"từ 104.256₫ · mở cửa 09:00–20:00 · Nhà hát Múa rối Hoa sen tọa lạc bên bờ hồ Hoàn Kiếm. Nhà hát mới có kiến trúc đẹp mắt, kết hợp giữa phong cách Pháp và nghệ thuật truyền thống Việt Nam. Khán phòng được chia thành hai tầng với tổng cộ",1,104256,true,,https://vn.trip.com/travel-guide/attraction/hanoi/lotus-water-puppet-theater-24609102/,https://ak-d.tripcdn.com/images/0104z12000f6tz7jb4A34.jpg,trip.com,exact,,https://www.google.com/maps/search/?api=1&query=21.028566%2C105.851070,product:146c2033-4430-5059-8c80-00d58e674919
Trung tâm Triển lãm Việt Nam (VEC),21.086561,105.862794,Vui chơi,Hà Nội,"mở cửa 09:00–22:00 · Trung tâm Triển lãm Việt Nam (VEC). Địa chỉ: Trung tâm Triển lãm Việt Nam, Đường cầu Tứ Liên, Đông Anh, Hà Nội. Giờ mở cửa: 09:00–22:00",1,,false,,https://vn.trip.com/travel-guide/attraction/hanoi/vietnam-exposition-center-156686415/,https://ak-d.tripcdn.com/images/fd/tg/g1/M06/FC/24/CghzflW7H_iATdynAAA-FlXAIeA738.jpg,trip.com,exact,,https://www.google.com/maps/search/?api=1&query=21.086561%2C105.862794,product:bfc1199f-8e25-5f9a-bb90-579efcef766a
Văn Miếu – Quốc Tử Giám,21.028118,105.835669,Vui chơi,Hà Nội,"mở cửa 08:00–17:00, 18:30–22:00 · Văn Miếu – Quốc Tử Giám tại Hà Nội là một công trình kiến trúc truyền thống của quốc tịch Việt Nam từ thế kỷ 11 được bảo tồn tốt. Đồng thời là trường đại học quốc gia của đất nước, đây là điểm đến khô",1,,false,,https://vn.trip.com/travel-guide/attraction/hanoi/temple-of-literature-78922/,https://ak-d.tripcdn.com/images/0106t120008ibntmgC733.jpg,trip.com,exact,,https://www.google.com/maps/search/?api=1&query=21.028118%2C105.835669,product:5a362894-57fd-58d1-8008-df79696a0adf
VinKE & Vinpearl Aquarium Times City,20.996372,105.867893,"Combo, Vui chơi",Hà Nội,8 vé/combo · từ 100.000₫ · vd. [Times City Hà Nội] - Vé vào cửa Khu vui chơi VinKE | TẶNG Voucher Ẩm thực; [Times City Hà Nội] - Combo vé vào cửa Khu vui chơi VinKE & Voucher Quà lưu niệm 30.000 VNĐ; [Times City Hà Nội] - Combo vé vào cửa Thuỷ cung Vinpearl Aquarium & Voucher Quà lưu niệm 30.000 VNĐ,8,100000,true,,https://booking.vinpearl.com/vi-VND/tour/copy-times-city-ha-noi-ve-vao-cua-truc-tiep-khu-vui-choi-vinke-tang-kem-voucher-qua-luu-niem-vw02899,https://booking-static.vinpearl.com/tours/e7fcffc8256546e8bdcfd5ccfbe69783_VINKE2%20(1)_vinke-ve-vao-cua-truc-tiep.jpg,osm,venue,,https://www.google.com/maps/search/?api=1&query=20.996372%2C105.867893,"venue:vinke vinpearl aquarium times city@20.99637,105.86789"
VinWonders Wave Park & Water Park,20.956466,105.976548,Vui chơi,Hà Nội,12 vé/combo · từ 200.000₫ · vd. [VinWonders Wave Park] [HSSV] Vé vào cửa tiêu chuẩn Công viên Sóng + Voucher Ẩm thực 50.000 VNĐ; [VinWonders Wave Park & Water Park] [HSSV] Vé vào cửa tiêu chuẩn 2 công viên + Voucher Ẩm thực 50.000 VNĐ; [VinWonders Water Park] [HSSV] Vé vào cửa tiêu chuẩn Công viên Nước + Voucher Ẩm thực 50.000 VNĐ,12,200000,true,,https://booking.vinpearl.com/vi-VND/tour/copy-vinwonders-wave-park-ve-vao-cua-tieu-chuan-cong-vien-song-set-do-an-100000-vnd-vw02723,https://booking-static.vinpearl.com/tours/82bb335687d847098dff313381909de5_358600999_111579731994757_433244877993048710_n_vinwonders-ha-noi.jpg,manual,venue,,https://www.google.com/maps/search/?api=1&query=20.956466%2C105.976548,"venue:vinwonders wave park water park@20.95647,105.97655"
Công viên nước Hà Tĩnh,18.490221,105.890944,"Combo, Vui chơi",Hà Tĩnh,8 vé/combo · từ 30.000₫ · vd. [Công Viên Nước Hà Tĩnh] - Combo Công viên nước + Xúc xích chiên + Nước ngọt; [Công Viên Nước Hà Tĩnh] - Combo Công viên nước + Pizza rau củ/nấm/cà chua; [Công Viên Nước Hà Tĩnh] - Combo Công viên nước + Đùi gà chiên + Nước ngọt,8,30000,true,,https://booking.vinpearl.com/vi-VND/tour/copy-cong-vien-nuoc-ha-tinh-combo-cong-vien-nuoc-mu-luoi-trai-xinh-xan-vw02699,https://booking-static.vinpearl.com/tours/1f828daa3fd24d5a93e4fecddba7eb57_VINPEARL%20LAND%20PHU%20QUOC%20-%20TORNADO%20(5)_vinwonders-nam-hoi-an-ve-vao-cua.jpg,manual,venue,,https://www.google.com/maps/search/?api=1&query=18.490221%2C105.890944,"venue:cong vien nuoc ha tinh@18.49022,105.89094"
Đền Chợ Củi - Thờ Quan Hoàng Mười,18.60487,105.691334,Vui chơi,Hà Tĩnh,"mở cửa Mở cửa cả ngày · Đền Chợ Củi - Thờ Quan Hoàng Mười. Địa chỉ: JM3R+WG8, Nghi Xuân, Hà Tĩnh 45900, Việt Nam. Giờ mở cửa: Mở cửa cả ngày",1,,false,,https://vn.trip.com/travel-guide/attraction/nghi-xuan/n-ch-ci-th-quan-hong-mi-151026800/,https://ak-d.tripcdn.com/images/0HJ5h12000t8yhmmy7383.png,trip.com,exact,cách tâm Hà Tĩnh 37 km,https://www.google.com/maps/search/?api=1&query=18.604870%2C105.691334,product:176e3230-af01-524d-97d6-8b6cf2c2ff9a
Khu Lưu niệm Đại thi hào Nguyễn Du,18.664999,105.76681,Vui chơi,Hà Tĩnh,"mở cửa Mở cửa cả ngày · Khu Lưu niệm Đại thi hào Nguyễn Du. Địa chỉ: MQ78+XPV, ĐT541, Tiên Điền, Nghi Xuân, Hà Tĩnh, Việt Nam. Giờ mở cửa: Mở cửa cả ngày",1,,false,,https://vn.trip.com/travel-guide/attraction/tien-dien/memorial-of-the-great-poet-nguyn-du-142729334/,https://ak-d.tripcdn.com/images/0HJ4w12000io7y7gfA3D9.jpg,trip.com,exact,cách tâm Hà Tĩnh 39 km,https://www.google.com/maps/search/?api=1&query=18.664999%2C105.766810,product:766e59f4-938d-505a-927f-fab0797f6e36
Bãi Biển Sun World Hạ Long,20.942944,107.028616,Vui chơi,Hạ Long,"mở cửa 06:30–19:00 · Bãi Biển Sun World Hạ Long. Loại hình: Bãi biển và bờ biển. Địa chỉ: Kỳ Quan, Bãi Cháy, Quảng Ninh, Việt Nam. Giờ mở cửa: 06:30–19:00. Thời gian tham quan đề xuất: 2–3 tiếng đồng hồ",1,,false,,https://vn.trip.com/travel-guide/attraction/bai-chay/bai-chay-beach-58324566/,https://ak-d.tripcdn.com/images/0ww0412000ceu25mn94C2.jpg,trip.com,exact,,https://www.google.com/maps/search/?api=1&query=20.942944%2C107.028616,product:8fc49317-20e1-5c3e-878c-a0eba7fdefa0
Bãi biển Ti Tốp,20.85821,107.080715,Vui chơi,Hạ Long,"Bãi biển Ti Tốp. Loại hình: Bãi biển và bờ biển. Địa chỉ: Cát Hải, Hải Phòng",1,,false,,https://vn.trip.com/travel-guide/attraction/haiphong/ti-top-beach-55813428/,https://ak-d.tripcdn.com/images/0ww1g12000cncyo1bE981.jpg,trip.com,exact,,https://www.google.com/maps/search/?api=1&query=20.858210%2C107.080715,product:54f8c3cb-43d2-5243-b9c0-2e8e8f60a500
Bảo tàng Quảng Ninh,20.948708,107.097508,Vui chơi,Hạ Long,"mở cửa 08:00–17:00 · Bảo tàng Quảng Ninh. Loại hình: Bảo Tàng. Địa chỉ: Trần Quốc Nghiễn, Hồng Gai, Quảng Ninh, Việt Nam. Giờ mở cửa: 08:00–17:00. Thời gian tham quan đề xuất: 1–2 tiếng đồng hồ",1,,false,,https://vn.trip.com/travel-guide/attraction/hong-gai/quang-ninh-museum-50694109/,https://ak-d.tripcdn.com/images/0HJ2h12000h039vwyDD4B.jpg,trip.com,exact,,https://www.google.com/maps/search/?api=1&query=20.948708%2C107.097508,product:75e79eb2-632c-57d2-9765-e42615d24424
Cozy Cruise Halong Bay,20.919659,106.985348,Vui chơi,Hạ Long,"từ 1.220.000₫ · mở cửa 11:00–18:30 · Tàu du lịch Cozy Halong Bay là một con tàu sang trọng được thiết kế để khám phá vẻ đẹp tự nhiên của Vịnh Hạ Long, Việt Nam. Tàu cung cấp chỗ ở tiện nghi và dịch vụ hạng nhất, cho phép du khách đắm mìn",1,1220000,true,,https://vn.trip.com/travel-guide/attraction/tuan-chau/cozy-cruise-halong-bay-61992925/,https://ak-d.tripcdn.com/images/1lo0212000pzl1vuw93A9.jpg,trip.com,exact,,https://www.google.com/maps/search/?api=1&query=20.919659%2C106.985348,product:39d8bdca-a899-5ca1-8e12-6b7b24d67e06
Đảo Tuần Châu,20.92745,106.986038,Vui chơi,Hạ Long,"mở cửa Mở cửa cả ngày · Đảo Tuần Châu. Địa chỉ: Quảng Ninh, Việt Nam. Giờ mở cửa: Mở cửa cả ngày",1,,false,,https://vn.trip.com/travel-guide/attraction/tuan-chau/tuan-chau-island-137297029/,https://ak-d.tripcdn.com/images/0HJ6c12000ihl0z0cFE3B.jpg,trip.com,exact,,https://www.google.com/maps/search/?api=1&query=20.927450%2C106.986038,product:a7c756f4-2647-5d98-a152-ba0e960f51e4
Dolphin Halong Cruise,20.952833,107.055791,Vui chơi,Hạ Long,"từ 2.143.200₫ · mở cửa 09:30–17:45 · Định nghĩa lại chuyến du ngoạn ban ngày trên vịnh tuyệt đẹp trên tàu Dolphin, một con tàu có quy mô vô song và tiện nghi đẳng cấp thế giới, nổi bật với chương trình biểu diễn ánh sáng độc đáo và tiệc ",1,2143200,true,,https://vn.trip.com/travel-guide/attraction/bai-chay/dolphin-halong-cruise-152914799/,https://ak-d.tripcdn.com/images/1lo2b12000o1cn03mD9DA.jpg,trip.com,exact,,https://www.google.com/maps/search/?api=1&query=20.952833%2C107.055791,product:0d206841-6512-5fe1-a57b-b4463b5db68b
Halong Park (Dragon Park),20.954518,107.049643,Vui chơi,Hạ Long,"mở cửa 09:00–18:00 · Halong Park (Dragon Park). Địa chỉ: Bãi Cháy, Quảng Ninh, Việt Nam. Giờ mở cửa: 09:00–18:00. Thời gian tham quan đề xuất: 2–3 tiếng đồng hồ",1,,false,,https://vn.trip.com/travel-guide/attraction/bai-chay/halong-park-142290987/,https://ak-d.tripcdn.com/images/0HJ5s12000gfg3twe41C6.jpg,trip.com,exact,,https://www.google.com/maps/search/?api=1&query=20.954518%2C107.049643,product:316b55e9-d21d-5eb8-a5c9-ffd10abf7217
Hang Sửng Sốt,20.843979,107.091484,Vui chơi,Hạ Long,"từ 1.124.800₫ · mở cửa 07:00–17:00 · Hang Sửng Sốt là một điểm tham quan thiên nhiên nổi tiếng tại Vịnh Hạ Long, Quảng Ninh, Việt Nam. Nằm trên đảo Bồ Hòn, hang có không gian bên trong rộng rãi với những khối thạch nhũ đá vôi đặc trưng đ",1,1124800,true,,https://vn.trip.com/travel-guide/attraction/haiphong/sung-sot-cave-28376898/,https://ak-d.tripcdn.com/images/100t0j000000algf1260F.jpg,trip.com,exact,,https://www.google.com/maps/search/?api=1&query=20.843979%2C107.091484,product:9ec00795-a333-56b5-998c-120a2f307e62
Hòn Đỉnh Hương,20.914425,107.01751,Vui chơi,Hạ Long,mở cửa 07:00–18:00 · Hòn Đỉnh Hương. Địa chỉ: Cách đảo Kauai khoảng 5 km về phía đông nam từ bến tàu du lịch. Giờ mở cửa: 07:00–18:00. Thời gian tham quan đề xuất: 1–2 tiếng đồng hồ,1,,false,,https://vn.trip.com/travel-guide/attraction/tuan-chau/dinh-huong-island-28376717/,https://ak-d.tripcdn.com/images/0104w12000f6snkw4F786.jpg,trip.com,exact,,https://www.google.com/maps/search/?api=1&query=20.914425%2C107.017510,product:8059ac0c-2b60-5b7f-8121-bb19c64eeb1f
Hòn Gà Chọi,20.89052,107.026193,Vui chơi,Hạ Long,"mở cửa Mở cửa cả ngày · Hòn Gà Chọi. Loại hình: Tour đi thuyền. Địa chỉ: Hòn Gà Chọi, tp. Hạ Long, Quảng Ninh, Việt Nam. Giờ mở cửa: Mở cửa cả ngày. Thời gian tham quan đề xuất: 0.5–1 tiếng đồng hồ",1,,false,,https://vn.trip.com/travel-guide/attraction/haiphong/fighting-cock-islet-95478/,https://ak-d.tripcdn.com/images/01002120009e42ssc48FF.jpg,trip.com,exact,,https://www.google.com/maps/search/?api=1&query=20.890520%2C107.026193,product:9c0821e8-6c0d-530d-b648-72a38a86aeb4
Hòn Ti Tốp,20.859076,107.080151,Vui chơi,Hạ Long,"mở cửa Mở cửa cả ngày · Hòn Ti Tốp. Địa chỉ: Hạ Long Bay, Quảng Ninh province, Vietnam. Giờ mở cửa: Mở cửa cả ngày. Thời gian tham quan đề xuất: 3–5 tiếng đồng hồ",1,,false,,https://vn.trip.com/travel-guide/attraction/haiphong/ti-top-island-95477/,https://ak-d.tripcdn.com/images/0104u120008i7cmuj482F.jpg,trip.com,exact,,https://www.google.com/maps/search/?api=1&query=20.859076%2C107.080151,product:bf305cbf-a7b8-5e52-bc67-97639cf95fdf
IRIS CRUISE HALONG BAY,20.95162,107.059777,Vui chơi,Hạ Long,"từ 1.124.800₫ · mở cửa 08:30–17:30 · Ra mắt vào năm 2023, Iris Cruise là một trong những du thuyền ngày tầm trung mới tại Vịnh Hạ Long. Tàu có thể chứa tối đa 99 khách và cung cấp các tiện nghi hiện đại như hồ bơi jacuzzi, 2 nhà hàng, 1 ",1,1124800,true,,https://vn.trip.com/travel-guide/attraction/bai-chay/iris-cruise-halong-bay-147059356/,https://ak-d.tripcdn.com/images/1lo2p12000o15af73E491.jpg,trip.com,exact,,https://www.google.com/maps/search/?api=1&query=20.951620%2C107.059777,product:06e310e1-43c3-5b05-a34f-200ca4eb1281
Leona Halong Cruise,20.9535,107.055993,Vui chơi,Hạ Long,"từ 1.235.294₫ · mở cửa Mở cửa quanh năm, 24/7 · Chào mừng đến với Leona Cruises LEONA – “Ốc đảo” sang trọng giữa kỳ quan Hạ Long! Bạn xứng đáng có một ngày thư giãn đích thực giữa khung cảnh thiên nhiên tuyệt đẹp. Du thuyền Leona sẽ đưa bạn vào một",1,1235294,true,,https://vn.trip.com/travel-guide/attraction/bai-chay/leona-halong-cruise-152978014/,https://ak-d.tripcdn.com/images/1lo4d12000nzaj2ox50A3.jpg,trip.com,exact,,https://www.google.com/maps/search/?api=1&query=20.953500%2C107.055993,product:bf0dfe57-2c40-527d-95dc-cdb1f781b5f0
Sun Wheel Hạ Long,20.956725,107.071696,Vui chơi,Hạ Long,"mở cửa 14:00–20:00 · Sun Wheel Hạ Long. Loại hình: Cảnh đêm. Địa chỉ: Yết Kiêu, Hồng Gai, Quảng Ninh, Việt Nam. Giờ mở cửa: 14:00–20:00. Thời gian tham quan đề xuất: 30–40 phút",1,,false,,https://vn.trip.com/travel-guide/attraction/hong-gai/sun-wheel-142857694/,https://ak-d.tripcdn.com/images/0HJ6x12000j55cgugA027.jpg,trip.com,exact,,https://www.google.com/maps/search/?api=1&query=20.956725%2C107.071696,product:47d5fc4d-61e7-51eb-aef5-32e10e24ce95
Sun World Hạ Long,20.955555,107.049099,Vui chơi,Hạ Long,"từ 50.000₫ · mở cửa 14:00–20:00 · Sun World Hạ Long – Đỉnh cao của vui chơi, phấn khích và niềm vui bất tận!  Với tổng diện tích 214ha, Sun World Hạ Long là tổ hợp vui chơi, giải trí đẳng cấp quốc tế bao gồm 2 khu vực chính: Khu vui c",1,50000,true,,https://vn.trip.com/travel-guide/attraction/bai-chay/sun-world-halong-complex-32862148/,https://ak-d.tripcdn.com/images/0103q120009it0ngiD1BB.jpg,trip.com,exact,,https://www.google.com/maps/search/?api=1&query=20.955555%2C107.049099,product:f9272e58-a26b-5926-ab4c-38879c02ece5
Vịnh Hạ Long,20.944744,107.172454,Vui chơi,Hạ Long,"mở cửa Mở cửa quanh năm, 24/7 · • Một danh lam thắng cảnh nổi tiếng của Việt Nam đã được đưa vào Danh sách Di sản thiên nhiên thế giới • Hơn 2.000 khối đá đa dạng mọc lên từ mặt nước biển tĩnh lặng • Đi thuyền tham quan và tận hưởng",1,,false,,https://vn.trip.com/travel-guide/attraction/ha-tu/ha-long-bay-81458/,https://ak-d.tripcdn.com/images/0101i120008iiuc8yB59E.jpg,trip.com,exact,,https://www.google.com/maps/search/?api=1&query=20.944744%2C107.172454,product:8c935f2b-2bc7-5f3c-9fa9-5a8e7438597d
Cáp Treo Cát Bà,20.812624,106.886446,Vui chơi,Hải Phòng,"từ 70.000₫ · mở cửa 08:30–08:45, 09:30–09:45, 10:30–10:45, 11:30–11:45, 13:30–13:45, 14:30–14:45, 15:30–15:45 · Cáp Treo Cát Bà tại Hải Phòng. Loại hình: Cáp treo. Giờ mở cửa: 08:30–08:45, 09:30–09:45, 10:30–10:45, 11:30–11:45, 13:30–13:45, 14:30–14:45, 15:30–15:45. Địa chỉ: Thôn Chấn, Đồng Bài, Cát Hải, Hải Ph",1,70000,true,,https://vn.trip.com/travel-guide/attraction/haiphong/sun-world-cat-ba-cable-car-130542268/,https://ak-d.tripcdn.com/images/0105v120009j79uh24E62.jpg,trip.com,exact,,https://www.google.com/maps/search/?api=1&query=20.812624%2C106.886446,product:82981b29-9490-51c3-aae2-e4eaa61ca0c5
Cat Ba Eco Tourist,20.726995,107.044319,Vui chơi,Hải Phòng,"mở cửa Mở cửa cả ngày · Cat Ba Eco Tourist. Địa chỉ: 143 Tùng Dinh, Cát Hải, Hải Phòng 05406, Việt Nam. Giờ mở cửa: Mở cửa cả ngày",1,,false,,https://vn.trip.com/travel-guide/attraction/haiphong/cat-ba-eco-tourist-151501916/,https://ak-d.tripcdn.com/images/0HJ1z12000t8xk851903E.jpg,trip.com,exact,,https://www.google.com/maps/search/?api=1&query=20.726995%2C107.044319,product:8cf0822e-e242-5f60-a708-b359a900cc84
Đền Kiếp Bạc,21.151181,106.327697,Vui chơi,Hải Phòng,"mở cửa Vui lòng liên hệ với điểm tham quan để xác nhận giờ mở cửa cụ thể · Đền Kiếp Bạc. Địa chỉ: Côn Sơn-Kiếp Bạc, Trần Hưng Đạo, Hải Phòng 170000, Việt Nam. Giờ mở cửa: Vui lòng liên hệ với điểm tham quan để xác nhận giờ mở cửa cụ thể",1,,false,,https://vn.trip.com/travel-guide/attraction/haiphong/kiep-bac-temple-144400586/,https://ak-d.tripcdn.com/images/0HJ6812000iq3ldu13A5E.jpg,trip.com,exact,,https://www.google.com/maps/search/?api=1&query=21.151181%2C106.327697,product:4426c3df-5776-5410-a105-fcb933f31c1f
Đền Quan Lớn Tuần Tranh,20.734771,106.395009,Vui chơi,Hải Phòng,"mở cửa Mở cửa cả ngày · Đền Quan Lớn Tuần Tranh. Địa chỉ: QL37, Ninh Giang, Hải Phòng 170000, Việt Nam. Giờ mở cửa: Mở cửa cả ngày",1,,false,,https://vn.trip.com/travel-guide/attraction/haiphong/n-quan-tun-tranh-142321196/,https://ak-d.tripcdn.com/images/0HJ5u12000gis4p97AD51.jpg,trip.com,exact,,https://www.google.com/maps/search/?api=1&query=20.734771%2C106.395009,product:bc019efa-6bbb-5023-ba43-94c26ff308a7
Di Tích Bạch Đằng Giang,20.966276,106.759059,Vui chơi,Hải Phòng,"mở cửa 06:00–18:00 · Di Tích Bạch Đằng Giang. Địa chỉ: Trần Hưng Đạo, Bạch Đằng, Hải Phòng, Việt Nam. Giờ mở cửa: 06:00–18:00",1,,false,,https://vn.trip.com/travel-guide/attraction/haiphong/di-tch-bch-ng-giang-146784601/,https://ak-d.tripcdn.com/images/0HJ3i12000gidnpd7AE30.jpg,trip.com,exact,,https://www.google.com/maps/search/?api=1&query=20.966276%2C106.759059,product:2d846ae0-59b3-5b26-8f47-78e98dc237fc
Hải Đăng Plaza,20.862729,106.692512,Vui chơi,Hải Phòng,"mở cửa 06:00–00:00 · Hải Đăng Plaza. Địa chỉ: 19 P. Trần Khánh Dư, Phường, Ngô Quyền, Hải Phòng 180000, Việt Nam. Giờ mở cửa: 06:00–00:00",1,,false,,https://vn.trip.com/travel-guide/attraction/haiphong/haidang-plaza-147267718/,https://ak-d.tripcdn.com/images/0HJ3n12000iw2cly28C43.jpg,trip.com,exact,,https://www.google.com/maps/search/?api=1&query=20.862729%2C106.692512,product:0a8da61a-5710-5d13-b4b9-91426a40a86b
Halong Bay Cruises,20.853363,106.981571,Vui chơi,Hải Phòng,"mở cửa 07:00–17:00 · Halong Bay Cruises. Loại hình: Phong cảnh thiên nhiên. Địa chỉ: Đường xuyên đảo Cát Bà, Cát Hải, Hải Phòng, Việt Nam. Giờ mở cửa: 07:00–17:00. Thời gian tham quan đề xuất: 1–2 tiếng đồng hồ",1,,false,,https://vn.trip.com/travel-guide/attraction/haiphong/trung-trang-cave-55838986/,https://ak-d.tripcdn.com/images/0ww3e12000amk8rur03A0.jpg,trip.com,exact,,https://www.google.com/maps/search/?api=1&query=20.853363%2C106.981571,product:9f270b43-cffb-53cc-b5a5-2e61664cb63b
Hang Đầu Gỗ,20.911157,107.018659,Vui chơi,Hải Phòng,"mở cửa Mở cửa cả ngày · Hang Đầu Gỗ. Địa chỉ: Cát Hải, Hải Phòng. Giờ mở cửa: Mở cửa cả ngày. Thời gian tham quan đề xuất: 1 tiếng đồng hồ",1,,false,,https://vn.trip.com/travel-guide/attraction/haiphong/dau-go-cave-137221038/,https://ak-d.tripcdn.com/images/0ww2t12000colv5ejC22C.jpg,trip.com,exact,,https://www.google.com/maps/search/?api=1&query=20.911157%2C107.018659,product:52bb014e-6d75-5517-9543-febf9a157ef3
Học viện cưỡi ngựa Vinpearl Vũ Yên,20.873214,106.746369,Vui chơi,Hải Phòng,8 vé/combo · từ 100.000₫ · vd. [Vinpearl Horse Academy] [-40%] - Học thử cưỡi ngựa (nhóm từ 03 người); [Vinpearl Horse Academy] - Thuê đồ bảo hộ (học cưỡi ngựa); [Vinpearl Horse Academy] - Chụp ảnh với Ngựa lai/ Pony (01 tiếng),8,100000,true,,https://booking.vinpearl.com/vi-VND/tour/copy-hoc-thu-cuoi-ngua-cho-nguoi-lon-vw01212,https://booking-static.vinpearl.com/tours/f3d630429134473d856420855541c741_7_hoc-vien-ngua-vu-yen.jpg,osm,venue,,https://www.google.com/maps/search/?api=1&query=20.873214%2C106.746369,"venue:hoc vien cuoi ngua vinpearl vu yen@20.87321,106.74637"
Nhà hát Thành phố Hải Phòng,20.857311,106.681815,Vui chơi,Hải Phòng,"mở cửa Vui lòng liên hệ với điểm tham quan để xác nhận giờ mở cửa cụ thể · Nhà hát Thành phố Hải Phòng. Địa chỉ: 28 P. Trần Hưng Đạo, Hồng Bàng, Hải Phòng, Việt Nam. Giờ mở cửa: Vui lòng liên hệ với điểm tham quan để xác nhận giờ mở cửa cụ thể",1,,false,,https://vn.trip.com/travel-guide/attraction/haiphong/haiphong-opera-house-147191023/,https://ak-d.tripcdn.com/images/0HJ5y12000j7i0txe9505.jpg,trip.com,exact,,https://www.google.com/maps/search/?api=1&query=20.857311%2C106.681815,product:23ec8cd7-de65-5e9b-aaf2-c138a0f415ae
Quần đảo Cát Bà,20.8,106.999722,Vui chơi,Hải Phòng,"mở cửa 08:00–17:00 · Quần đảo Cát Bà. Loại hình: Tour đi thuyền. Địa chỉ: Cát Hải, Hải Phòng, Việt Nam. Giờ mở cửa: 08:00–17:00. Thời gian tham quan đề xuất: 1–2 ngày",1,,false,,https://vn.trip.com/travel-guide/attraction/haiphong/cat-ba-island-80751/,https://ak-d.tripcdn.com/images/0HJ5x12000h003n1rEEAC.jpg,trip.com,exact,,https://www.google.com/maps/search/?api=1&query=20.800000%2C106.999722,product:973f1f04-6e0f-5380-a7b9-46718793a73d
sông Bắc Hưng Hải,20.87519,106.242836,Vui chơi,Hải Phòng,mở cửa Vui lòng liên hệ với điểm tham quan để xác nhận giờ mở cửa cụ thể · sông Bắc Hưng Hải. Địa chỉ: Việt Nam. Giờ mở cửa: Vui lòng liên hệ với điểm tham quan để xác nhận giờ mở cửa cụ thể,1,,false,,https://vn.trip.com/travel-guide/attraction/haiphong/sng-bc-hng-hi-150865296/,https://ak-d.tripcdn.com/images/fd/tg/g1/M06/FC/24/CghzflW7H_iATdynAAA-FlXAIeA738.jpg,trip.com,exact,,https://www.google.com/maps/search/?api=1&query=20.875190%2C106.242836,product:2785db48-2e12-5aef-883e-0dc5e52fc62c
Timezone Aeon Mall Hải Phòng Le Chan,20.832266,106.682405,Vui chơi,Hải Phòng,"mở cửa 10:00–22:00 · Timezone Aeon Mall Hải Phòng Le Chan. Địa chỉ: Aeon Mall, 10 Võ Nguyên Giáp, An Biên, Hải Phòng 180000, Việt Nam. Giờ mở cửa: 10:00–22:00",1,,false,,https://vn.trip.com/travel-guide/attraction/haiphong/timezone-aeon-mall-hi-phng-le-chan-149736329/,https://ak-d.tripcdn.com/images/0HJ1d12000t8zoh972E24.jpg,trip.com,exact,,https://www.google.com/maps/search/?api=1&query=20.832266%2C106.682405,product:bf29fed2-bd30-55a3-a625-e2cc1a746d2f
Vinpearl Golf Hải Phòng,20.870558,106.733208,Golf,Hải Phòng,"từ 1.700.000₫ · [Vinpearl Golf Hải Phòng] - Voucher ưu đãi lên đến 50%  ĐẢO GOLF TRONG LÒNG PHỐ CẢNG Toạ lạc trên đảo Vũ Yên, cách trung tâm thành phố 15 phút di chuyển bằng ô tô, Vinpearl Golf Hải Phòng mang đến nhữ",1,1700000,true,,https://booking.vinpearl.com/vi-VND/tour/copy-hai-phong-voucher-golf-up-to-50-gn02538,https://booking-static.vinpearl.com/tours/0cc70476e21e4c4f98408cb95b885700_VPGHP_lifestyle_4_VinpearlGolf.jpg,osm,venue,,https://www.google.com/maps/search/?api=1&query=20.870558%2C106.733208,"venue:vinpearl golf hai phong@20.87056,106.73321"
VinWonders Vũ Yên,20.870566,106.749287,"Combo, Vui chơi",Hải Phòng,12 vé/combo · từ 200.000₫ · mở cửa 09:00–17:00 · vd. [VinWonders Vũ Yên] - Combo 03 khu: Vườn Thú + Trò Chơi + Công Viên Nước; [VinWonders Vũ Yên] - Combo Tiêu Chuẩn: Vườn Thú + Khu Trò Chơi; [VinWonders Vũ Yên] - Combo 03 Khu: Vườn Thú + Trò Chơi + Công Viên Nước + GoKart,12,200000,true,,https://booking.vinpearl.com/vi-VND/tour/copy-vinwonders-vu-yen-combo-03-khu-vuon-thu-khu-tro-choi-cong-vien-nuoc-vw02850,https://booking-static.vinpearl.com/tours/18101f7080b04153b76aa78f174dec01_606897777_122168230460763160_4446014656170640742_n_vinwonders-vu-yen-vuon-thu-khu-tro-choi-cong-vien-nuoc.jpg,trip.com,venue,,https://www.google.com/maps/search/?api=1&query=20.870566%2C106.749287,"venue:vinwonders vu yen@20.87057,106.74929"
Vườn Quốc gia Cát Bà,20.793506,106.990064,Vui chơi,Hải Phòng,"mở cửa 07:00–17:00 · Vườn Quốc gia Cát Bà. Loại hình: Phong cảnh thiên nhiên. Địa chỉ: Cát Hải, Hải Phòng 05418, Việt Nam. Giờ mở cửa: 07:00–17:00. Thời gian tham quan đề xuất: 1–2 tiếng đồng hồ",1,,false,,https://vn.trip.com/travel-guide/attraction/haiphong/cat-ba-national-park-98748/,https://ak-d.tripcdn.com/images/100d1f000001gor5f3584.jpg,trip.com,exact,,https://www.google.com/maps/search/?api=1&query=20.793506%2C106.990064,product:0b141254-0c8f-526d-9af5-e31e3b99ff34
Đảo Ký ức Hội An,15.87499,108.338729,Vui chơi,Hội An,"từ 540.000₫ · mở cửa 16:00–22:00 · CHƯƠNG TRÌNH BIỂU DIỄN NGHỆ THUẬT THỰC CẢNH - KÝ ỨC HỘI AN đưa du khách vào chuyến hành trình xuyên không, từ thuở khai sinh ra Hội An đến thời kỳ vàng son của thương cảng Faifo sầm uất, tái hiện dòng",1,540000,true,,https://vn.trip.com/travel-guide/attraction/da-nang/hoi-an-memories-land-55836519/,https://ak-d.tripcdn.com/images/0105412000maat6a6DA59.jpg,trip.com,exact,,https://www.google.com/maps/search/?api=1&query=15.874990%2C108.338729,product:42f79f2b-9afa-5bfc-b075-9f53b0dd48db
Hacoconut Coconut Basket Boat,15.876421,108.37357,Vui chơi,Hội An,mở cửa 07:30–18:00 · Hãy thoát khỏi những con phố nhộn nhịp của Hội An và dành một ngày hòa mình với thiên nhiên! Làng Cẩm Thanh được coi là lá phổi xanh của Hội An nhờ những hàng dừa xanh mướt. Địa điểm quyến rũ này thườ,1,,false,,https://vn.trip.com/travel-guide/attraction/da-nang/hacoconut-coconut-basket-boat-134100373/,https://ak-d.tripcdn.com/images/0100312000kv8wynb3181.jpg,trip.com,exact,,https://www.google.com/maps/search/?api=1&query=15.876421%2C108.373570,product:6d58c14e-3952-5c1a-a801-88e4384e203d
Hạnh Coconut Basket Boat,15.873375,108.375223,Vui chơi,Hội An,"từ 85.000₫ · mở cửa 07:30–18:00 · Làng Cẩm Thanh được coi là lá phổi xanh của Hội An nhờ vào rừng dừa rộng lớn. Địa điểm đầy quyến rũ này thường được so sánh với vùng đồng bằng sông Cửu Long nổi tiếng, nhưng ở đây bạn sẽ được trải ngh",1,85000,true,,https://vn.trip.com/travel-guide/attraction/da-nang/hnh-coconut-basket-boat-137069524/,https://ak-d.tripcdn.com/images/0104312000rhhpuw0A5EA.jpg,trip.com,exact,,https://www.google.com/maps/search/?api=1&query=15.873375%2C108.375223,product:f5f2d593-5a9d-59e7-8ca6-d6632bf796c8
Ký Ức Hội An,15.874989,108.338728,Vui chơi,Hội An,"từ 540.000₫ · mở cửa 20:00–21:00 · Chương trình biểu diễn nghệ thuật thực cảnh - KÝ ỨC HỘI AN Nằm bên dòng sông Hoài thơ mộng, Đảo Ký Ức Hội An là quần thể du lịch – nghỉ dưỡng – văn hóa gắn liền với phố cổ Hội An, tiên phong trong xu ",1,540000,true,,https://vn.trip.com/travel-guide/attraction/da-nang/hoi-an-memories-show-50714614/,https://ak-d.tripcdn.com/images/0104x120009mjd2b7278A.jpg,trip.com,exact,,https://www.google.com/maps/search/?api=1&query=15.874989%2C108.338728,product:ff3bdf31-55a7-5cd4-a64d-01a428b05fef
Mỹ Sơn,15.768782,108.119315,Vui chơi,Hội An,"từ 163.000₫ · mở cửa 06:00–17:00 · Khu di tích Mỹ Sơn nằm cách Hội An hơn 40 km về phía tây. Đây là khu tôn giáo lớn nhất của vương quốc Chăm Pa cổ đại tại Việt Nam, được mệnh danh là ""Angkor Wat của Việt Nam"". Người Chăm đã xây dựng c",1,163000,true,,https://vn.trip.com/travel-guide/attraction/da-nang/my-son-sanctuary-84706/,https://ak-d.tripcdn.com/images/100h0z000000mw5y30E3B.jpg,trip.com,exact,,https://www.google.com/maps/search/?api=1&query=15.768782%2C108.119315,product:7692a431-6bdf-5cd8-af46-4e8d7a2f5761
Phố cổ Hội An,15.87727,108.329708,Vui chơi,Hội An,"từ 120.000₫ · mở cửa Mở cửa quanh năm, 24/7 · Phố cổ Hội An là một thương cảng truyền thống được bảo tồn tốt ở Đông Nam Á. Có những con phố hoàn chỉnh có người Hoa sinh sống trong thành phố cổ. Hội quán Phúc Kiến, Hội quán Quảng Châu, Hội quán Tr",1,120000,true,,https://vn.trip.com/travel-guide/attraction/da-nang/hoi-an-old-town-84669/,https://ak-d.tripcdn.com/images/100i0x000000lf46pEB79.jpg,trip.com,exact,,https://www.google.com/maps/search/?api=1&query=15.877270%2C108.329708,product:bf223970-35da-5e67-ad6b-ae0cfe851858
Vinpearl Golf Nam Hội An,15.794018,108.412279,Golf,Hội An,"từ 1.700.000₫ · [Vinpearl Golf Nam Hội An] - Voucher 01 vòng golf chỉ từ 2.100.000  TUYỆT TÁC SÂN GOLF GIỮA MIỀN DI SẢN Nằm trong quần thể di sản văn hóa hấp dẫn bậc nhất Việt Nam, Vinpearl Golf Nam Hội An ấn tượng v",1,1700000,true,,https://booking.vinpearl.com/vi-VND/tour/copy-vinpearl-golf-nam-hoi-an-voucher-01-vong-golf-chi-tu-1700000-gn02681,https://booking-static.vinpearl.com/tours/7e05bee3dc1d4264ad7f844581f44c71_Screenshot_5_VinpearlGolf.png,osm,venue,,https://www.google.com/maps/search/?api=1&query=15.794018%2C108.412279,"venue:vinpearl golf nam hoi an@15.79402,108.41228"
VinWonders Nam Hội An,15.785995,108.407642,"Vui chơi, Combo",Hội An,25 vé/combo · từ 130.000₫ · mở cửa 09:00–18:00 · vd. [Wonder Ngon] Vé VinWonders Nam Hội An & Xe Buggy & Voucher ẩm thực 300.000 VND; [Wonder Ngon] Vé vào cửa VinWonders Nam Hội An & Buggy | TẶNG Voucher Ẩm thực; [Wonder Ngon] Vé vào cửa VinWonders Nam Hội An & Voucher ẩm thực 300.000 VND,25,130000,true,,https://booking.vinpearl.com/vi-VND/tour/copy-vinwonders-nam-hoi-an-passport-combo-exclusive-ve-vao-cua-xe-buggy-voucher-am-thuc-300000-vnd-tang-voucher-qua-luu-niem-vw02896,https://booking-static.vinpearl.com/tours/fce787978a914e66863264f5925c1d04_tour-kham-pha-van-hoa-viet-vinwonders-nam-hoi-an-668ca102bcc29_vinwonders-nam-hoi-an-ve-vao-cua.jpg,trip.com,venue,,https://www.google.com/maps/search/?api=1&query=15.785995%2C108.407642,"venue:vinwonders nam hoi an@15.78599,108.40764"
Bãi biển Cửa Lò,18.77847,105.748687,Vui chơi,Nghệ An,"mở cửa Vui lòng liên hệ với điểm tham quan để xác nhận giờ mở cửa cụ thể · Bãi biển Cửa Lò. Loại hình: Bãi biển và bờ biển. Địa chỉ: Nghệ An, Việt Nam. Giờ mở cửa: Vui lòng liên hệ với điểm tham quan để xác nhận giờ mở cửa cụ thể",1,,false,,https://vn.trip.com/travel-guide/attraction/vinh-city/cua-lo-beach-50618503/,https://ak-d.tripcdn.com/images/0HJ3a12000haoc418CEA0.jpg,trip.com,exact,,https://www.google.com/maps/search/?api=1&query=18.778470%2C105.748687,product:e2ff991d-f870-5562-a81f-66307d61b49e
Bảo tàng Quân khu IV,18.658388,105.694558,Vui chơi,Nghệ An,"mở cửa 08:00–16:30 · Bảo tàng Quân khu IV. Loại hình: Bảo Tàng. Địa chỉ: 189 Lê Duẩn, Bến Thủy, Vinh, Nghệ An, Việt Nam. Giờ mở cửa: 08:00–16:30",1,,false,,https://vn.trip.com/travel-guide/attraction/vinh-city/museum-of-military-region-iv-143775480/,https://ak-d.tripcdn.com/images/0HJ6b12000iregdyo6C99.jpg,trip.com,exact,,https://www.google.com/maps/search/?api=1&query=18.658388%2C105.694558,product:c6c76f8f-f7c1-56c2-9047-28a0267fb930
Cổng Thành Nghệ An,18.667856,105.669312,Vui chơi,Nghệ An,"mở cửa Vui lòng liên hệ với điểm tham quan để xác nhận giờ mở cửa cụ thể · Cổng Thành Nghệ An. Địa chỉ: Thành cổ Vinh, Thành Vinh, Nghệ An, Việt Nam. Giờ mở cửa: Vui lòng liên hệ với điểm tham quan để xác nhận giờ mở cửa cụ thể",1,,false,,https://vn.trip.com/travel-guide/attraction/vinh-city/cng-thnh-ngh-an-147231702/,https://ak-d.tripcdn.com/images/0HJ4112000iobp6740F72.jpg,trip.com,exact,,https://www.google.com/maps/search/?api=1&query=18.667856%2C105.669312,product:0c89ac18-1b5a-56ae-8112-635239378500
Công viên tam giác,18.676918,105.674861,Vui chơi,Nghệ An,"mở cửa Vui lòng liên hệ với điểm tham quan để xác nhận giờ mở cửa cụ thể · Công viên tam giác. Địa chỉ: MMGF+QW9, Quang Trung, Thành Vinh, Nghệ An, Việt Nam. Giờ mở cửa: Vui lòng liên hệ với điểm tham quan để xác nhận giờ mở cửa cụ thể",1,,false,,https://vn.trip.com/travel-guide/attraction/vinh-city/cng-vin-tam-gic-142681792/,https://ak-d.tripcdn.com/images/0HJ1r12000i06kczmDC22.jpg,trip.com,exact,,https://www.google.com/maps/search/?api=1&query=18.676918%2C105.674861,product:b65c9185-8ca1-56bd-99cc-30acb3b008cb
Công viên Trung Tâm,18.667849,105.686751,Vui chơi,Nghệ An,"mở cửa 07:00–22:00 · Công viên Trung Tâm. Địa chỉ: MM9P+4PJ, Thành Vinh, Nghệ An, Việt Nam. Giờ mở cửa: 07:00–22:00",1,,false,,https://vn.trip.com/travel-guide/attraction/vinh-city/central-park-144405138/,https://ak-d.tripcdn.com/images/0HJ5k12000gib9f5cA769.jpg,trip.com,exact,,https://www.google.com/maps/search/?api=1&query=18.667849%2C105.686751,product:327324fc-3058-59a0-9f8f-c44aeb7ee17d
Đền Ông Hoàng Mười,18.640972,105.691569,Vui chơi,Nghệ An,"mở cửa 07:00–19:00 · Đền Ông Hoàng Mười. Địa chỉ: Xóm Xuân Am, Hưng Nguyên, Nghệ An, Việt Nam. Giờ mở cửa: 07:00–19:00",1,,false,,https://vn.trip.com/travel-guide/attraction/hung-nguyen/n-ng-hong-mi-141435774/,https://ak-d.tripcdn.com/images/0HJ2012000itzn7laF1DF.jpg,trip.com,exact,,https://www.google.com/maps/search/?api=1&query=18.640972%2C105.691569,product:d71bb1a7-99b9-5ca8-9198-dbbfa37b6965
Đền Thờ Vua Quang Trung.,18.648464,105.696463,Vui chơi,Nghệ An,"mở cửa Mở cửa cả ngày · Đền Thờ Vua Quang Trung.. Địa chỉ: 178 Đ. Trần Cảnh Bình, Trường Vinh, Nghệ An 460000, Việt Nam. Giờ mở cửa: Mở cửa cả ngày",1,,false,,https://vn.trip.com/travel-guide/attraction/vinh-city/ni-quyt-n-th-vua-quang-trung-142586332/,https://ak-d.tripcdn.com/images/0HJ3912000i331nlf5B7C.jpg,trip.com,exact,,https://www.google.com/maps/search/?api=1&query=18.648464%2C105.696463,product:ed3a7166-ff55-5e79-bd9c-7e577afa2a78
Khu di tích Kim Liên,18.676419,105.568196,Vui chơi,Nghệ An,"mở cửa 09:00–17:00 · Khu di tích Kim Liên. Địa chỉ: MHG9+H78, Hoàng Trù, Kim Liên, Nghệ An, Việt Nam. Giờ mở cửa: 09:00–17:00",1,,false,,https://vn.trip.com/travel-guide/attraction/kim-lien/qu-hng-bc-h-136720499/,https://ak-d.tripcdn.com/images/0HJ3d12000i4uw9qy5222.jpg,trip.com,exact,,https://www.google.com/maps/search/?api=1&query=18.676419%2C105.568196,product:c74f483a-538b-53f0-a6cd-b168815c11f7
Khu Di tích Kim Liên - Quê Nội Bác Hồ Chí Minh,18.6742,105.5546,Vui chơi,Nghệ An,"mở cửa 07:30–12:00, 13:30–17:00 · Khu Di tích Kim Liên - Quê Nội Bác Hồ Chí Minh. Loại hình: Bảo Tàng. Địa chỉ: Xóm Sen 2, Kim Liên, Nghệ An, Việt Nam. Giờ mở cửa: 07:30–12:00, 13:30–17:00. Thời gian tham quan đề xuất: 2–3 tiếng đồng ",1,,false,,https://vn.trip.com/travel-guide/attraction/kim-lien/kim-lien-relic-136954513/,https://ak-d.tripcdn.com/images/0HJ1012000i74xyos32CF.jpg,trip.com,exact,,https://www.google.com/maps/search/?api=1&query=18.674200%2C105.554600,product:20776483-60d4-5ebd-8719-ae5933711d2e
LOTTE Cinema Vinh,18.687762,105.665742,Vui chơi,Nghệ An,"mở cửa Vui lòng liên hệ với điểm tham quan để xác nhận giờ mở cửa cụ thể · LOTTE Cinema Vinh. Địa chỉ: 1 Phan Bội Châu, Vinh Hưng, Nghệ An, Việt Nam. Giờ mở cửa: Vui lòng liên hệ với điểm tham quan để xác nhận giờ mở cửa cụ thể",1,,false,,https://vn.trip.com/travel-guide/attraction/vinh-city/lotte-cinema-vinh-142870762/,https://ak-d.tripcdn.com/images/0HJ3d12000ik4azue39A7.jpg,trip.com,exact,,https://www.google.com/maps/search/?api=1&query=18.687762%2C105.665742,product:801fe400-3760-5a3e-987c-cccb4e2bfde6
Nhà cụ Hoàng Xuân Đường (Quê Ngoại Bác Hồ),18.676811,105.568949,Vui chơi,Nghệ An,"mở cửa Mở cửa cả ngày · Nhà cụ Hoàng Xuân Đường (Quê Ngoại Bác Hồ). Loại hình: Thắng cảnh lịch sử. Địa chỉ: MHG9+PHG, Hoàng Trù, Kim Liên, Nghệ An, Việt Nam. Giờ mở cửa: Mở cửa cả ngày. Thời gian tham quan đề xuất: 1–2 tiếng",1,,false,,https://vn.trip.com/travel-guide/attraction/kim-lien/uncle-hos-birthplace-136838705/,https://ak-d.tripcdn.com/images/0106912000f6tmdka0417.jpg,trip.com,exact,,https://www.google.com/maps/search/?api=1&query=18.676811%2C105.568949,product:d94ff0f9-1a2a-545a-b584-1d56a2e00f07
Quảng trường Bình Minh,18.797993,105.730526,Vui chơi,Nghệ An,"mở cửa Mở cửa cả ngày · Quảng trường Bình Minh. Địa chỉ: Cửa Lò, Nghệ An, Việt Nam. Giờ mở cửa: Mở cửa cả ngày",1,,false,,https://vn.trip.com/travel-guide/attraction/vinh-city/qung-trng-bnh-minh-146311681/,https://ak-d.tripcdn.com/images/0HJ6712000gwxitd2A653.jpg,trip.com,exact,,https://www.google.com/maps/search/?api=1&query=18.797993%2C105.730526,product:c856bf35-b1d2-56a0-87d8-5111b2faed5b
Sân Vận động Vinh,18.669087,105.669351,Vui chơi,Nghệ An,"mở cửa Vui lòng liên hệ với điểm tham quan để xác nhận giờ mở cửa cụ thể · Sân Vận động Vinh. Địa chỉ: Đào Tấn, Thành Vinh, Nghệ An, Việt Nam. Giờ mở cửa: Vui lòng liên hệ với điểm tham quan để xác nhận giờ mở cửa cụ thể",1,,false,,https://vn.trip.com/travel-guide/attraction/vinh-city/vinh-stadium-142908236/,https://ak-d.tripcdn.com/images/0HJ2g12000icyg3wu999B.jpg,trip.com,exact,,https://www.google.com/maps/search/?api=1&query=18.669087%2C105.669351,product:59442c34-612e-57f6-87c1-f4c084e5c72c
Thành cổ Vinh,18.670353,105.669382,Vui chơi,Nghệ An,"mở cửa 07:00–22:00 · Thành cổ Vinh. Loại hình: Thắng cảnh lịch sử. Địa chỉ: Đào Tấn, Thành Vinh, Nghệ An, Việt Nam. Giờ mở cửa: 07:00–22:00. Thời gian tham quan đề xuất: 1–2 tiếng đồng hồ",1,,false,,https://vn.trip.com/travel-guide/attraction/vinh-city/old-citadel-of-vinh-136954425/,https://ak-d.tripcdn.com/images/0HJ0612000gf9cc8s3DB2.jpg,trip.com,exact,,https://www.google.com/maps/search/?api=1&query=18.670353%2C105.669382,product:1550f7a3-5d14-5823-a985-5ae6b9374ffe
VinWonders Cửa Hội,18.772953,105.751338,"Vui chơi, Combo",Nghệ An,24 vé/combo · từ 80.000₫ · vd. [Người địa phương] - Combo Cáp Treo + Games trên Đảo - Cửa Hội; [Người địa phương] - Cáp Treo 2 Chiều - Cửa Hội; [Người địa phương] - Công Viên Nước - Cửa Hội,24,80000,true,,https://booking.vinpearl.com/vi-VND/tour/copy-vinwonders-cua-hoi-cap-treo-games-tren-dao-vw02659,https://booking-static.vinpearl.com/tours/63c924f8521a4af981666076c5c3b0fe_VinWonders%20Cua%20Hoi%20Summer%20Say%20Hi%20Banner%201920x920px_vinwonders-nam-hoi-an-ve-vao-cua.jpg,trip.com,venue,,https://www.google.com/maps/search/?api=1&query=18.772953%2C105.751338,"venue:vinwonders cua hoi@18.77295,105.75134"
Aquafield Nha Trang,12.2146,109.240943,"Vui chơi, Combo",Nha Trang,11 vé/combo · từ 350.000₫ · mở cửa 08:30–20:00 · vd. [Aquafield] - Xông hơi chuẩn Hàn không giới hạn + Vui chơi VinWonders Nha Trang; [Aquafield] - Xông hơi chuẩn Hàn không giới hạn + Vui chơi VinWonders Nha Trang sau 16h; [Aquafield] - [Nam] - Xông hơi chuẩn Hàn 4 tiếng,11,350000,true,,https://booking.vinpearl.com/vi-VND/tour/copy-aquafield-xong-hoi-chuan-han-khong-gioi-han-vui-choi-vinwonders-nha-trang-sau-16h-vw02386,https://booking-static.vinpearl.com/tours/6ba3006c1a56478e835fd631587f739b_1920x920_vinwonders-nha-trang-ve-vao-cua-2-chieu.jpg,osm,venue,,https://www.google.com/maps/search/?api=1&query=12.214600%2C109.240943,"venue:aquafield nha trang@12.21460,109.24094"
Bãi biển Nha Trang,12.236339,109.197853,Vui chơi,Nha Trang,"mở cửa Mở cửa cả ngày · Bãi biển Nha Trang. Loại hình: Bãi biển và bờ biển, Cảnh đêm. Địa chỉ: Khánh Hòa, Việt Nam. Giờ mở cửa: Mở cửa cả ngày. Thời gian tham quan đề xuất: 2–6 tiếng đồng hồ",1,,false,,https://vn.trip.com/travel-guide/attraction/nha-trang/nha-trang-beach-10521723/,https://ak-d.tripcdn.com/images/0106s12000nzh81sg73F0.jpg,trip.com,exact,,https://www.google.com/maps/search/?api=1&query=12.236339%2C109.197853,product:c7fe5256-3d7e-5ea3-b6e6-e1caa39bc8cb
Bùn khoáng nóng I-Resort Nha Trang,12.273192,109.175778,Vui chơi,Nha Trang,"từ 200.000₫ · mở cửa 08:00–17:30 (Thời gian nhận khách kết thúc vào 16:30) · Suối khoáng nóng I-resort, nơi bạn có thể thư giãn ngâm mình trong bùn khoáng nóng sang trọng và chiêm ngưỡng cuộc sống trong kiến trúc vừa truyền thống vừa hiện đại, một không gian thiền định xen kẽ ",1,200000,true,,https://vn.trip.com/travel-guide/attraction/nha-trang/hot-mineral-springs-i-resort-nha-trang-23929096/,https://ak-d.tripcdn.com/images/1lo4b12000evub2jo0A4E.jpg,trip.com,exact,,https://www.google.com/maps/search/?api=1&query=12.273192%2C109.175778,product:7d948862-7d2a-5e72-a02f-466fb2137e24
Du thuyền Hoàng Đế,12.211883,109.206456,Vui chơi,Nha Trang,"mở cửa 08:00–17:00 · Du thuyền Hoàng Đế. Loại hình: Tour đi thuyền. Địa chỉ: 74 Tô Hiệu, Nha Trang, Khánh Hòa, Việt Nam. Giờ mở cửa: 08:00–17:00. Thời gian tham quan đề xuất: 3–5 tiếng đồng hồ",1,,false,,https://vn.trip.com/travel-guide/attraction/nha-trang/emperor-cruises-origin-nha-trang-33764024/,https://ak-d.tripcdn.com/images/0105s120009w5v1kq8D3F.jpg,trip.com,exact,,https://www.google.com/maps/search/?api=1&query=12.211883%2C109.206456,product:82254c7b-6a19-55bc-9339-9e478ab55f46
Galina Tắm bùn & Spa,12.237544,109.19531,Vui chơi,Nha Trang,"từ 250.000₫ · mở cửa 06:00–23:00 · Galina Tắm bùn & Spa là một điểm nghỉ dưỡng kết hợp liệu pháp thiên nhiên với tiện nghi hiện đại, tọa lạc tại thành phố biển xinh đẹp Nha Trang của Việt Nam. Là một điểm tham quan chuyên về sức khỏe v",1,250000,true,,https://vn.trip.com/travel-guide/attraction/nha-trang/nha-trang-galina-mud-bath-and-spa-33530974/,https://ak-d.tripcdn.com/images/0100m120009nyfpk49CDC.jpg,trip.com,exact,,https://www.google.com/maps/search/?api=1&query=12.237544%2C109.195310,product:5004cbec-260e-52a8-b5d5-a7a0071ba40c
Hòn Chồng,12.27292,109.206493,Vui chơi,Nha Trang,"mở cửa 06:00–18:00 · Hòn Chồng. Loại hình: Bãi biển và bờ biển. Địa chỉ: Bắc Nha Trang, Khánh Hòa 650000, Việt Nam. Giờ mở cửa: 06:00–18:00. Thời gian tham quan đề xuất: 1–2 tiếng đồng hồ",1,,false,,https://vn.trip.com/travel-guide/attraction/nha-trang/hon-chong-95180/,https://ak-d.tripcdn.com/images/0103k12000o2b9g97CEB1.jpg,trip.com,exact,,https://www.google.com/maps/search/?api=1&query=12.272920%2C109.206493,product:20b757da-2145-548e-a7f5-e2118cdf680c
hòn Lao,12.360324,109.215507,Vui chơi,Nha Trang,"từ 190.000₫ · mở cửa 07:30–16:30 · Có rất nhiều khỉ trên hòn Lao ở phía bắc Nha Trang. Bạn có thể cho chúng ăn, chơi đùa cùng chúng và xem các màn biểu diễn của những chú khỉ thông minh cùng cún con. Những chú khỉ được thả tự do trên đ",1,190000,true,,https://vn.trip.com/travel-guide/attraction/nha-trang/monkey-island-23117248/,https://ak-d.tripcdn.com/images/01039120009prkem81ABE.jpg,trip.com,exact,,https://www.google.com/maps/search/?api=1&query=12.360324%2C109.215507,product:4eac7175-5dfc-5f4a-a112-cf5e1238b14d
Hòn Mun,12.166145,109.302482,Vui chơi,Nha Trang,"mở cửa Mở cửa cả ngày · Hòn Mun. Loại hình: Tour đi thuyền. Địa chỉ: Nha Trang, Khánh Hòa, Việt Nam. Giờ mở cửa: Mở cửa cả ngày. Thời gian tham quan đề xuất: 3–5 tiếng đồng hồ",1,,false,,https://vn.trip.com/travel-guide/attraction/nha-trang/hon-mun-140618471/,https://ak-d.tripcdn.com/images/0100w12000o23em4y310D.jpg,trip.com,exact,,https://www.google.com/maps/search/?api=1&query=12.166145%2C109.302482,product:92720fe6-7c50-58a1-88bb-de0ee1b0c884
Hòn Tằm,12.175891,109.24301,"Vui chơi, Combo",Nha Trang,"12 vé/combo · từ 300.000₫ · mở cửa Mở cửa quanh năm, 24/7 · vd. Hòn Tằm - Nha Trang; [Tour 2 Đảo] - Vé VinWonders Nha Trang + Đảo Hòn Tằm kèm Buffet Trưa (2 ngày); [Hòn Tằm] - Combo Cano Hòn Tằm + Tắm Biển + Buffet Trưa",12,300000,true,,https://booking.vinpearl.com/vi-VND/tour/copy-hon-tam-nha-trang-tam-bun-vw01850,https://booking-static.vinpearl.com/tours/20b016a4cd724b068fc6e7b508ffd1cf_ảnh%206_httpswwwhontammudbathvnwp-contentuploadssites2720190625-3-2200x700jpg.jpg,trip.com,venue,,https://www.google.com/maps/search/?api=1&query=12.175891%2C109.243010,"venue:hon tam@12.17589,109.24301"
Hòn Tre,12.217217,109.243519,Vui chơi,Nha Trang,"từ 150.000₫ · mở cửa Mở cửa quanh năm, 24/7 · Hòn Tre, còn được gọi là Đảo Ngọc Trai, là một điểm nghỉ dưỡng đảo đầy quyến rũ nằm gần thành phố Nha Trang của Việt Nam, thu hút đông đảo du khách nhờ phong cảnh thiên nhiên độc đáo và các hoạt động ",1,150000,true,,https://vn.trip.com/travel-guide/attraction/nha-trang/hon-tre-23898595/,https://ak-d.tripcdn.com/images/100p0z000000mi5kqFD7E.jpg,trip.com,exact,,https://www.google.com/maps/search/?api=1&query=12.217217%2C109.243519,product:b476ae38-0305-56a6-9bca-f7feeec0ba3b
Life Puppets Show,12.300642,109.237594,Vui chơi,Nha Trang,"từ 218.847₫ · mở cửa 18:00–19:00 · Đổi mới Di sản Múa rối nước truyền thống & Các loại hình rối mới. Dựa trên di sản của nghệ thuật múa rối nước truyền thống, “LIFE PUPPETS” là sự kết hợp giữa Rối nước Đổi mới - Rối dây - Rối bóng - Rố",1,218847,true,,https://vn.trip.com/travel-guide/attraction/nha-trang/life-puppets-show-136316654/,https://ak-d.tripcdn.com/images/0100x12000f6s5bm1E4C2.png,trip.com,exact,,https://www.google.com/maps/search/?api=1&query=12.300642%2C109.237594,product:ff5f7423-e9f7-593b-920f-bc13def73676
Nhà thờ Núi,12.246731,109.188126,Vui chơi,Nha Trang,"mở cửa 08:00–11:30, 14:00–16:00 · Nhà thờ Núi. Địa chỉ: 01 Thái Nguyên, Thành phố, Khánh Hòa 650000, Việt Nam. Giờ mở cửa: 08:00–11:30, 14:00–16:00. Thời gian tham quan đề xuất: 20–45 phút",1,,false,,https://vn.trip.com/travel-guide/attraction/nha-trang/mountain-church-95179/,https://ak-d.tripcdn.com/images/0106e12000o12kfe6BADD.jpg,trip.com,exact,,https://www.google.com/maps/search/?api=1&query=12.246731%2C109.188126,product:55c5117b-dfbb-588e-8797-008e0d980ae3
Tháp Bà Ponagar,12.265367,109.195368,Vui chơi,Nha Trang,"mở cửa 06:00–18:00 · Tháp Bà Ponagar. Loại hình: Thắng cảnh lịch sử. Địa chỉ: 61 Hai Tháng Tư, Bắc Nha Trang, Khánh Hòa 650000, Việt Nam. Giờ mở cửa: 06:00–18:00. Thời gian tham quan đề xuất: 1–2 tiếng đồng hồ",1,,false,,https://vn.trip.com/travel-guide/attraction/nha-trang/po-nagar-temple-84900/,https://ak-d.tripcdn.com/images/01070120008inoqrw4BFF.jpg,trip.com,exact,,https://www.google.com/maps/search/?api=1&query=12.265367%2C109.195368,product:3a5706a7-14d6-5b73-945e-8d1b58b62603
Trung Tâm Suối khoáng nóng THÁP BÀ NHA TRANG,12.270216,109.177783,Vui chơi,Nha Trang,"từ 99.000₫ · mở cửa 07:30–17:00 · Trung Tâm Suối khoáng nóng THÁP BÀ NHA TRANG nổi tiếng với bùn khoáng tắm, là nơi tuyệt vời để chơi đùa với bùn. Chỉ với 180.000 VND, bạn có thể ngâm mình trong bồn gỗ chứa đầy bùn nóng, hoặc chỉ với ",1,99000,true,,https://vn.trip.com/travel-guide/attraction/nha-trang/thap-ba-mud-bath-10758425/,https://ak-d.tripcdn.com/images/1lo0j12000rfgxbnj67C2.jpg,trip.com,exact,,https://www.google.com/maps/search/?api=1&query=12.270216%2C109.177783,product:da86165c-4ef8-5b26-b2ed-ae25f7fa3f08
Vinpearl Golf Nha Trang,12.212541,109.259051,Golf,Nha Trang,"từ 1.700.000₫ · [Vinpearl Golf Nha Trang] - Voucher Golf không giới hạn  TUYỆT TÁC SÂN GOLF TRÊN ĐẢO THIÊN ĐƯỜNG Tọa lạc trên hòn đảo được mệnh danh ""quanh năm 360 ngày nắng đẹp"", Vinpearl Golf Nha Trang sở hữu địa h",1,1700000,true,,https://booking.vinpearl.com/vi-VND/tour/copy-vinpearl-golf-nam-hoi-an-khong-gioi-han-so-ho-gn02640,https://booking-static.vinpearl.com/tours/91cb05caafef4787865b47a58102dd6f_Screenshot_6_VinpearlGolf.png,osm,venue,,https://www.google.com/maps/search/?api=1&query=12.212541%2C109.259051,"venue:vinpearl golf nha trang@12.21254,109.25905"
Vinpearl Harbour Nha Trang,12.203295,109.217041,"Vui chơi, Combo",Nha Trang,11 vé/combo · từ 100.000₫ · mở cửa 08:30–20:00 · vd. [Vinpearl Harbour] - Cáp treo + Vé VinWonders Nha Trang (sau 16h) + Xông hơi Aquafield không giới hạn; [Vinpearl Harbour] - Fastpass Cáp Treo (01 chiều bờ - đảo); [Vinpearl Harbour] - Vé Cáp Treo 2 Chiều + Vui chơi Fantasy Kid,11,100000,true,,https://booking.vinpearl.com/vi-VND/tour/copy-vinpearl-harbour-cap-treo-xong-hoi-aquafield-khong-gioi-han-tata-show-vw02500,https://booking-static.vinpearl.com/tours/f24ae13680f54920ae2053701dd8dfb2_34d71a9c3e6b4b7484f9d7cbbc935c26_200dd4dda03e45e0a1add52e4acc11fa_NHT_1796_ve-xem-tata-show-vinwonders-nha-trang_ve-xem-tata-show-vinwonders-nha-trang.jpg,trip.com,venue,,https://www.google.com/maps/search/?api=1&query=12.203295%2C109.217041,"venue:vinpearl harbour nha trang@12.20330,109.21704"
VinWonders Nha Trang,12.217049,109.240872,"Vui chơi, Combo",Nha Trang,36 vé/combo · từ 80.000₫ · mở cửa 08:30–20:00 · vd. VinWonders Nha Trang Passport (All-in-one Deals); VinWonders Nha Trang; [Wonder Ngon] - Vé VinWonders Nha Trang + Buggy + Fastpass 3 game hot | Tặng Voucher ẩm thực,36,80000,true,,https://booking.vinpearl.com/vi-VND/tour/copy-vinwonders-nha-trang-vw01622,https://booking-static.vinpearl.com/tours/0ba5cf2b6e4c40b096bed0a71d36b4b6_banner-no-text-web-NTPP_vinwonders-nha-trang.jpg,trip.com,venue,,https://www.google.com/maps/search/?api=1&query=12.217049%2C109.240872,"venue:vinwonders nha trang@12.21705,109.24087"
Bãi biển Đồi Dương,10.924222,108.115016,Vui chơi,Phan Thiết,"mở cửa Mở cửa cả ngày · Bãi biển Đồi Dương. Loại hình: Bãi biển và bờ biển. Địa chỉ: 206 Lê Lợi, Phan Thiết, Lâm Đồng 77000, Việt Nam. Giờ mở cửa: Mở cửa cả ngày",1,,false,,https://vn.trip.com/travel-guide/attraction/phan-thiet/doi-duong-beach-143185156/,https://ak-d.tripcdn.com/images/0HJ4q12000isl40esD66C.jpg,trip.com,exact,,https://www.google.com/maps/search/?api=1&query=10.924222%2C108.115016,product:7edd6a84-b304-5375-ae17-60df05e8fc98
Bãi Biển Mũi Né,10.95375,108.306505,Vui chơi,Phan Thiết,"mở cửa Mở cửa cả ngày · Bãi Biển Mũi Né. Loại hình: Bãi biển và bờ biển, Cảnh đêm. Địa chỉ: Đ. Xuân Thủy, Hàm Thuận Bắc, Bình Thuận 77157, Việt Nam. Giờ mở cửa: Mở cửa cả ngày. Thời gian tham quan đề xuất: 0.5–1 ngày",1,,false,,https://vn.trip.com/travel-guide/attraction/phan-thiet/mui-ne-beach-10758423/,https://ak-d.tripcdn.com/images/100f1f000001gqav73ACA.jpg,trip.com,exact,,https://www.google.com/maps/search/?api=1&query=10.953750%2C108.306505,product:2734b1f4-67ac-54a4-bc46-66fdd638c26e
Công Viên Đồi Dương,10.925517,108.115651,Vui chơi,Phan Thiết,"mở cửa 07:00–22:00 · Công Viên Đồi Dương. Địa chỉ: 206 Lê Lợi, Phan Thiết, Lâm Đồng, Việt Nam. Giờ mở cửa: 07:00–22:00",1,,false,,https://vn.trip.com/travel-guide/attraction/phan-thiet/city-150451195/,https://ak-d.tripcdn.com/images/fd/tg/g1/M06/FC/24/CghzflW7H_iATdynAAA-FlXAIeA738.jpg,trip.com,exact,,https://www.google.com/maps/search/?api=1&query=10.925517%2C108.115651,product:f1dd1f12-7f13-53ed-b23b-2437567f3d58
Công viên nước Wonderland Water Park,10.850051,108.040756,Vui chơi,Phan Thiết,"từ 267.750₫ · mở cửa 09:00–17:00 (Thời gian nhận khách kết thúc vào 16:00) · • Trải nghiệm phiêu lưu dưới nước, mang đến những phút giây kích thích không ngừng cho du khách mọi lứa tuổi. • Khám phá những con sóng tại Vịnh Bão Tố, chinh phục những cầu trượt cao chót vót và đắm ",1,267750,true,,https://vn.trip.com/travel-guide/attraction/phan-thiet/wonderland-water-park-phan-thiet-142610620/,https://ak-d.tripcdn.com/images/1lo7312000cl79jj489F5.jpg,trip.com,exact,,https://www.google.com/maps/search/?api=1&query=10.850051%2C108.040756,product:876af1e0-27bf-56cf-877c-de64ebdb1459
Công viên Võ Văn Kiệt,10.939922,108.106046,Vui chơi,Phan Thiết,"mở cửa Mở cửa cả ngày · Công viên Võ Văn Kiệt. Địa chỉ: Võ Văn Kiệt, Phú Thủy, Lâm Đồng, Việt Nam. Giờ mở cửa: Mở cửa cả ngày",1,,false,,https://vn.trip.com/travel-guide/attraction/phan-thiet/v-vn-kit-park-143793178/,https://ak-d.tripcdn.com/images/0HJ6g12000itnqu3l6945.jpg,trip.com,exact,,https://www.google.com/maps/search/?api=1&query=10.939922%2C108.106046,product:480087b6-0187-5bca-8d74-bc8bdd958286
Dino Park Phan Thiết,10.836847,108.021465,Vui chơi,Phan Thiết,"từ 89.250₫ · mở cửa 09:00–17:00 · Dino Park Phan Thiết (Dino Park Phan Thiết) là một công viên chủ đề tọa lạc tại thành phố Phan Thiết, Việt Nam. Công viên có nhiều khu vui chơi theo chủ đề khủng long, bao gồm cầu trượt hình khủng lon",1,89250,true,,https://vn.trip.com/travel-guide/attraction/phan-thiet/dino-park-phan-thiet-145071352/,https://ak-d.tripcdn.com/images/1lo2812000nh11pnv684D.jpg,trip.com,exact,,https://www.google.com/maps/search/?api=1&query=10.836847%2C108.021465,product:0a34a426-5ea7-505c-92fe-23d89c44fdaa
Đồi Cát Đỏ,10.949296,108.29635,Vui chơi,Phan Thiết,"mở cửa Mở cửa cả ngày · Đồi Cát Đỏ. Địa chỉ: 01 Hòn Rơm, ĐT716, Mũi Né, Lâm Đồng, Việt Nam. Giờ mở cửa: Mở cửa cả ngày. Thời gian tham quan đề xuất: 1–3 tiếng đồng hồ",1,,false,,https://vn.trip.com/travel-guide/attraction/phan-thiet/red-sand-dunes-98754/,https://ak-d.tripcdn.com/images/0101t12000klf9aqv4418.jpg,trip.com,exact,,https://www.google.com/maps/search/?api=1&query=10.949296%2C108.296350,product:71620b01-ac7e-5e95-a276-ad3d93321733
Đồi cát Du lịch Hòa Thắng,11.070942,108.427653,Vui chơi,Phan Thiết,"mở cửa 05:00–18:00 · Đồi cát Du lịch Hòa Thắng. Địa chỉ: Hòa Thắng, Lâm Đồng, Việt Nam. Giờ mở cửa: 05:00–18:00. Thời gian tham quan đề xuất: 1–3 tiếng đồng hồ",1,,false,,https://vn.trip.com/travel-guide/attraction/hoa-thang/white-sand-dunes-98753/,https://ak-d.tripcdn.com/images/100g0z000000nkoot42E4.jpg,trip.com,exact,,https://www.google.com/maps/search/?api=1&query=11.070942%2C108.427653,product:42010d22-efd9-5533-9941-f0b3aeaaa597
Hải Đăng Kê Gà,10.695289,107.991564,Vui chơi,Phan Thiết,"mở cửa 05:00–17:00 · Hải Đăng Kê Gà. Địa chỉ: Unnamed Rd, Kê Gà, Tân Thành, Lâm Đồng, Việt Nam. Giờ mở cửa: 05:00–17:00",1,,false,,https://vn.trip.com/travel-guide/attraction/tan-thanh/ke-ga-lighthouse-147009059/,https://ak-d.tripcdn.com/images/0HJ1m12000i646bxl7400.jpg,trip.com,exact,,https://www.google.com/maps/search/?api=1&query=10.695289%2C107.991564,product:68d86a1a-a327-55ae-bf8f-492272b97932
Làng chài Mũi Né,10.94101,108.279127,Vui chơi,Phan Thiết,"mở cửa Mở cửa cả ngày · Làng chài Mũi Né. Loại hình: Cảnh đêm. Địa chỉ: Huỳnh Thúc Kháng, Mũi Né, Bình Thuận, Việt Nam. Giờ mở cửa: Mở cửa cả ngày. Thời gian tham quan đề xuất: 30–60 phút",1,,false,,https://vn.trip.com/travel-guide/attraction/phan-thiet/mui-ne-fishing-village-13364291/,https://ak-d.tripcdn.com/images/100g0q000000g9vuk2064.jpg,trip.com,exact,,https://www.google.com/maps/search/?api=1&query=10.941010%2C108.279127,product:b68ae6b6-4a68-528a-866b-062547f84e8b
Lâu đài rượu vang RD Phan Thiết - Mũi Né,10.947464,108.181997,Vui chơi,Phan Thiết,từ 138.462₫ · mở cửa 08:00–17:00 · Lâu đài rượu vang RD Phan Thiết - Mũi Né là một lâu đài độc đáo tại Việt Nam tọa lạc trong khu nghỉ dưỡng Sea Links City. Nơi đây mang đến cho khách tham quan cơ hội chiêm ngưỡng kiến trúc phong cách ,1,138462,true,,https://vn.trip.com/travel-guide/attraction/phan-thiet/rd-wine-castle-61796492/,https://ak-d.tripcdn.com/images/0HJ1g12000haxeqptDD8D.jpg,trip.com,exact,,https://www.google.com/maps/search/?api=1&query=10.947464%2C108.181997,product:c6f8db47-eca2-5bde-befd-591c5abf27fb
Mũi Kê Gà,10.695261,107.99156,Vui chơi,Phan Thiết,"mở cửa 05:30–17:30 · Mũi Kê Gà. Loại hình: Bãi biển và bờ biển. Địa chỉ: Tân Thành, Lâm Đồng, Việt Nam. Giờ mở cửa: 05:30–17:30. Thời gian tham quan đề xuất: 0.5–1 ngày",1,,false,,https://vn.trip.com/travel-guide/attraction/tan-thanh/ke-ga-cape-137170972/,https://ak-d.tripcdn.com/images/0HJ6o12000i8od0ewDDBF.jpg,trip.com,exact,,https://www.google.com/maps/search/?api=1&query=10.695261%2C107.991560,product:97c291f1-2642-5392-9709-3f1dbe59ea7b
NovaDreams Adventure World,10.848564,108.04039,Vui chơi,Phan Thiết,"từ 89.250₫ · mở cửa 09:00–17:00 · NovaDreams Adventure World. Địa chỉ: Novadreams Wonderland Park Novaworld, Lạc Long Quân, Tiến Thành, Tp. Phan Thiết, Bình Thuận, Việt Nam. Giờ mở cửa: 09:00–17:00. Thời gian tham quan đề xuất: 1 ngày",1,89250,true,,https://vn.trip.com/travel-guide/attraction/phan-thiet/novadreams-adventure-world-142495278/,https://ak-d.tripcdn.com/images/1lo2p12000ny78hxzDA8E.jpg,trip.com,exact,,https://www.google.com/maps/search/?api=1&query=10.848564%2C108.040390,product:34ba7428-28b5-55c0-8fdc-e92d95f32ca3
Sea Links Golf & Country Club,10.942468,108.182232,Golf,Phan Thiết,"mở cửa 05:00–18:00 · Sea Links Golf & Country Club. Địa chỉ: Đường tỉnh 706B, khu phố 1, Thành phố Phan Thiết, Lâm Đồng 800000, Việt Nam. Giờ mở cửa: 05:00–18:00",1,,false,,https://vn.trip.com/travel-guide/attraction/phan-thiet/sea-links-golf-country-club-58285552/,https://ak-d.tripcdn.com/images/0HJ0312000h0ct80dDBB1.jpg,trip.com,exact,,https://www.google.com/maps/search/?api=1&query=10.942468%2C108.182232,product:dacb4472-d4ea-5e9b-bd15-5045bd2377e1
Suối Tiên - Mũi Né,10.951203,108.256448,Vui chơi,Phan Thiết,"mở cửa 06:30–17:30 · Suối Tiên - Mũi Né. Loại hình: Phong cảnh thiên nhiên. Địa chỉ: 40B Huỳnh Thúc Kháng, khu phố 4, Mũi Né, Lâm Đồng, Việt Nam. Giờ mở cửa: 06:30–17:30. Thời gian tham quan đề xuất: 1–1.5 tiếng đồng hồ",1,,false,,https://vn.trip.com/travel-guide/attraction/phan-thiet/fairy-stream-mui-ne-95591/,https://ak-d.tripcdn.com/images/fd/tg/g4/M08/64/87/CggYHlZv6BWAUdtgABuh6zBZygs841.jpg,trip.com,exact,,https://www.google.com/maps/search/?api=1&query=10.951203%2C108.256448,product:c5f536f3-2bdd-5c3a-a905-3036fe3e7747
Tháp Chăm Po Sah Inư,10.935968,108.146018,Vui chơi,Phan Thiết,"mở cửa 07:00–17:00 · Tháp Chăm Po Sah Inư. Loại hình: Thắng cảnh lịch sử. Địa chỉ: W4PW+9CJ, Phú Thủy, Lâm Đồng, Việt Nam. Giờ mở cửa: 07:00–17:00. Thời gian tham quan đề xuất: 15–30 phút",1,,false,,https://vn.trip.com/travel-guide/attraction/phan-thiet/po-sah-inu-cham-towers-23884779/,https://ak-d.tripcdn.com/images/100i1f000001gp1vnCE53.jpg,trip.com,exact,,https://www.google.com/maps/search/?api=1&query=10.935968%2C108.146018,product:532c4a16-038c-5c78-9ff5-84eb29773f9d
TTC Palace,10.940739,108.103248,Vui chơi,Phan Thiết,"mở cửa 06:00–22:00 · TTC Palace. Địa chỉ: 01 Từ Văn Tư, Phan Thiết, Lâm Đồng 77000, Việt Nam. Giờ mở cửa: 06:00–22:00",1,,false,,https://vn.trip.com/travel-guide/attraction/phan-thiet/ttc-palace-144013254/,https://ak-d.tripcdn.com/images/0HJ1c12000ifoh8wl354F.jpg,trip.com,exact,,https://www.google.com/maps/search/?api=1&query=10.940739%2C108.103248,product:6cc6c564-4624-545c-8d01-ef71d639e4f0
Bãi Dài,10.338056,103.848618,Vui chơi,Phú Quốc,"mở cửa 07:30–21:30 · Bãi Dài. Loại hình: Bãi biển và bờ biển, Cảnh đêm. Địa chỉ: An Giang, Việt Nam. Giờ mở cửa: 07:30–21:30. Thời gian tham quan đề xuất: 3–5 tiếng đồng hồ",1,,false,,https://vn.trip.com/travel-guide/attraction/phu-quoc-island/long-beach-30066751/,https://ak-d.tripcdn.com/images/0105s12000o33t3to3186.jpg,trip.com,exact,,https://www.google.com/maps/search/?api=1&query=10.338056%2C103.848618,product:4ab922b0-7947-506a-85e6-a246d46bb83c
Bãi tắm Sao,10.057258,104.036395,Vui chơi,Phú Quốc,"mở cửa Mở cửa cả ngày · Bãi tắm Sao. Loại hình: Bãi biển và bờ biển. Địa chỉ: An Giang, Việt Nam. Giờ mở cửa: Mở cửa cả ngày. Thời gian tham quan đề xuất: 3–5 tiếng đồng hồ",1,,false,,https://vn.trip.com/travel-guide/attraction/phu-quoc-island/sao-beach-30066717/,https://ak-d.tripcdn.com/images/100110000000qfsl6A405.jpg,trip.com,exact,,https://www.google.com/maps/search/?api=1&query=10.057258%2C104.036395,product:038b5827-7afd-5974-ae2b-6781173c6014
Bảo tàng Gấu Teddy,10.325454,103.862343,Vui chơi,Phú Quốc,"từ 200.000₫ · mở cửa 10:00–21:00 · Bảo tàng Gấu Teddy tại An Giang. Giờ mở cửa: 10:00–21:00. Thời gian tham quan đề xuất: 1–3 tiếng đồng hồ. Địa chỉ: Grand World, khu Bãi Dài, Gành Dầu, Phú Quốc, Kiên Giang, Việt Nam.",1,200000,true,,https://vn.trip.com/travel-guide/attraction/phu-quoc-island/teddy-bear-museum-137926082/,https://ak-d.tripcdn.com/images/1lo4y12000d4udsa33754.jpg,trip.com,exact,,https://www.google.com/maps/search/?api=1&query=10.325454%2C103.862343,product:65425369-19ac-5225-88c1-bf6f1d33c38d
Cáp Treo Hòn Thơm,10.026972,104.007235,Vui chơi,Phú Quốc,"từ 850.000₫ · mở cửa 09:30–11:30, 13:30–17:00 · • Nằm ở phía Nam Đảo Ngọc, Đảo Phú Quốc, có lối đi trực tiếp ra Đảo Hòn Thơm, nơi được du khách trong và ngoài nước ưa chuộng. • Bạn sẽ đắm mình trong vẻ đẹp thiên nhiên nguyên sơ của những bãi biển c",1,850000,true,,https://vn.trip.com/travel-guide/attraction/phu-quoc-island/hon-thom-cable-car-sun-world-hon-thom-56816156/,https://ak-d.tripcdn.com/images/0103n120009isln6h4BA7.jpg,trip.com,exact,,https://www.google.com/maps/search/?api=1&query=10.026972%2C104.007235,product:fdb01f88-87d1-5cfb-8b99-121a2c4f5a49
Cầu Hôn Phú Quốc,10.028035,104.003787,Vui chơi,Phú Quốc,"từ 640.200₫ · mở cửa 07:00–17:45, 20:15–23:00 · Cầu Hôn là một công trình mà thông qua đó Sun Group muốn gửi gắm thông điệp về tình yêu, tình bạn, hoà bình. Kiến trúc của Cầu Hôn súc tích cô đọng, giàu cảm xúc và được lấy cảm hứng từ văn hoá phương",1,640200,true,,https://vn.trip.com/travel-guide/attraction/phu-quoc-island/kiss-bridge-phu-quoc-136037382/,https://ak-d.tripcdn.com/images/0103d12000agsgqfc23BA.jpg,trip.com,exact,,https://www.google.com/maps/search/?api=1&query=10.028035%2C104.003787,product:0e8529e5-7c74-5bcd-9121-6dfcae46cd78
Chợ đêm Phú Quốc,10.215975,103.960357,Vui chơi,Phú Quốc,"mở cửa 17:00–00:00 · Chợ đêm Phú Quốc. Loại hình: Cảnh đêm. Địa chỉ: 54 Đường Nguyễn Trãi, Khu 1, Phú Quốc, An Giang, Việt Nam. Giờ mở cửa: 17:00–00:00. Thời gian tham quan đề xuất: 1–3 tiếng đồng hồ",1,,false,,https://vn.trip.com/travel-guide/attraction/phu-quoc-island/phu-quoc-night-market-30315955/,https://ak-d.tripcdn.com/images/0103v12000eyfqi5m2315.jpg,trip.com,exact,,https://www.google.com/maps/search/?api=1&query=10.215975%2C103.960357,product:dda0d416-edcf-5d6f-9470-e98fe432690c
Grand World Phú Quốc,10.328481,103.862952,"Vui chơi, Combo",Phú Quốc,"16 vé/combo · từ 100.000₫ · mở cửa Mở cửa quanh năm, 24/7 · vd. [Grand World Phú Quốc] - Vé đi thuyền Venice (Water Taxi); [Grand World Phú Quốc] - Combo trọn vẹn 03 khu + Voucher Quà lưu niệm; [Grand World Phú Quốc] - Workshop Sắc Việt Cổ Phong",16,100000,true,,https://booking.vinpearl.com/vi-VND/tour/copy-grand-world-phu-quoc-ve-di-thuyen-venice-water-taxi-vw02818,https://booking-static.vinpearl.com/tours/f3009c7b64ad4c8d94bd24a7140819c6_water%20taxi_ve-bao-tang-gau-teddy-bear.jpg,trip.com,venue,,https://www.google.com/maps/search/?api=1&query=10.328481%2C103.862952,"venue:grand world phu quoc@10.32848,103.86295"
hòn Thơm,9.953888,104.017393,Vui chơi,Phú Quốc,"mở cửa Mở cửa cả ngày · hòn Thơm. Loại hình: Cảnh đêm. Địa chỉ: An Giang, Việt Nam. Giờ mở cửa: Mở cửa cả ngày. Thời gian tham quan đề xuất: 3–5 tiếng đồng hồ",1,,false,,https://vn.trip.com/travel-guide/attraction/phu-quoc-island/thom-island-36232888/,https://ak-d.tripcdn.com/images/0106o12000nzhi6139A1F.jpg,trip.com,exact,,https://www.google.com/maps/search/?api=1&query=9.953888%2C104.017393,product:903db93c-c1ce-51f9-a7b5-cd37ef79c07f
Show diễn Kiss Of The Sea - Phú Quốc (Nụ hôn của Biển cả),10.027697,104.006055,Vui chơi,Phú Quốc,"từ 700.000₫ · mở cửa 20:00–21:30 (Thời gian nhận khách kết thúc vào 20:30) · Triển lãm nghệ thuật đa trải nghiệm ""Nụ hôn của biển cả"" (KISS OF THE SEA), kết hợp công nghệ chiếu sáng và nghệ thuật biểu diễn sân khấu, mang đến ấn tượng sâu sắc cho khán giả thông qua trải nghiệm ",1,700000,true,,https://vn.trip.com/travel-guide/attraction/phu-quoc-island/kiss-of-the-sea-136038155/,https://ak-d.tripcdn.com/images/0105t12000agsis2dF629.jpg,trip.com,exact,,https://www.google.com/maps/search/?api=1&query=10.027697%2C104.006055,product:af51cef4-69ed-5193-8a0b-c5a46c1f3100
Starfish Beach,10.372037,103.937316,Vui chơi,Phú Quốc,"mở cửa Mở cửa cả ngày · Starfish Beach. Loại hình: Bãi biển và bờ biển. Địa chỉ: Rạch Vẹm, Phú Quốc, Kiên Giang, Việt Nam. Giờ mở cửa: Mở cửa cả ngày. Thời gian tham quan đề xuất: 1–3 tiếng đồng hồ",1,,false,,https://vn.trip.com/travel-guide/attraction/phu-quoc-island/starfish-beach-81736042/,https://ak-d.tripcdn.com/images/0105i12000l9cm9b28DD5.jpg,trip.com,exact,,https://www.google.com/maps/search/?api=1&query=10.372037%2C103.937316,product:bdd28e4a-088c-580c-afe4-3695bf4b29f3
Sun World Hòn Thơm,9.9558,104.016092,Vui chơi,Phú Quốc,"từ 850.000₫ · mở cửa 09:30–17:00 · Sun World Hòn Thơm là tổ hợp công viên giải trí hiện đại tại Việt Nam, tọa lạc trên đảo Hòn Thơm ở phía nam đảo Ngọc. Hòn Thơm được ví như viên ngọc của quần đảo An Thới, nổi tiếng với làn nước trong ",1,850000,true,,https://vn.trip.com/travel-guide/attraction/phu-quoc-island/sun-world-hon-thom-nature-park-62082281/,https://ak-d.tripcdn.com/images/0HJ6c12000p5kqs88432A.jpg,trip.com,exact,,https://www.google.com/maps/search/?api=1&query=9.955800%2C104.016092,product:76da210a-c70c-55d6-acd7-651d8b5459fb
Symphony of the Sea,10.036994,104.018844,Vui chơi,Phú Quốc,"từ 640.200₫ · mở cửa 19:30–20:05 · Màn trình diễn trên nước đặc sắc ""Symphony of the Sea"" đã chính thức ra mắt tại Đảo Phú Quốc, Việt Nam. Buổi biểu diễn ban đêm này có thể sánh ngang với Thế vận hội và các lễ hội quốc gia trên khắp th",1,640200,true,,https://vn.trip.com/travel-guide/attraction/phu-quoc-island/symphony-of-the-sea-149615961/,https://ak-d.tripcdn.com/images/1lo2612000h0l7muz22DE.jpg,trip.com,exact,,https://www.google.com/maps/search/?api=1&query=10.036994%2C104.018844,product:75fe14ec-f89b-52b1-b78b-d5069053db81
Thị trấn Hoàng Hôn - Sunset Town,10.026903,104.007917,Vui chơi,Phú Quốc,"mở cửa Mở cửa quanh năm, 24/7 · Thị trấn Hoàng Hôn - Sunset Town tại Việt Nam là một điểm đến du lịch mới nổi, tọa lạc trên Đảo Phú Quốc, thu hút ngày càng nhiều du khách nhờ cảnh biển quyến rũ và các hoạt động giải trí phong phú. T",1,,false,,https://vn.trip.com/travel-guide/attraction/phu-quoc-island/sunset-town-137238371/,https://ak-d.tripcdn.com/images/0101t12000mpfksyyB81E.jpg,trip.com,exact,,https://www.google.com/maps/search/?api=1&query=10.026903%2C104.007917,product:4ed33d30-3074-5738-8683-97c11413ce87
Vinpearl Golf Phú Quốc,10.344671,103.85362,Golf,Phú Quốc,"từ 1.700.000₫ · [Vinpearl Golf Phú Quốc] - Voucher Tee time giá siêu ưu đãi  TUYỆT TÁC SÂN GOLF GIỮA RỪNG NGUYÊN SINH Ẩn mình dưới những tán rừng nguyên sinh xanh ngút ngàn nơi Bắc đảo Phú Quốc, Vinpearl Golf Phú Quố",1,1700000,true,,https://booking.vinpearl.com/vi-VND/tour/vinpearlgolfphuquoc,https://booking-static.vinpearl.com/tours/2780559f61594743bce3c915bce51acd_Screenshot_4_VinpearlGolf.png,manual,venue,,https://www.google.com/maps/search/?api=1&query=10.344671%2C103.853620,"venue:vinpearl golf phu quoc@10.34467,103.85362"
Vinpearl Safari Phú Quốc,10.337043,103.891448,"Vui chơi, Combo",Phú Quốc,33 vé/combo · từ 117.000₫ · mở cửa 09:00–16:00 (Thời gian nhận khách kết thúc vào 15:00) · vd. Vinpearl Safari Phú Quốc; [Vinpearl Safari Phú Quốc] - Vé Vào Cửa + Tặng Voucher Ẩm Thực; [Vinpearl Safari Phú Quốc] - Tour Night Safari + BBQ trong rừng,33,117000,true,,https://booking.vinpearl.com/vi-VND/tour/ve-vao-cua-truc-tiep-vinpearl-safari-phu-quoc-vw00614,https://booking-static.vinpearl.com/tours/81af5392073849b48c4c27d94d812ce1_VINPEARL%20SAFARI%20PHU%20QUOC%20%20(51)_vinpearl-safari-phu-quoc-ve-vao-cua.jpg,trip.com,venue,,https://www.google.com/maps/search/?api=1&query=10.337043%2C103.891448,"venue:vinpearl safari phu quoc@10.33704,103.89145"
VinWonders Phú Quốc,10.340735,103.854047,"Vui chơi, Combo",Phú Quốc,31 vé/combo · từ 100.000₫ · mở cửa 09:00–19:30 (Thời gian nhận khách kết thúc vào 18:30) · vd. Combo Vé vào cửa VinWonders + Vinpearl Safari Phú Quốc; VinWonders Phú Quốc; [VinWonders Phú Quốc] - Vé Vào Cửa + Tặng Voucher Ẩm Thực,31,100000,true,,https://booking.vinpearl.com/vi-VND/tour/combo-ve-vao-cua-vinwonders-va-vinpearl-safari-phu-quoc-vw00623,https://booking-static.vinpearl.com/tours/54a022ae596548d9a1749a1672d3ac13_SpikeDay%208824_1920x1080_no%20text%20(1)_Combo-ve-vao-cua-vinwonders-phu-quoc-va-vinpearl-safari.jpg,trip.com,venue,,https://www.google.com/maps/search/?api=1&query=10.340735%2C103.854047,"venue:vinwonders phu quoc@10.34074,103.85405"
Vườn Quốc gia Phú Quốc,10.331673,104.030407,Vui chơi,Phú Quốc,"mở cửa Has this place reopened? Let us know! · Vườn Quốc gia Phú Quốc. Loại hình: Phong cảnh thiên nhiên. Địa chỉ: 82JJ+M57, Phú Quốc, An Giang, Việt Nam. Giờ mở cửa: Has this place reopened? Let us know!. Thời gian tham quan đề xuất: 0.5–1 ngày",1,,false,,https://vn.trip.com/travel-guide/attraction/phu-quoc-island/phu-quoc-national-park-30072453/,https://ak-d.tripcdn.com/images/10020m000000e53rcE184.jpg,trip.com,exact,,https://www.google.com/maps/search/?api=1&query=10.331673%2C104.030407,product:9bf17d41-1aa5-5348-9719-535cec3da5e1
Bãi biển Quy Nhơn,13.762792,109.224612,Vui chơi,Quy Nhơn,"mở cửa Vui lòng liên hệ với điểm tham quan để xác nhận giờ mở cửa cụ thể · Bãi biển Quy Nhơn. Địa chỉ: Quy Nhơn, Bình Định, Việt Nam. Giờ mở cửa: Vui lòng liên hệ với điểm tham quan để xác nhận giờ mở cửa cụ thể",1,,false,,https://vn.trip.com/travel-guide/attraction/quy-nhon/b-bin-quy-nhn-142300145/,https://ak-d.tripcdn.com/images/0HJ3p12000iaor1ra2A97.jpg,trip.com,exact,,https://www.google.com/maps/search/?api=1&query=13.762792%2C109.224612,product:f28101ca-56ea-5681-910d-2943cfbc9cb3
Bãi tắm Hoàng Hậu,13.742366,109.215673,Vui chơi,Quy Nhơn,"mở cửa Vui lòng liên hệ với điểm tham quan để xác nhận giờ mở cửa cụ thể · Bãi tắm Hoàng Hậu. Địa chỉ: Quy Nhơn Nam, Gia Lai, Việt Nam. Giờ mở cửa: Vui lòng liên hệ với điểm tham quan để xác nhận giờ mở cửa cụ thể",1,,false,,https://vn.trip.com/travel-guide/attraction/quy-nhon-nam/queen-s-beach-143992981/,https://ak-d.tripcdn.com/images/0HJ2512000i3hhjgtAEA3.jpg,trip.com,exact,,https://www.google.com/maps/search/?api=1&query=13.742366%2C109.215673,product:a20e751f-3a32-537e-bf1c-4f94a7507ba3
Bãi trứng - khu du lịch Ghềnh Ráng,13.742313,109.215813,Vui chơi,Quy Nhơn,"mở cửa 07:00–20:00 · Bãi trứng - khu du lịch Ghềnh Ráng. Địa chỉ: P6R8+W8, Quy Nhơn Nam, Gia Lai, Việt Nam. Giờ mở cửa: 07:00–20:00",1,,false,,https://vn.trip.com/travel-guide/attraction/quy-nhon-nam/bi-trng-khu-du-lch-ghnh-rng-137009138/,https://ak-d.tripcdn.com/images/0HJ3d12000gikiwzz09D7.jpg,trip.com,exact,,https://www.google.com/maps/search/?api=1&query=13.742313%2C109.215813,product:585865a0-48e9-530c-ab30-1ad34d8b99a2
CGV Kim Cúc Plaza,13.753924,109.207625,Vui chơi,Quy Nhơn,"mở cửa Vui lòng liên hệ với điểm tham quan để xác nhận giờ mở cửa cụ thể · CGV Kim Cúc Plaza. Địa chỉ: Tầng 3 | Kim Cúc Plaza (BigC Quy Nhơn) Khu Đô Thị Vũng Chua, Quy Nhơn Nam, Gia Lai, Việt Nam. Giờ mở cửa: Vui lòng liên hệ với điểm tham quan để xác nhận giờ mở cửa cụ thể",1,,false,,https://vn.trip.com/travel-guide/attraction/quy-nhon-nam/cgv-kim-cuc-plaza-141652296/,https://ak-d.tripcdn.com/images/0HJ5612000gn8xglaDC69.jpg,trip.com,exact,,https://www.google.com/maps/search/?api=1&query=13.753924%2C109.207625,product:32a5e4b4-4302-5e03-93ce-bf46b6392d10
Children Park,13.758335,109.219781,Vui chơi,Quy Nhơn,"mở cửa Vui lòng liên hệ với điểm tham quan để xác nhận giờ mở cửa cụ thể · Children Park. Địa chỉ: Q649+VJ9 Children Park, An Dương Vương, Nguyễn Văn Cừ, Thành phố Qui Nhơn, Bình Định, Vietnam. Giờ mở cửa: Vui lòng liên hệ với điểm tham quan để xác nhận giờ mở cửa cụ thể",1,,false,,https://vn.trip.com/travel-guide/attraction/quy-nhon/children-park-143769337/,https://ak-d.tripcdn.com/images/0HJ1112000i1kte48BB78.jpg,trip.com,exact,,https://www.google.com/maps/search/?api=1&query=13.758335%2C109.219781,product:743960c1-f8fe-59fe-97a8-bc9b7dc2bed1
Hòn Khô,13.769203,109.290936,Vui chơi,Quy Nhơn,"mở cửa Mở cửa cả ngày · Hòn Khô. Địa chỉ: Q79R+M9M, Hải Nam, Quy Nhơn Đông, Gia Lai, Việt Nam. Giờ mở cửa: Mở cửa cả ngày",1,,false,,https://vn.trip.com/travel-guide/attraction/quy-nhon-dong/hn-kh-144610472/,https://ak-d.tripcdn.com/images/0HJ6j12000ib2u4ko10EC.jpg,trip.com,exact,,https://www.google.com/maps/search/?api=1&query=13.769203%2C109.290936,product:d4bd3ab9-3222-54a7-ada5-104f8bef8e6c
Khu DU LỊCH Cửa Biển,13.812978,109.251521,Vui chơi,Quy Nhơn,"mở cửa 07:30–20:30 · Khu DU LỊCH Cửa Biển. Loại hình: Khu nghỉ dưỡng. Địa chỉ: Hội Sơn, Quy Nhơn Đông, Gia Lai 59000, Việt Nam. Giờ mở cửa: 07:30–20:30",1,,false,,https://vn.trip.com/travel-guide/attraction/quy-nhon-dong/seagate-theme-park-136696996/,https://ak-d.tripcdn.com/images/0HJ6w12000iitw5niEC00.jpg,trip.com,exact,,https://www.google.com/maps/search/?api=1&query=13.812978%2C109.251521,product:cd761f64-551c-5d59-8e5b-223274b079c1
Ky Co Beach,13.85014,109.29181,Vui chơi,Quy Nhơn,"mở cửa Vui lòng liên hệ với điểm tham quan để xác nhận giờ mở cửa cụ thể · Ky Co Beach. Loại hình: Bãi biển và bờ biển. Địa chỉ: Quy Nhơn Đông, Gia Lai, Việt Nam. Giờ mở cửa: Vui lòng liên hệ với điểm tham quan để xác nhận giờ mở cửa cụ thể. Thời gian tham quan đề xuất: 2–3 ",1,,false,,https://vn.trip.com/travel-guide/attraction/quy-nhon-dong/ky-co-beach-55894440/,https://ak-d.tripcdn.com/images/ww0e1e000001f7x22B718.jpg,trip.com,exact,,https://www.google.com/maps/search/?api=1&query=13.850140%2C109.291810,product:4fda83a1-f35c-5ba2-a282-c92565aae7ea
Nhà Thờ Chánh Tòa Qui Nhơn,13.775515,109.234994,Vui chơi,Quy Nhơn,"mở cửa 04:00–21:00 · Nhà Thờ Chánh Tòa Qui Nhơn. Địa chỉ: 122 Trần Hưng Đạo, Quy Nhơn, Gia Lai, Việt Nam. Giờ mở cửa: 04:00–21:00",1,,false,,https://vn.trip.com/travel-guide/attraction/quy-nhon/quy-nhon-cathedral-142866318/,https://ak-d.tripcdn.com/images/0HJ5712000in4z0hqE17B.jpg,trip.com,exact,,https://www.google.com/maps/search/?api=1&query=13.775515%2C109.234994,product:679d01d6-5e7e-59ae-abed-636ff0027b14
Quảng trường Nguyễn Tất Thành,13.762136,109.222072,Vui chơi,Quy Nhơn,"mở cửa Mở cửa cả ngày · Quảng trường Nguyễn Tất Thành. Địa chỉ: An Dương Vương, Quy Nhơn, Gia Lai, Việt Nam. Giờ mở cửa: Mở cửa cả ngày",1,,false,,https://vn.trip.com/travel-guide/attraction/quy-nhon/quy-nhon-square-141431182/,https://ak-d.tripcdn.com/images/0HJ2h12000ihja7pl8CFB.jpg,trip.com,exact,,https://www.google.com/maps/search/?api=1&query=13.762136%2C109.222072,product:c721c804-66c5-5ed1-a5b5-d4edb62b2433
Tháp Bánh Ít,13.868424,109.135219,Vui chơi,Quy Nhơn,"mở cửa 07:00–18:00 · Tháp Bánh Ít. Loại hình: Thắng cảnh lịch sử. Địa chỉ: Tuy Phước Bắc, Gia Lai, Việt Nam. Giờ mở cửa: 07:00–18:00. Thời gian tham quan đề xuất: 1–2 tiếng đồng hồ",1,,false,,https://vn.trip.com/travel-guide/attraction/tuy-phuoc-bac/banh-it-cham-temple-142610439/,https://ak-d.tripcdn.com/images/0HJ6r12000h0e3oho7D77.jpg,trip.com,exact,,https://www.google.com/maps/search/?api=1&query=13.868424%2C109.135219,product:2dc3d205-5ac4-5363-831a-ec9cf1ad408f
Tháp Đôi Quy Nhơn,13.786171,109.211038,Vui chơi,Quy Nhơn,"mở cửa 07:30–11:30, 14:30–16:30 · Tháp Đôi Quy Nhơn. Địa chỉ: Q6P6+FC7, Quy Nhơn, Gia Lai, Việt Nam. Giờ mở cửa: 07:30–11:30, 14:30–16:30",1,,false,,https://vn.trip.com/travel-guide/attraction/quy-nhon/thp-i-quy-nhn-137201319/,https://ak-d.tripcdn.com/images/0HJ3412000gx3que21A9D.jpg,trip.com,exact,,https://www.google.com/maps/search/?api=1&query=13.786171%2C109.211038,product:608908bf-fea1-5c47-8b31-84f159046c84
Tiểu chủng viện Làng Sông,13.82055,109.199092,Vui chơi,Quy Nhơn,"mở cửa 07:00–11:30, 14:00–17:30 · Tiểu chủng viện Làng Sông. Địa chỉ: R5CX+6J8, Tuy Phước, Gia Lai, Việt Nam. Giờ mở cửa: 07:00–11:30, 14:00–17:30",1,,false,,https://vn.trip.com/travel-guide/attraction/tuy-phuoc/lang-song-minor-seminary-149943260/,https://ak-d.tripcdn.com/images/fd/tg/g1/M06/FC/24/CghzflW7H_iATdynAAA-FlXAIeA738.jpg,trip.com,exact,,https://www.google.com/maps/search/?api=1&query=13.820550%2C109.199092,product:f306c3f3-880d-50c5-b9b6-bd3a70364d43
TMS Quy Nhơn - Lee Xinh,13.770065,109.232887,Vui chơi,Quy Nhơn,"mở cửa 04:00–12:00 · TMS Quy Nhơn - Lee Xinh. Địa chỉ: 28 Nguyễn Huệ, Quy Nhơn, Gia Lai 55127, Việt Nam. Giờ mở cửa: 04:00–12:00",1,,false,,https://vn.trip.com/travel-guide/attraction/quy-nhon/dieu-tri-market-141833025/,https://ak-d.tripcdn.com/images/0HJ5712000gxf93su48B6.jpg,trip.com,exact,,https://www.google.com/maps/search/?api=1&query=13.770065%2C109.232887,product:d839c2f4-e593-52a2-883c-fdfc176aa47d
Trung tâm KHÁM PHÁ KHOA HỌC Quy Nhơn - ExploraScience Quy Nhon,13.717669,109.213521,Vui chơi,Quy Nhơn,"mở cửa 08:00–11:30, 14:00–17:30 · Trung tâm KHÁM PHÁ KHOA HỌC Quy Nhơn - ExploraScience Quy Nhon. Địa chỉ: 10 Đại lộ Khoa học, khu vực 2, Quy Nhơn Nam, Gia Lai, Việt Nam. Giờ mở cửa: 08:00–11:30, 14:00–17:30",1,,false,,https://vn.trip.com/travel-guide/attraction/quy-nhon-nam/explorascience-quy-nhon-142753243/,https://ak-d.tripcdn.com/images/0HJ6u12000i02vj8pF58D.jpg,trip.com,exact,,https://www.google.com/maps/search/?api=1&query=13.717669%2C109.213521,product:0b14d5ab-eea4-531b-97e6-2e9ff9ff4abf
Tượng đài Quang Trung,13.777137,109.226193,Vui chơi,Quy Nhơn,"mở cửa Mở cửa cả ngày · Tượng đài Quang Trung. Địa chỉ: 329 Lê Hồng Phong, Quy Nhơn, Gia Lai, Việt Nam. Giờ mở cửa: Mở cửa cả ngày",1,,false,,https://vn.trip.com/travel-guide/attraction/quy-nhon/quang-trung-statue-137410395/,https://ak-d.tripcdn.com/images/0HJ2012000i278fd0F1AA.jpg,trip.com,exact,,https://www.google.com/maps/search/?api=1&query=13.777137%2C109.226193,product:066fa8b6-8872-554f-a278-a26795ec63fc
Cát Cát,22.330142,103.832495,Vui chơi,Sa Pa,"mở cửa 06:00–18:00 · Cát Cát. Địa chỉ: San Sả Hồ, Tả Van, Lào Cai, Việt Nam. Giờ mở cửa: 06:00–18:00. Thời gian tham quan đề xuất: 0.5–1 ngày",1,,false,,https://vn.trip.com/travel-guide/attraction/ta-van/cat-cat-village-18700028/,https://ak-d.tripcdn.com/images/0100912000nyazcxf0533.jpg,trip.com,exact,,https://www.google.com/maps/search/?api=1&query=22.330142%2C103.832495,product:06fd3b9f-cd5b-5c63-a445-03d9d61853dd
Công Viên Sapa,22.335926,103.842361,Vui chơi,Sa Pa,"mở cửa Mở cửa cả ngày · Công Viên Sapa. Địa chỉ: Đ. Thạch Sơn, Sa Pa, Lào Cai, Việt Nam. Giờ mở cửa: Mở cửa cả ngày",1,,false,,https://vn.trip.com/travel-guide/attraction/sapa/sapa-park-143791597/,https://ak-d.tripcdn.com/images/0HJ7012000j6yef3o434B.jpg,trip.com,exact,,https://www.google.com/maps/search/?api=1&query=22.335926%2C103.842361,product:f8dbf282-dde4-5ffd-8530-1cba3d83e930
Đỉnh Đèo Ô Quy Hồ,22.352752,103.765305,Vui chơi,Sa Pa,"mở cửa Mở cửa cả ngày · Đỉnh Đèo Ô Quy Hồ. Loại hình: Leo núi. Địa chỉ: QL4D, Bình Lư, Lai Châu, Việt Nam. Giờ mở cửa: Mở cửa cả ngày. Thời gian tham quan đề xuất: 4–5 tiếng đồng hồ",1,,false,,https://vn.trip.com/travel-guide/attraction/binh-lu/o-quy-ho-pass-viewpoint-142495556/,https://ak-d.tripcdn.com/images/0HJ0212000i3hyu0w060C.jpg,trip.com,exact,,https://www.google.com/maps/search/?api=1&query=22.352752%2C103.765305,product:8a561f74-eba8-522e-86bc-dbe7ae07fcce
Đỉnh Phan Xi Păng,22.303449,103.775145,Vui chơi,Sa Pa,"mở cửa Vui lòng liên hệ với điểm tham quan để xác nhận giờ mở cửa cụ thể · Đỉnh Phan Xi Păng. Địa chỉ: Bản Bo, Lai Châu, Việt Nam. Giờ mở cửa: Vui lòng liên hệ với điểm tham quan để xác nhận giờ mở cửa cụ thể",1,,false,,https://vn.trip.com/travel-guide/attraction/ban-bo/the-roof-of-indochina-136999368/,https://ak-d.tripcdn.com/images/0HJ0a12000ivgf0y6BEFD.jpg,trip.com,exact,,https://www.google.com/maps/search/?api=1&query=22.303449%2C103.775145,product:f0c0e550-ee20-5932-8257-385886f56676
Khu Du Lịch Cầu Kính Rồng Mây,22.372378,103.757505,Vui chơi,Sa Pa,"từ 485.000₫ · mở cửa 07:00–18:00 · Đây là một cây cầu kính tuyệt đẹp, đứng ở đây bạn sẽ có cảm giác như đang lơ lửng giữa bầu trời, tầm nhìn vô cùng rộng mở, có thể chiêm ngưỡng vẻ đẹp ngoạn mục của núi non, rừng cây và hồ nước.",1,485000,true,,https://vn.trip.com/travel-guide/attraction/binh-lu/rong-may-glass-bridge-137342638/,https://ak-d.tripcdn.com/images/1lo1812000dcjtql0BC18.jpg,trip.com,exact,,https://www.google.com/maps/search/?api=1&query=22.372378%2C103.757505,product:2cad975f-f781-5375-8da5-b9c34c92c23c
Khu Du Lịch Sinh Thái Hàm Rồng SaPa,22.334574,103.847771,Vui chơi,Sa Pa,"mở cửa 06:30–17:30 · Khu Du Lịch Sinh Thái Hàm Rồng SaPa. Loại hình: Phong cảnh thiên nhiên, Leo núi. Địa chỉ: Đường Lên, Sa Pa, Lào Cai, Việt Nam. Giờ mở cửa: 06:30–17:30. Thời gian tham quan đề xuất: 1–2 tiếng đồng hồ",1,,false,,https://vn.trip.com/travel-guide/attraction/sapa/ham-rong-sa-pa-eco-tourism-area-58313038/,https://ak-d.tripcdn.com/images/0HJ3a12000h0bvu1o3EAE.jpg,trip.com,exact,,https://www.google.com/maps/search/?api=1&query=22.334574%2C103.847771,product:ecddb309-c0ca-5936-9eb7-f0f8e0e53ab9
Mật Pet Farm - Sapa,22.3316,103.841336,Vui chơi,Sa Pa,"từ 120.000₫ · mở cửa 08:00–18:00 · Nông trại thú cưng Mật tọa lạc tại số 58 đường Tử La Lan, phường Mai Kiều, trung tâm thị xã Sa Pa, tỉnh Lào Cai, Việt Nam. Nông trại tập trung vào trải nghiệm gần gũi với các loài thú cưng đáng yêu nh",1,120000,true,,https://vn.trip.com/travel-guide/attraction/sapa/mat-pet-farm-sapa-153116675/,https://ak-d.tripcdn.com/images/0100312000te71kf9B49F.jpg,trip.com,exact,,https://www.google.com/maps/search/?api=1&query=22.331600%2C103.841336,product:50c18c3c-4ddc-5f01-9c99-a550907e62c7
Moana Sapa,22.327359,103.845959,Vui chơi,Sa Pa,"từ 90.000₫ · mở cửa 07:00–19:00 · Moana Sapa cách trung tâm thành phố Sapa của Việt Nam chỉ 500 mét, là một điểm du lịch nổi tiếng với cảnh quan hùng vĩ và các điểm tham quan độc đáo. Nơi đây rất được lòng những người đam mê nhiếp ảnh",1,90000,true,,https://vn.trip.com/travel-guide/attraction/sapa/moana-sapa-136744848/,https://ak-d.tripcdn.com/images/0104c12000ri6stnaB04F.jpg,trip.com,exact,,https://www.google.com/maps/search/?api=1&query=22.327359%2C103.845959,product:257a248d-1018-5d70-92f0-3d5e3135f0a4
Nhà Thờ Đá Sapa,22.335088,103.842365,Vui chơi,Sa Pa,"mở cửa 06:00–21:00 · Nhà Thờ Đá Sapa. Địa chỉ: P. Hàm Rồng, Sa Pa, Lào Cai 333100, Việt Nam. Giờ mở cửa: 06:00–21:00. Thời gian tham quan đề xuất: 1–2 tiếng đồng hồ",1,,false,,https://vn.trip.com/travel-guide/attraction/sapa/sa-pa-stone-church-56044398/,https://ak-d.tripcdn.com/images/0HJ3l12000hbb1s188CBF.jpg,trip.com,exact,,https://www.google.com/maps/search/?api=1&query=22.335088%2C103.842365,product:677a9a29-1f5f-5780-8cdf-cdb3f4da36d8
Phan Xi Păng,22.303333,103.775,Vui chơi,Sa Pa,"từ 850.000₫ · mở cửa Mở cửa quanh năm, 24/7 · Ngọn núi này là một trong những đỉnh núi cao nhất Việt Nam, có nhiều lựa chọn đường leo núi, bạn có thể chọn đi cáp treo hoặc leo bộ. Đỉnh núi quanh năm mây mù bao phủ, phong cảnh tuyệt đẹp, là điểm đ",1,850000,true,,https://vn.trip.com/travel-guide/attraction/ban-bo/fansipan-58276063/,https://ak-d.tripcdn.com/images/0HJ4012000h0c62raE780.jpg,trip.com,exact,,https://www.google.com/maps/search/?api=1&query=22.303333%2C103.775000,product:d4a7bd87-1217-5073-b802-8a95e2451760
Quảng Trường Hồ Sa Pa,22.336959,103.844297,Vui chơi,Sa Pa,"mở cửa Vui lòng liên hệ với điểm tham quan để xác nhận giờ mở cửa cụ thể · Quảng Trường Hồ Sa Pa. Địa chỉ: Xuân Viên, Sa Pa, Lào Cai 33000, Việt Nam. Giờ mở cửa: Vui lòng liên hệ với điểm tham quan để xác nhận giờ mở cửa cụ thể",1,,false,,https://vn.trip.com/travel-guide/attraction/sapa/qung-trng-h-sa-pa-136764441/,https://ak-d.tripcdn.com/images/0HJ4n12000gn8pnfs43CF.jpg,trip.com,exact,,https://www.google.com/maps/search/?api=1&query=22.336959%2C103.844297,product:6851a16e-bb6e-5d6d-83f8-aa0e335d1e17
Sa Pa,22.34047,103.856409,Vui chơi,Sa Pa,"mở cửa Mở cửa cả ngày · Sa Pa. Loại hình: Cảnh đêm. Địa chỉ: Sa Pa, Lào Cai, Việt Nam. Giờ mở cửa: Mở cửa cả ngày. Thời gian tham quan đề xuất: 1–2 ngày",1,,false,,https://vn.trip.com/travel-guide/attraction/sapa/sa-pa-78970/,https://ak-d.tripcdn.com/images/100d1f000001gosngBE2E.jpg,trip.com,exact,,https://www.google.com/maps/search/?api=1&query=22.340470%2C103.856409,product:b500aa1b-08c6-5325-9ba2-2bbe6a15989f
Sun World Fansipan Legend,22.336938,103.824188,Vui chơi,Sa Pa,từ 824.500₫ · mở cửa 07:30–16:00(Có sẵn vé đến 14:00) · • Đi cáp treo chinh phục đỉnh núi cao nhất Việt Nam. • Chiêm ngưỡng cảnh quan thiên nhiên nguyên sơ nhất của Sapa. • Ngắm nhìn quần thể kiến trúc tráng lệ từ đỉnh núi.  ▴Đi cáp treo lên đỉnh cao nhất ,1,824500,true,,https://vn.trip.com/travel-guide/attraction/sapa/sun-world-fansipan-legend-130369464/,https://ak-d.tripcdn.com/images/0104i120009istbfv50E1.jpg,trip.com,exact,,https://www.google.com/maps/search/?api=1&query=22.336938%2C103.824188,product:4405bb80-d890-5e60-8467-e5de1480090a
Suối Vàng Thác Tình Yêu,22.347026,103.772215,Vui chơi,Sa Pa,"mở cửa 09:00–17:00 · Suối Vàng Thác Tình Yêu. Địa chỉ: 8QWC+RV8, Sơn Bình, Tam Đường, Lai Châu, Việt Nam. Giờ mở cửa: 09:00–17:00",1,,false,,https://vn.trip.com/travel-guide/attraction/binh-lu/love-waterfall-144297100/,https://ak-d.tripcdn.com/images/1me0b12000pxb8imh9C4D.jpg,trip.com,exact,,https://www.google.com/maps/search/?api=1&query=22.347026%2C103.772215,product:631c160b-8bdd-5dea-b7d3-b86ae3b1939b
Thác Bạc SaPa,22.361887,103.777723,Vui chơi,Sa Pa,"mở cửa 09:00–17:00 · Thác Bạc SaPa. Loại hình: Phong cảnh thiên nhiên. Địa chỉ: Sa Pa, Lào Cai, Việt Nam. Giờ mở cửa: 09:00–17:00",1,,false,,https://vn.trip.com/travel-guide/attraction/sapa/thac-bac-waterfall-58307078/,https://ak-d.tripcdn.com/images/0ww6m12000cdluvhxE051.jpg,trip.com,exact,,https://www.google.com/maps/search/?api=1&query=22.361887%2C103.777723,product:30439c37-09f0-50fa-a5c0-720d87787e87
Thung lũng Mường Hoa,22.314183,103.876511,Vui chơi,Sa Pa,"mở cửa Mở cửa cả ngày · Thung lũng Mường Hoa nằm ở Sa Pa, Việt Nam, nơi đây có phong cảnh tuyệt đẹp và thơ mộng. Ngoài việc chiêm ngưỡng những ruộng bậc thang xinh đẹp, du khách còn có thể tham gia các chuyến đi ngắn ngày.",1,,false,,https://vn.trip.com/travel-guide/attraction/sapa/muong-hoa-valley-58296835/,https://ak-d.tripcdn.com/images/ww031e000001ex1qlB3FB.png,trip.com,exact,,https://www.google.com/maps/search/?api=1&query=22.314183%2C103.876511,product:e952f763-d7d9-5083-adef-c48c1f0d1dc1
Xe Trượt Núi Alpine Coaster,22.322438,103.866563,Vui chơi,Sa Pa,"mở cửa 09:00–18:00 (Thời gian nhận khách kết thúc vào 17:00) · Tham gia trải nghiệm xe trượt núi Alpine Coaster, được ngắm nhìn thung lũng Mường Hoa thơ mộng, tận hưởng cung đường uốn lượn với vòng xoáy 3 tầng, được chụp hình xịn xò với điểm chụp ảnh tự động, đượ",1,,false,,https://vn.trip.com/travel-guide/attraction/sapa/alpine-coaster-sapa-145057408/,https://ak-d.tripcdn.com/images/1lo6j12000dmbqzmz1708.jpg,trip.com,exact,,https://www.google.com/maps/search/?api=1&query=22.322438%2C103.866563,product:e7e5b139-5fad-53fd-a2f8-39d66ce5d824
À Ố Show - Lune Production,10.776374,106.703349,Vui chơi,TP. Hồ Chí Minh,từ 800.000₫ · mở cửa 17:00–22:00 · AO Show là một chương trình biểu diễn nổi tiếng tại Việt Nam. Buổi biểu diễn là sự kết hợp hoàn hảo giữa âm nhạc truyền thống Việt Nam và các yếu tố đặc trưng của Việt Nam. Bạn có thể thưởng thức và t,1,800000,true,,https://vn.trip.com/travel-guide/attraction/ho-chi-minh-city/a-o-show-lune-production-134049310/,https://ak-d.tripcdn.com/images/0101h120009l5ic8g0DA8.png,trip.com,exact,,https://www.google.com/maps/search/?api=1&query=10.776374%2C106.703349,product:dead0b0b-9f11-5a46-8d3a-01c8b12e8d33
Bảo tàng Chứng tích Chiến tranh,10.779511,106.692092,Vui chơi,TP. Hồ Chí Minh,từ 50.000₫ · mở cửa 07:30–17:30 · Bảo tàng Chứng tích chiến tranh là một trong năm bảo tàng nổi bật tại Việt Nam. Bảo tàng Chứng tích chiến tranh là nơi kêu gọi hòa bình thế giới. Bảo tàng không chỉ là nơi giáo dục lòng yêu nước tại V,1,50000,true,,https://vn.trip.com/travel-guide/attraction/ho-chi-minh-city/war-remnants-museum-78926/,https://ak-d.tripcdn.com/images/0HJ4z12000h002zkm4BE0.jpg,trip.com,exact,,https://www.google.com/maps/search/?api=1&query=10.779511%2C106.692092,product:a5148266-ccb5-5603-b24a-71f85df3aad4
Bưu điện trung tâm Sài Gòn,10.779913,106.699902,Vui chơi,TP. Hồ Chí Minh,"mở cửa 07:00–19:00 · Bưu điện Trung tâm tại TP. Hồ Chí Minh là một bưu cục thời thuộc địa Pháp được xây dựng vào thế kỷ 19. Không gian bên ngoài của Bưu điện trông giống một nhà ga tàu công phu. Nhìn vào đâu, mọi thứ đều ",1,,false,,https://vn.trip.com/travel-guide/attraction/ho-chi-minh-city/saigon-central-post-office-10558858/,https://ak-d.tripcdn.com/images/100i0500000011nfyC5DA.jpg,trip.com,exact,,https://www.google.com/maps/search/?api=1&query=10.779913%2C106.699902,product:57e0d120-c3f6-5ff5-8dba-4f2087c8e976
Chợ Bến Thành,10.772517,106.698021,Vui chơi,TP. Hồ Chí Minh,"mở cửa 09:00–00:00 · Chợ Bến Thành. Loại hình: Cảnh đêm. Địa chỉ: Bến Thành, Hồ Chí Minh, Việt Nam. Giờ mở cửa: 09:00–00:00. Thời gian tham quan đề xuất: 1–3 tiếng đồng hồ",1,,false,,https://vn.trip.com/travel-guide/attraction/ho-chi-minh-city/ben-thanh-market-102883/,https://ak-d.tripcdn.com/images/0106612000f0jlb4b16C7.jpg,trip.com,exact,,https://www.google.com/maps/search/?api=1&query=10.772517%2C106.698021,product:c33a44e3-8cca-540e-ae13-fdbd32334270
City Sightseeing Bus Saigon,10.776629,106.702763,Vui chơi,TP. Hồ Chí Minh,"từ 141.756₫ · mở cửa 09:00–21:00 · City Sightseeing được thành lập năm 1999 tại Seville, Tây Ban Nha và tour này vẫn là xương sống của hoạt động toàn cầu của chúng tôi. Bắt đầu với chỉ bốn tour vào năm 2000 và ban đầu là liên doanh giữ",1,141756,true,,https://vn.trip.com/travel-guide/attraction/ho-chi-minh-city/city-sightseeing-bus-saigon-152155409/,https://ak-d.tripcdn.com/images/1lo4u12000m5t066f30F1.png,trip.com,exact,,https://www.google.com/maps/search/?api=1&query=10.776629%2C106.702763,product:a0c78d34-c424-5824-8e90-36e3571ba0ff
Công viên Grand Park,10.839941,106.84728,"Vui chơi, Combo",TP. Hồ Chí Minh,5 vé/combo · từ 100.000₫ · vd. [Công Viên Grand Park] Công Viên Games Khu Vườn Mộng Mơ; [Công Viên Grand Park] Combo Công Viên Nước + Games Khu Vườn Mộng Mơ; [Công Viên Grand Park] Công Viên Nước Hòn Đảo Nhiệt Đới + Set đồ ăn nhanh,5,100000,true,,https://booking.vinpearl.com/vi-VND/tour/copy-cong-vien-grand-park-cong-vien-games-khu-vuon-mong-mo-vw02810,https://booking-static.vinpearl.com/tours/13632741dcfa484f8eb737f50a1d5699_vinwonders-grand-park_1729835893_vinwonders-nam-hoi-an-ve-vao-cua.jpg,osm,venue,,https://www.google.com/maps/search/?api=1&query=10.839941%2C106.847280,"venue:cong vien grand park@10.83994,106.84728"
Dinh Độc Lập,10.776994,106.695302,Vui chơi,TP. Hồ Chí Minh,"từ 50.000₫ · mở cửa 07:00–18:00 · Dinh Độc Lập từng là văn phòng của Thống đốc Pháp tại Việt Nam. Hiện nay, đây là địa điểm tổ chức các cuộc họp chính phủ và tiếp đón nguyên thủ quốc gia. Nơi đây cũng là di tích lịch sử mở cửa cho khá",1,50000,true,,https://vn.trip.com/travel-guide/attraction/ho-chi-minh-city/independence-palace-78927/,https://ak-d.tripcdn.com/images/1A0312000000ryks2A8D8.jpg,trip.com,exact,,https://www.google.com/maps/search/?api=1&query=10.776994%2C106.695302,product:b6867a2d-0a39-5292-9ca4-55f5b8cb4634
Du thuyền Saigon Princess,10.767529,106.708013,Vui chơi,TP. Hồ Chí Minh,"từ 950.000₫ · mở cửa 18:00–21:30 · Chiêm ngưỡng các địa điểm nổi bật của thành phố khi du thuyền xuôi dòng sông; từ boong tàu, bạn có thể ngắm nhìn cầu Thủ Thiêm và tòa nhà Vietnam Telecom. Thưởng thức đa dạng món ăn địa phương và quốc",1,950000,true,,https://vn.trip.com/travel-guide/attraction/ho-chi-minh-city/saigon-river-princess-cruise-143159394/,https://ak-d.tripcdn.com/images/1lo3r12000coxyam862AA.jpg,trip.com,exact,,https://www.google.com/maps/search/?api=1&query=10.767529%2C106.708013,product:ce3c1b5d-d14d-5034-b841-95182b79224e
Landmark 81 Sky View Observatory,10.795112,106.722096,Vui chơi,TP. Hồ Chí Minh,"từ 406.924₫ · mở cửa 10:00–22:00 (Thời gian nhận khách kết thúc vào 20:00) · Landmark 81 Sky View Observatory tọa lạc tại TP. Hồ Chí Minh, Việt Nam, là điểm đến lý tưởng để ngắm toàn cảnh thành phố. Tòa nhà chọc trời hiện đại này với chiều cao ấn tượng và kiến trúc độc đáo đã ",1,406924,true,,https://vn.trip.com/travel-guide/attraction/ho-chi-minh-city/landmark-81-sky-view-observatory-129757510/,https://ak-d.tripcdn.com/images/0100o12000mdmlmbn8B8B.jpg,trip.com,exact,,https://www.google.com/maps/search/?api=1&query=10.795112%2C106.722096,product:5beb1cd0-04a0-5690-9e91-235760ffea7b
Nhà Hát Múa Rối Nước Rồng Vàng,10.77626,106.692537,Vui chơi,TP. Hồ Chí Minh,"từ 314.000₫ · mở cửa 18:00–19:15 · Múa rối nước là ""tinh hoa quốc túy"" của Việt Nam và một trong những loại hình sân khấu dân gian truyền thống đặc sắc của đất nước này. Nghệ thuật này có lịch sử hơn 800 năm. Mặc dù ""múa rối nước"" bắt ",1,314000,true,,https://vn.trip.com/travel-guide/attraction/ho-chi-minh-city/golden-dragon-water-puppet-theater-94786/,https://ak-d.tripcdn.com/images/1lo3b12000pw6bacnD203.jpg,trip.com,exact,,https://www.google.com/maps/search/?api=1&query=10.776260%2C106.692537,product:df0e68c8-d049-56f1-9fed-8fba8bfb05bb
Nhà hát Thành phố Hồ Chí Minh,10.776613,106.703172,Vui chơi,TP. Hồ Chí Minh,"từ 800.000₫ · mở cửa 18:00–19:00 · Nhà hát Thành phố TP. Hồ Chí Minh, còn được gọi là Nhà hát Sài Gòn, là một tòa nhà theo phong cách Gothic châu Âu. Bức tường không gian bên ngoài của Nhà hát có nhiều phù điêu và hoa văn, tất cả đều đ",1,800000,true,,https://vn.trip.com/travel-guide/attraction/ho-chi-minh-city/saigon-opera-house-10758900/,https://ak-d.tripcdn.com/images/0101l12000krrnbg11837.jpg,trip.com,exact,,https://www.google.com/maps/search/?api=1&query=10.776613%2C106.703172,product:68b2698b-3fb7-5b33-aa2c-627d86a4c7d8
Nhà Thờ Giáo Xứ Tân Định,10.788336,106.690679,Vui chơi,TP. Hồ Chí Minh,"mở cửa 07:00–12:00, 14:00–17:00, 20:00–21:00 · Nhà Thờ Giáo Xứ Tân Định. Loại hình: Thắng cảnh lịch sử. Địa chỉ: 289 Hai Bà Trưng, Xuân Hòa, Hồ Chí Minh 700000, Việt Nam. Giờ mở cửa: 07:00–12:00, 14:00–17:00, 20:00–21:00. Thời gian tham quan đề xu",1,,false,,https://vn.trip.com/travel-guide/attraction/ho-chi-minh-city/tan-dinh-church-28575303/,https://ak-d.tripcdn.com/images/100r1f000001gon3mD41A.jpg,trip.com,exact,,https://www.google.com/maps/search/?api=1&query=10.788336%2C106.690679,product:81d1225a-1f16-5584-8def-a50db5954d6d
Phạm Ngũ Lão,10.768443,106.692758,Vui chơi,TP. Hồ Chí Minh,"mở cửa Mở cửa quanh năm, 24/7 · Nhắc đến TP. Hồ Chí Minh, không ai không biết Phạm Ngũ Lão, con phố được đặt tên theo vị anh hùng dân tộc Việt Nam Phạm Ngũ Lão. Phố cổ chỉ là một con đường bình thường, nhưng khu vực mà chúng ta thườ",1,,false,,https://vn.trip.com/travel-guide/attraction/ho-chi-minh-city/pham-ngu-lao-10524194/,https://ak-d.tripcdn.com/images/0HJ0j12000h00rqso61E5.jpg,trip.com,exact,,https://www.google.com/maps/search/?api=1&query=10.768443%2C106.692758,product:cda51ab4-52d4-59fe-b47a-bc322f668f60
Phố Nhật Sài Gòn,10.77937,106.704703,Vui chơi,TP. Hồ Chí Minh,"mở cửa Mở cửa cả ngày · Phố Nhật Sài Gòn. Loại hình: Cảnh đêm. Địa chỉ: 8A Thái Văn Lung, Sài Gòn, Hồ Chí Minh 700000, Việt Nam. Giờ mở cửa: Mở cửa cả ngày. Thời gian tham quan đề xuất: 1–3 tiếng đồng hồ",1,,false,,https://vn.trip.com/travel-guide/attraction/ho-chi-minh-city/saigon-japan-town-136962584/,https://ak-d.tripcdn.com/images/1mh3v424x91ouf7fp4414.jpg,trip.com,exact,,https://www.google.com/maps/search/?api=1&query=10.779370%2C106.704703,product:2245614d-98fb-5542-bd59-e83d7a1c6b16
Saigon Skydeck,10.771567,106.704247,Vui chơi,TP. Hồ Chí Minh,"từ 240.000₫ · mở cửa 09:30–21:30 · Saigon Skydeck là một trong những địa danh nổi tiếng của TP. Hồ Chí Minh, tòa nhà biểu tượng này có độ cao hơn 260 mét và cũng là điểm đến lý tưởng để du khách chiêm ngưỡng khung cảnh thành phố tráng ",1,240000,true,,https://vn.trip.com/travel-guide/attraction/ho-chi-minh-city/saigon-skydeck-142333317/,https://ak-d.tripcdn.com/images/0104j12000mr6gcvq84A6.jpg,trip.com,exact,,https://www.google.com/maps/search/?api=1&query=10.771567%2C106.704247,product:0146e441-fec2-52f5-9ec3-90d8045eb9a4
Sông Sài Gòn,11.142284,106.507932,Vui chơi,TP. Hồ Chí Minh,"mở cửa Mở cửa quanh năm, 24/7 · Sông Sài Gòn là dòng sông mẹ của TP. Hồ Chí Minh, Việt Nam và cũng là một trong những biểu tượng của thành phố. Dòng sông chảy xuyên qua thành phố, hai bên bờ tập trung nhiều công trình kiến trúc tiêu",1,,false,,https://vn.trip.com/travel-guide/attraction/ho-chi-minh-city/saigon-river-10547161/,https://ak-d.tripcdn.com/images/0101j12000sg013ou5A61.jpg,trip.com,exact,,https://www.google.com/maps/search/?api=1&query=11.142284%2C106.507932,product:69ecc1fd-8e50-56b9-bca8-8d1b7a228489
Tòa nhà tài chính Bitexco,10.771984,106.704391,Vui chơi,TP. Hồ Chí Minh,"từ 240.000₫ · mở cửa 09:30–21:30 (Thời gian nhận khách kết thúc vào 20:45) · Tòa nhà Tài chính TP. Hồ Chí Minh còn được mệnh danh là ""mái nhà"" của thành phố. Tòa tháp cao 262 mét với tổng cộng 68 tầng. Đài quan sát nằm trên tầng 49. Tòa nhà tọa lạc tại trung tâm quận Nhất của ",1,240000,true,,https://vn.trip.com/travel-guide/attraction/ho-chi-minh-city/bitexco-financial-tower-20905644/,https://ak-d.tripcdn.com/images/100s1f000001gx73b8673.jpg,trip.com,exact,,https://www.google.com/maps/search/?api=1&query=10.771984%2C106.704391,product:984f4b61-c18e-525e-8771-656d2ae397c9
Vinpearl Golf Léman,10.925302,106.505473,Golf,TP. Hồ Chí Minh,"từ 1.700.000₫ · [Vinpearl Golf LéMan] - Trải nghiệm đẳng cấp, voucher giá tối ưu  TỔ HỢP GOLF GIẢI TRÍ VÀ THI ĐẤU HÀNG ĐẦU VIỆT NAM Tọa lạc tại xã Tân Thông Hội (huyện Củ Chi cũ), TP. Hồ Chí Minh – trung tâm kinh tế ",1,1700000,true,,https://booking.vinpearl.com/vi-VND/tour/vinpearlgolfleman,https://booking-static.vinpearl.com/tours/edccb3fa521143e7ab94e6d0081c6a9c_Screenshot_2_VinpearlGolf.png,manual,venue,,https://www.google.com/maps/search/?api=1&query=10.925302%2C106.505473,"venue:vinpearl golf leman@10.92530,106.50547"
Xe buýt ngắm cảnh TP. Hồ Chí Minh,10.782897,106.690091,Vui chơi,TP. Hồ Chí Minh,"từ 150.000₫ · mở cửa 08:00–21:00 · Xe buýt ngắm cảnh TP. Hồ Chí Minh mang đến một cách tiện lợi và toàn diện để du khách khám phá thành phố sôi động đầy nét quyến rũ lịch sử này. Là một dịch vụ tham quan linh hoạt, xe buýt cho phép du ",1,150000,true,,https://vn.trip.com/travel-guide/attraction/ho-chi-minh-city/ho-chi-minh-city-hop-on-hop-off-bus-36272590/,https://ak-d.tripcdn.com/images/1lo0h12000kz7sifnE639.png,trip.com,exact,,https://www.google.com/maps/search/?api=1&query=10.782897%2C106.690091,product:f435ae17-97a2-549f-bd2e-97b707eaff2b
Biệt thự Hằng Nga,11.934733,108.430881,Vui chơi,Đà Lạt,"mở cửa 08:30–18:00 · Biệt thự Hằng Nga. Địa chỉ: 03 Đ. Huỳnh Thúc Kháng, Phường 4, Đà Lạt, Lâm Đồng 66115, Việt Nam. Giờ mở cửa: 08:30–18:00. Thời gian tham quan đề xuất: 1–3 tiếng đồng hồ",1,,false,,https://vn.trip.com/travel-guide/attraction/dalat/crazy-house-84916/,https://ak-d.tripcdn.com/images/01028120009plbs0wA2D2.jpg,trip.com,exact,,https://www.google.com/maps/search/?api=1&query=11.934733%2C108.430881,product:d1ba38d3-5f72-50d4-a994-aa7fcf2f62c6
Chợ Đêm Đà Lạt,11.941402,108.437291,Vui chơi,Đà Lạt,"mở cửa 18:00–23:00 · Chợ Đêm Đà Lạt. Loại hình: Cảnh đêm. Địa chỉ: Đường Nguyễn Thị Minh Khai, Xuân Hương - Đà Lạt, Lâm Đồng, Việt Nam. Giờ mở cửa: 18:00–23:00. Thời gian tham quan đề xuất: 1–3 tiếng đồng hồ",1,,false,,https://vn.trip.com/travel-guide/attraction/dalat/da-lat-night-market-20905673/,https://ak-d.tripcdn.com/images/0106h120009f3a3y58890.jpg,trip.com,exact,,https://www.google.com/maps/search/?api=1&query=11.941402%2C108.437291,product:db16d558-6213-5896-9269-e2052fd72b20
Chùa Linh Phước,11.944633,108.499322,Vui chơi,Đà Lạt,"mở cửa 07:00–17:00 · Chùa Linh Phước. Loại hình: Thắng cảnh lịch sử. Địa chỉ: WFR5+57X, 120 Tự Phước, Trại Mát, Xuân Trường - Đà Lạt, Lâm Đồng 550000, Việt Nam. Giờ mở cửa: 07:00–17:00. Thời gian tham quan đề xuất: 1–2 ti",1,,false,,https://vn.trip.com/travel-guide/attraction/dalat/linh-phuoc-pagoda-15056967/,https://ak-d.tripcdn.com/images/1A0514000000x27v46601.jpg,trip.com,exact,,https://www.google.com/maps/search/?api=1&query=11.944633%2C108.499322,product:5cd7e107-6918-5699-9bed-5fac00b83a17
Đập tràn Hồ Tuyền Lâm,11.951134,108.49036,Vui chơi,Đà Lạt,"mở cửa Mở cửa cả ngày · Đập tràn Hồ Tuyền Lâm. Địa chỉ: Phường 4, Đà Lạt, Lâm Đồng, Việt Nam. Giờ mở cửa: Mở cửa cả ngày",1,,false,,https://vn.trip.com/travel-guide/attraction/dalat/spillway-of-tuyn-lm-lake-144795404/,https://ak-d.tripcdn.com/images/0HJ6812000h0gh1c18649.jpg,trip.com,exact,,https://www.google.com/maps/search/?api=1&query=11.951134%2C108.490360,product:d4d52e00-9400-5f0d-a220-32548958cc38
Dinh III Bảo Đại,11.929958,108.429638,Vui chơi,Đà Lạt,"mở cửa 07:00–17:30 · Dinh III Bảo Đại. Loại hình: Thắng cảnh lịch sử. Địa chỉ: 1 Đường Triệu Việt Vương, Xuân Hương - Đà Lạt, Lâm Đồng, Việt Nam. Giờ mở cửa: 07:00–17:30. Thời gian tham quan đề xuất: 1–2 tiếng đồng hồ",1,,false,,https://vn.trip.com/travel-guide/attraction/dalat/bao-dai-palace-3-84869/,https://ak-d.tripcdn.com/images/100v0z000000o43g5E5F0.jpg,trip.com,exact,,https://www.google.com/maps/search/?api=1&query=11.929958%2C108.429638,product:aa581861-d3ef-52eb-91ff-6b2d5e41ddb5
Đường Hầm Điêu Khắc,11.883377,108.410989,Vui chơi,Đà Lạt,"từ 245.000₫ · mở cửa 07:00–17:00 · Công viên trưng bày nhiều tác phẩm điêu khắc, bao gồm hàng trăm bức tượng khắc họa hình ảnh khỉ, voi, nhà cổ, nhà thờ, chùa tháp... Các tác phẩm được chế tác tinh xảo từ hỗn hợp đất đỏ, bột đá và xi m",1,245000,true,,https://vn.trip.com/travel-guide/attraction/dalat/sculpture-tunnel-143802368/,https://ak-d.tripcdn.com/images/1lo0l12000hds6l4r3586.png,trip.com,exact,,https://www.google.com/maps/search/?api=1&query=11.883377%2C108.410989,product:597af650-1129-57bf-9e27-bc7a65cf0a97
Hồ Xuân Hương,11.940736,108.44154,Vui chơi,Đà Lạt,"mở cửa Mở cửa cả ngày · Hồ Xuân Hương. Loại hình: Phong cảnh thiên nhiên, Tour đi thuyền, Cảnh đêm. Địa chỉ: Lâm Đồng, Việt Nam. Giờ mở cửa: Mở cửa cả ngày. Thời gian tham quan đề xuất: 1–3 tiếng đồng hồ",1,,false,,https://vn.trip.com/travel-guide/attraction/dalat/xuan-huong-lake-84873/,https://ak-d.tripcdn.com/images/100f1f000001gq9srD569.jpg,trip.com,exact,,https://www.google.com/maps/search/?api=1&query=11.940736%2C108.441540,product:3e5116b8-027d-521a-b90e-80a3b94be195
Khu Du Lịch Cáp Treo Đồi Robin Đà Lạt,11.923215,108.443778,Vui chơi,Đà Lạt,"từ 120.000₫ · mở cửa 07:30–11:45, 13:00–17:00(Có sẵn vé đến 16:45) · Công ty cổ phần du lịch Lâm Đồng – Dalattourist® là công ty du lịch – dịch vụ – lữ hành lâu đời nhất tại Đà Lạt, được thành lập từ năm 1976, Dalattourist® tiên phong cung cấp những dịch vụ du lịch gắn",1,120000,true,,https://vn.trip.com/travel-guide/attraction/dalat/dalat-cable-car-tourist-area-129757349/,https://ak-d.tripcdn.com/images/0HJ0c12000h0f3x7p888E.jpg,trip.com,exact,,https://www.google.com/maps/search/?api=1&query=11.923215%2C108.443778,product:dc47b721-78dd-5420-a319-4b0f1e7ab23f
Khu du lịch Thác Datanla,11.903432,108.4497,Vui chơi,Đà Lạt,"từ 80.000₫ · mở cửa 07:15–16:30 · Khu du lịch Thác Datanla nằm cạnh Quốc lộ 20 theo hướng Thành phố Hồ Chí Minh, với lối vào ở đỉnh núi. Sau khi vào khu thắng cảnh, bạn sẽ đi qua rừng mưa trước tiên, sau đó đi theo con đường dốc xuống",1,80000,true,,https://vn.trip.com/travel-guide/attraction/dalat/datanla-waterfall-84885/,https://ak-d.tripcdn.com/images/1lo2q12000ljmvciwBC88.jpg,trip.com,exact,,https://www.google.com/maps/search/?api=1&query=11.903432%2C108.449700,product:8ef0bd7d-d4ac-526a-9a39-b0ee0b11312f
Làng Cù Lần,12.026012,108.3637,Vui chơi,Đà Lạt,"mở cửa 08:00–17:30 · Nằm ở chân LangBiang Núi, Làng Cù Lần tự hào với cảnh quan tươi tốt của những cánh đồng xanh rộng lớn, hồ nước yên bình và những khu rừng nguyên sinh bao quanh. Khách tham quan có thể tận hưởng khung ",1,,false,,https://vn.trip.com/travel-guide/attraction/dalat/cu-lan-village-58363554/,https://ak-d.tripcdn.com/images/0ww4j12000cpr5qle69D4.jpg,trip.com,exact,,https://www.google.com/maps/search/?api=1&query=12.026012%2C108.363700,product:0552e784-8153-5b42-b507-1af3028cdd0b
Langfarm Center - Nông Trại Cổ Tích,11.944491,108.417419,Vui chơi,Đà Lạt,"mở cửa 07:30–17:30 · Langfarm Center - Nông Trại Cổ Tích. Địa chỉ: 1B Đường Hoàng Văn Thụ, Cam Ly - Đà Lạt, Lâm Đồng 670000, Việt Nam. Giờ mở cửa: 07:30–17:30",1,,false,,https://vn.trip.com/travel-guide/attraction/dalat/langfarm-center-149765040/,https://ak-d.tripcdn.com/images/0HJ4612000t8xkn5y1DC9.jpg,trip.com,exact,,https://www.google.com/maps/search/?api=1&query=11.944491%2C108.417419,product:6af86603-75b8-53dc-b67b-e7b554a6ab3f
Mongo Land - Đà Lạt,11.915731,108.339222,Vui chơi,Đà Lạt,"mở cửa 07:00–17:30 · Mongo Land - Đà Lạt. Loại hình: Leo núi. Địa chỉ: Tổ 16 thôn 1, Tà Nung, Cam Ly - Đà Lạt, Lâm Đồng 670000, Việt Nam. Giờ mở cửa: 07:00–17:30. Thời gian tham quan đề xuất: 0.5–1 ngày",1,,false,,https://vn.trip.com/travel-guide/attraction/dalat/mongo-land-dalat-137596994/,https://ak-d.tripcdn.com/images/0103u12000f6ra2xt42C0.jpg,trip.com,exact,,https://www.google.com/maps/search/?api=1&query=11.915731%2C108.339222,product:1cbfddee-d947-5c28-aabe-1a004b344d8b
Nhà Thờ Chánh Tòa Giáo Phận Đà Lạt,11.93609,108.437711,Vui chơi,Đà Lạt,"mở cửa 05:15–06:15, 17:15–18:15 · Nhà Thờ Chánh Tòa Giáo Phận Đà Lạt. Địa chỉ: 15 Đ. Trần Phú, Xuân Hương - Đà Lạt, Lâm Đồng 670000, Việt Nam. Giờ mở cửa: 05:15–06:15, 17:15–18:15. Thời gian tham quan đề xuất: 0.5–1 tiếng đồng hồ",1,,false,,https://vn.trip.com/travel-guide/attraction/dalat/st-nicholas-cathedral-of-da-lat-23034571/,https://ak-d.tripcdn.com/images/10030z000000nkggo02A6.jpg,trip.com,exact,,https://www.google.com/maps/search/?api=1&query=11.936090%2C108.437711,product:ab4fc93a-b2f2-5f1c-b3ea-7e0ecd037ebe
Nhà thờ Mai Anh,11.949656,108.430241,Vui chơi,Đà Lạt,"mở cửa 07:30–11:30, 13:30–17:30 · Nhà thờ Mai Anh. Địa chỉ: WCXJ+C3Q, 1 Ngô Quyền, Cam Ly - Đà Lạt, Lâm Đồng 670000, Việt Nam. Giờ mở cửa: 07:30–11:30, 13:30–17:30. Thời gian tham quan đề xuất: 0.5–1 tiếng đồng hồ",1,,false,,https://vn.trip.com/travel-guide/attraction/dalat/domaine-de-marie-church-15056981/,https://ak-d.tripcdn.com/images/100n13000000tu72g239E.jpg,trip.com,exact,,https://www.google.com/maps/search/?api=1&query=11.949656%2C108.430241,product:423b1d1c-7de1-50c3-8234-4b9a9171d560
Nông Trại Cún Puppy Farm,11.963107,108.388944,Vui chơi,Đà Lạt,"mở cửa 07:30–17:30 · Nông trại này có diện tích rộng lớn, khuôn viên sạch sẽ và trang thiết bị đầy đủ. Nơi đây nuôi dưỡng rất nhiều loài động vật như chó, lạc đà, ngựa, dê... Ngoài ra, trong trang trại còn có vườn dâu tây",1,,false,,https://vn.trip.com/travel-guide/attraction/dalat/puppy-farm-138726334/,https://ak-d.tripcdn.com/images/1lo4e12000fqo2gmi6E50.png,trip.com,exact,,https://www.google.com/maps/search/?api=1&query=11.963107%2C108.388944,product:5b894e14-10ec-5556-b598-c3de6fbdd11d
Quảng trường Lâm Viên,11.939362,108.445203,Vui chơi,Đà Lạt,"mở cửa Mở cửa cả ngày · Quảng trường Lâm Viên. Địa chỉ: Đ. Trần Quốc Toản, Xuân Hương - Đà Lạt, Lâm Đồng, Việt Nam. Giờ mở cửa: Mở cửa cả ngày. Thời gian tham quan đề xuất: 0.5–1 tiếng đồng hồ",1,,false,,https://vn.trip.com/travel-guide/attraction/dalat/lam-vien-square-144812648/,https://ak-d.tripcdn.com/images/0HJ6j12000gfdqedw99BD.jpg,trip.com,exact,,https://www.google.com/maps/search/?api=1&query=11.939362%2C108.445203,product:b1516744-57b8-5e90-b69c-a702344c551a
Thung lũng Tình Yêu,11.97881,108.448308,Vui chơi,Đà Lạt,"từ 250.000₫ · mở cửa 07:30–17:00 · Trong vùng núi ngoại ô thành phố Đà Lạt, do hai bên vách núi đứng sát nhau như cặp đôi ôm ấp nên được đặt tên là Thung lũng Tình Yêu. Hồ nhỏ giữa các vách núi trong vắt như pha lê, xung quanh là thảo ",1,250000,true,,https://vn.trip.com/travel-guide/attraction/dalat/valley-of-love-84872/,https://ak-d.tripcdn.com/images/100n0n000000e25akD1C3.jpg,trip.com,exact,,https://www.google.com/maps/search/?api=1&query=11.978810%2C108.448308,product:df486497-6064-5ca9-a4f0-4754551b7e56
Xe Trượt Thác Datanla New Alpine,11.902966,108.447548,Vui chơi,Đà Lạt,"từ 250.000₫ · mở cửa 07:30–17:00 · • Ngồi tàu lượn siêu tốc núi cao xuyên qua khu rừng rậm rạp Datanla! • Trải nghiệm cảm giác hồi hộp trên tuyến đường tàu lượn dài 2.400 mét dài nhất châu Á! • Đi qua thác nước đẹp của Đà Lạt, thác Dat",1,250000,true,,https://vn.trip.com/travel-guide/attraction/dalat/datanla-new-alpine-coaster-141575316/,https://ak-d.tripcdn.com/images/1lo5f12000f6b9kv6405E.jpg,trip.com,exact,,https://www.google.com/maps/search/?api=1&query=11.902966%2C108.447548,product:a3e8c852-c16c-5851-8408-317b323b753b
Bãi biển Mỹ Khê,16.061694,108.246935,Vui chơi,Đà Nẵng,"mở cửa Mở cửa cả ngày · Bãi biển Mỹ Khê. Loại hình: Bãi biển và bờ biển, Cảnh đêm. Địa chỉ: Đà Nẵng 550000, Việt Nam. Giờ mở cửa: Mở cửa cả ngày. Thời gian tham quan đề xuất: 2–6 tiếng đồng hồ",1,,false,,https://vn.trip.com/travel-guide/attraction/da-nang/my-khe-beach-96728/,https://ak-d.tripcdn.com/images/0101012000jht5fki84BE.jpg,trip.com,exact,,https://www.google.com/maps/search/?api=1&query=16.061694%2C108.246935,product:fead8f95-cf29-5aae-9f33-f7276fe2a9a7
Bán đảo Sơn Trà,16.115984,108.273341,Vui chơi,Đà Nẵng,"mở cửa Mở cửa quanh năm, 24/7 · Bán đảo Sơn Trà. Loại hình: Cảnh đêm. Địa chỉ: Đà Nẵng, Việt Nam. Giờ mở cửa: Mở cửa quanh năm, 24/7. Thời gian tham quan đề xuất: 3–5 tiếng đồng hồ",1,,false,,https://vn.trip.com/travel-guide/attraction/da-nang/nui-son-tra-96725/,https://ak-d.tripcdn.com/images/0101a12000o2ijnblF80E.jpg,trip.com,exact,,https://www.google.com/maps/search/?api=1&query=16.115984%2C108.273341,product:abf5514c-1d8d-5359-8e9e-1cc4b29f4431
Cáp treo Bà Nà,16.025443,108.032069,Vui chơi,Đà Nẵng,"từ 970.000₫ · mở cửa 08:00–22:00 · Để đáp ứng nhu cầu di chuyển của hàng triệu khách tham quan đến Bà Nà, Sun World Ba Na Hills được trang bị 5 tuyến cáp treo, nhiều tuyến trong số đó đã phá kỷ lục thế giới và giành giải thưởng quốc tế",1,970000,true,,https://vn.trip.com/travel-guide/attraction/da-nang/ba-na-cable-car-23029651/,https://ak-d.tripcdn.com/images/1lo6212000b2v8b4r979D.jpg,trip.com,exact,,https://www.google.com/maps/search/?api=1&query=16.025443%2C108.032069,product:8dbfb7cd-01dd-5cd1-946b-63fe70e9694a
Cầu Rồng,16.061104,108.227693,Vui chơi,Đà Nẵng,"mở cửa Mở cửa quanh năm, 24/7 · Cầu Rồng Đà Nẵng bắc qua sông Hàn. Cây cầu hình rồng lớn nhất thế giới này tráng lệ và đã trở thành một trong những cảnh quan biểu tượng của Đà Nẵng. Đặc biệt vào ban đêm, thân cầu đổi màu sắc dưới án",1,,false,,https://vn.trip.com/travel-guide/attraction/da-nang/dragon-bridge-23033832/,https://ak-d.tripcdn.com/images/100g0x000000lewjwFF5F.jpg,trip.com,exact,,https://www.google.com/maps/search/?api=1&query=16.061104%2C108.227693,product:9d74b864-a1db-5dff-8fd7-29dbeb819f8c
Cầu Vàng,15.994938,107.996563,Vui chơi,Đà Nẵng,"mở cửa 08:00–19:00 · • Với chiều dài gần 150m, cây cầu vươn lên giữa núi non ở độ cao hơn 1.000 mét, như thể hai bàn tay Phật khổng lồ đang nâng đỡ cây cầu bắc ngang qua các đỉnh núi. • Kết nối trạm cáp treo đỉnh núi với ",1,,false,,https://vn.trip.com/travel-guide/attraction/da-nang/golden-bridge-56812949/,https://ak-d.tripcdn.com/images/100o1c000001d9jff4D63.jpg,trip.com,exact,,https://www.google.com/maps/search/?api=1&query=15.994938%2C107.996563,product:38c4c3a4-c541-5905-93bc-ac06a3b5ab2b
Charming Danang Show,16.026719,108.220952,Vui chơi,Đà Nẵng,"từ 400.770₫ · mở cửa 17:00–18:30 · Charming Danang Show là một chương trình biểu diễn ca múa dân tộc quy mô lớn mang đậm phong cách Việt Nam, giúp bạn trải nghiệm nét văn hóa dân tộc Việt qua những giai điệu tuyệt vời và tiếng hát du d",1,400770,true,,https://vn.trip.com/travel-guide/attraction/da-nang/charming-danang-show-55706178/,https://ak-d.tripcdn.com/images/100q0u000000jimhi7627.jpg,trip.com,exact,,https://www.google.com/maps/search/?api=1&query=16.026719%2C108.220952,product:c8462ee6-2be1-5dec-bf2e-bd9624cf162f
Công Viên Nước Mikazuki 365,16.092181,108.144158,Vui chơi,Đà Nẵng,"từ 300.000₫ · mở cửa 09:00–19:00 · Công Viên Nước Mikazuki 365 tại Đà Nẵng là một khu nghỉ dưỡng sôi động và tràn đầy niềm vui tọa lạc tại thành phố biển xinh đẹp Đà Nẵng, mang đến cho khách tham quan nhiều hoạt động dưới nước và tiện ",1,300000,true,,https://vn.trip.com/travel-guide/attraction/da-nang/mikazuki-water-park-365-134057595/,https://ak-d.tripcdn.com/images/1lo1212000mdoxm23DDF1.jpg,trip.com,exact,,https://www.google.com/maps/search/?api=1&query=16.092181%2C108.144158,product:92ea0cf6-f528-51cc-95a6-ef8e87a25a47
Hot Springs Park - Công viên Suối khoáng nóng Núi Thần Tài Đà Nẵng,15.967851,108.019805,Vui chơi,Đà Nẵng,"từ 383.815₫ · mở cửa 08:30–17:30 · Suối nước nóng Nulluntai tại núi Shencai bắt nguồn từ dãy núi Ba Na. Các suối nước nóng địa nhiệt tự nhiên của núi Shencai dưới chân núi Ba Na bao gồm tắm bùn, suối nước nóng, bể bơi ngoài trời lớn, c",1,383815,true,,https://vn.trip.com/travel-guide/attraction/da-nang/nui-than-tai-hot-springs-park-36218985/,https://ak-d.tripcdn.com/images/350a170000011v08tABFB.jpg,trip.com,exact,,https://www.google.com/maps/search/?api=1&query=15.967851%2C108.019805,product:8681a6af-8d1a-5b8c-9c70-7e5110caea67
Núi Bà Nà,15.995136,107.996139,Vui chơi,Đà Nẵng,"từ 970.000₫ · mở cửa 08:00–22:00 · Ba Na Hills tọa lạc dưới chân dãy núi Ba Na ở ngoại thành Đà Nẵng, Việt Nam, là một trong những cửa ngõ quan trọng dẫn đến khu nghỉ dưỡng Ba Na Hills. Khu vực này nổi tiếng với khu nghỉ dưỡng mang pho",1,970000,true,,https://vn.trip.com/travel-guide/attraction/da-nang/ba-na-hills-142420045/,https://ak-d.tripcdn.com/images/0100i12000rbxor4d284E.jpg,trip.com,exact,,https://www.google.com/maps/search/?api=1&query=15.995136%2C107.996139,product:783d32fa-0d7b-56e8-81a0-831f73d9728f
Sun World Bà Nà Hills,16.026563,108.032813,Vui chơi,Đà Nẵng,"từ 970.000₫ · mở cửa 08:00–22:00 · • Khu nghỉ mát mùa hè nổi tiếng của Việt Nam, được mệnh danh là ""Thiên đường nơi hạ giới"" • Đi cáp treo lên Núi Bà Nà và thưởng ngoạn cảnh đẹp tuyệt vời trên đường đi • Bước vào Làng Pháp, thưởng thức",1,970000,true,,https://vn.trip.com/travel-guide/attraction/da-nang/sun-world-ba-na-hills-10523367/,https://ak-d.tripcdn.com/images/0105w120009lobq759331.jpg,trip.com,exact,,https://www.google.com/maps/search/?api=1&query=16.026563%2C108.032813,product:83bedc1a-2aed-5464-b0c3-8d89091ff43c
